snr_db,algorithm,implementation,nmse,relative_l2_error,support_recall,support_precision,exact_support_recovery,runtime_sec,iterations,support_size,final_residual_norm,false_positive_count,false_negative_count,solver_time_sec,screening_pool_size_avg,solver_fallback_count,duplicate_candidate_hits,max_support_condition,rescue_attempted,rescue_accepted,used_tail_refinement,used_gain_reranking,used_forward_backward,used_two_phase_tail,used_cholesky_solver,correlation_time_sec,selection_time_sec,solve_time_sec,residual_update_time_sec,support_refinement_time_sec,peak_working_set_bytes,residual_bytes,x_hat_bytes,support_mask_bytes,solver_gram_bytes,solver_rhs_bytes,support_history_bytes,residual_history_bytes,support_size_history_bytes,candidate_size_history_bytes,group_size_history_bytes,support_condition_history_bytes,extra_array_bytes
5.0,Improved-gOMP,baseline,0.3354759232218906,0.5657065686752621,0.3908333333333333,0.6707037037037037,0.0,0.0011879442664697612,3.23,9.636666666666667,2.2628824687889257,3.3833333333333333,9.746666666666666,7.774353371739078e-05,20.051555555555556,0.0,0.0,1.6974589230964705,0.0,0.0,1.0,1.0,1.0,1.0,0.0,1.889378298074007e-05,0.0008895940071670338,8.198274066671729e-05,2.3087232693796978e-05,3.0478768167085946e-06,3124.24,768.0,2048.0,0.0,0.0,0.0,171.04,33.84,25.84,25.84,25.84,25.84,0.0
5.0,Improved-gOMP,optimized,0.29289140757360843,0.5262908678718093,0.41291666666666665,0.7610925925925927,0.0,0.0006151961668607934,2.9566666666666666,8.87,2.239255521198545,2.263333333333333,9.393333333333333,7.273954625513094e-05,0.0,0.0,0.0,1.6408146996106863,0.0,0.0,0.0,0.0,1.0,0.0,1.0,1.479956956851917e-05,0.0003319658368127421,0.00014854243616961563,2.469791332259774e-05,2.064286139405643e-06,3684.346666666667,768.0,2048.0,0.0,663.12,70.96,70.96,31.653333333333332,23.653333333333332,0.0,0.0,8.0,0.0
5.0,OMP,baseline,0.41992905910919653,0.6335597285729668,0.510625,0.510625,0.0,0.0011621139631218587,16.0,16.0,1.598907590570252,7.83,7.83,0.00045120726485038177,1.0,0.0,0.0,2.0409539152369733,0.0,0.0,0.0,0.0,0.0,0.0,0.0,7.765354869964843e-05,0.0001266567799029872,0.00045120726485038177,0.00011602712251866857,0.0,4168.0,768.0,2048.0,0.0,0.0,0.0,1088.0,136.0,0.0,0.0,0.0,128.0,0.0
5.0,OMP,optimized,0.4199290590014414,0.633559728491413,0.510625,0.510625,0.0,0.0006411142637565111,16.0,16.0,1.598907590570252,7.83,7.83,0.00024967054744289875,1.0,0.0,0.0,2.0409539152369733,0.0,0.0,0.0,0.0,0.0,0.0,0.0,6.67429757110464e-05,2.7135514586310212e-05,0.00024967054744289875,8.549504423475203e-05,0.0001264228972043687,3472.0,768.0,0.0,256.0,2048.0,128.0,128.0,136.0,0.0,0.0,0.0,8.0,0.0
5.0,RMP,baseline,0.3183953822514194,0.5564284190858045,0.525625,0.525625,0.0,0.0011173724266700447,16.0,16.0,1.7687837976480774,7.59,7.59,0.0004336109742871486,1.0,0.0,0.0,2.059643242260664,0.0,0.0,0.0,0.0,0.0,0.0,0.0,5.8013057132484394e-05,4.119693490792997e-05,0.00042686526978892895,0.0001759232826589141,0.0,4304.0,768.0,2048.0,256.0,0.0,0.0,1088.0,136.0,0.0,0.0,0.0,8.0,0.0
5.0,RMP,optimized,0.3183953822426837,0.5564284190800431,0.525625,0.525625,0.0,0.0005891421799121114,16.0,16.0,1.7687837977651055,7.59,7.59,0.00013366424032331756,1.0,0.0,0.0,2.059643242260664,0.0,0.0,0.0,0.0,0.0,0.0,0.0,5.315467244751441e-05,3.210879605224667e-05,0.00013366424032331756,0.0001548452497809194,0.00012341863242909312,3472.0,768.0,0.0,256.0,2048.0,128.0,128.0,136.0,0.0,0.0,0.0,8.0,0.0
5.0,gOMP,baseline,0.35147326668876755,0.5812650183867152,0.5229166666666667,0.5229166666666667,0.0,0.0005451172302127816,6.0,16.0,1.6723167553868428,7.633333333333334,7.633333333333334,0.00020798688963016805,3.0,0.0,0.0,2.0910424107494734,0.0,0.0,0.0,0.0,0.0,0.0,0.0,3.0328304274007677e-05,8.117294365850587e-05,0.00020798688963016805,4.643644987178656e-05,0.0,3664.0,768.0,2048.0,256.0,0.0,0.0,488.0,56.0,0.0,0.0,0.0,48.0,0.0
5.0,gOMP,optimized,0.35147326662148887,0.5812650183313938,0.5229166666666667,0.5229166666666667,0.0,0.0002760904833849054,6.0,16.0,1.6723167553868428,7.633333333333334,7.633333333333334,9.823396375092368e-05,3.0,0.0,0.0,2.0910424107494734,0.0,0.0,0.0,0.0,0.0,0.0,0.0,2.681554872348594e-05,5.769819986502019e-05,9.823396375092368e-05,3.326590342718797e-05,0.0,1216.0,768.0,0.0,256.0,0.0,0.0,128.0,56.0,0.0,0.0,0.0,8.0,0.0
10.0,Improved-gOMP,baseline,0.10060304730951841,0.3053403091781608,0.6083333333333333,0.7651843110593111,0.0,0.0018852751596811384,4.37,12.87,1.2806298389018154,3.1366666666666667,6.266666666666667,0.00014237586695041196,19.650174603174605,0.0,0.0,1.931732955075605,0.4166666666666667,0.4166666666666667,1.0,1.0,1.0,1.0,0.0,2.574421523604542e-05,0.0013450285005577219,0.00012807757297802406,3.2578856674566245e-05,8.866642630891874e-05,3285.52,768.0,2048.0,0.0,0.0,0.0,286.72,42.96,34.96,34.96,34.96,34.96,0.0
10.0,Improved-gOMP,optimized,0.0844361314415906,0.280209141866746,0.628125,0.8501372053872054,0.0,0.0009091792735368169,4.006666666666667,11.97,1.2690370778584696,1.92,5.95,0.0001039859301818069,0.0,0.0,0.0,1.863859581782587,0.22333333333333333,0.22333333333333333,0.0,0.0,1.0,0.0,1.0,2.0286493624250093e-05,0.0004859253464868137,0.00020648911047222403,3.3222150911266605e-05,3.6494609764001024e-05,4274.586666666667,768.0,2048.0,0.0,1186.96,95.76,95.76,40.053333333333335,32.053333333333335,0.0,0.0,8.0,0.0
10.0,OMP,baseline,0.09906647159062348,0.3040691649899468,0.7035416666666666,0.7035416666666666,0.0,0.001190370866873612,16.0,16.0,1.0085593629773817,4.743333333333333,4.743333333333333,0.0004617605421420497,1.0,0.0,0.0,2.039232422543741,0.0,0.0,0.0,0.0,0.0,0.0,0.0,8.06803679248939e-05,0.00012968071280435348,0.0004617605421420497,0.00011991623420423517,0.0,4168.0,768.0,2048.0,0.0,0.0,0.0,1088.0,136.0,0.0,0.0,0.0,128.0,0.0
10.0,OMP,optimized,0.09906647156753945,0.30406916495429287,0.7035416666666666,0.7035416666666666,0.0,0.0006349822628544644,16.0,16.0,1.0085593629773817,4.743333333333333,4.743333333333333,0.00024838044574911083,1.0,0.0,0.0,2.039232422543741,0.0,0.0,0.0,0.0,0.0,0.0,0.0,6.512644104077481e-05,2.5939379702322186e-05,0.00024838044574911083,8.523874605695406e-05,0.00012577190612015935,3472.0,768.0,0.0,256.0,2048.0,128.0,128.0,136.0,0.0,0.0,0.0,8.0,0.0
10.0,RMP,baseline,0.11135792928680656,0.3270550464919881,0.686875,0.686875,0.0,0.0011113818801823073,16.0,16.0,1.230191712714505,5.01,5.01,0.0004351045933435671,1.0,0.0,0.0,2.086072260725046,0.0,0.0,0.0,0.0,0.0,0.0,0.0,5.775543996909012e-05,4.07741274102591e-05,0.0004283472654545524,0.00017329903916106558,0.0,4304.0,768.0,2048.0,256.0,0.0,0.0,1088.0,136.0,0.0,0.0,0.0,8.0,0.0
10.0,RMP,optimized,0.11135792931746212,0.32705504654143064,0.686875,0.686875,0.0,0.00059601032694142,16.0,16.0,1.2301917128753517,5.01,5.01,0.00013600434802356177,1.0,0.0,0.0,2.086072260725046,0.0,0.0,0.0,0.0,0.0,0.0,0.0,5.312056125452121e-05,3.297114012336048e-05,0.00013600434802356177,0.00015425860493754347,0.0001267682877369225,3472.0,768.0,0.0,256.0,2048.0,128.0,128.0,136.0,0.0,0.0,0.0,8.0,0.0
10.0,gOMP,baseline,0.09081713951052048,0.2919422180059972,0.6995833333333333,0.6995833333333333,0.0,0.0005598915700587289,6.0,16.0,1.0526140804256898,4.806666666666667,4.806666666666667,0.0002124559768223359,3.0,0.0,0.0,2.10827818334517,0.0,0.0,0.0,0.0,0.0,0.0,0.0,3.0488349875668063e-05,8.423782205985239e-05,0.0002124559768223359,4.870318327448331e-05,0.0,3664.0,768.0,2048.0,256.0,0.0,0.0,488.0,56.0,0.0,0.0,0.0,48.0,0.0
10.0,gOMP,optimized,0.09081713949671569,0.29194221798388414,0.6995833333333333,0.6995833333333333,0.0,0.00027304149999205646,6.0,16.0,1.0526140804256898,4.806666666666667,4.806666666666667,9.752062338520773e-05,3.0,0.0,0.0,2.10827818334517,0.0,0.0,0.0,0.0,0.0,0.0,0.0,2.6177233036529893e-05,5.693785424227826e-05,9.752062338520773e-05,3.23097434011288e-05,0.0,1216.0,768.0,0.0,256.0,0.0,0.0,128.0,56.0,0.0,0.0,0.0,8.0,0.0
15.0,Improved-gOMP,baseline,0.02441452941679996,0.15018708744534132,0.7447916666666666,0.8488586182336183,0.0,0.0022648447297979146,5.213333333333333,14.11,0.6929722989662097,2.1933333333333334,4.083333333333333,0.00017613611416891217,18.255412698412698,0.0,0.0,2.0330651259111905,0.5466666666666666,0.5466666666666666,1.0,1.0,1.0,1.0,0.0,2.8852782221899058e-05,0.0016018675906525458,0.00015660774588468484,3.743000231528034e-05,0.00013310436756000854,3405.36,768.0,2048.0,0.0,0.0,0.0,372.82666666666665,49.70666666666666,41.70666666666666,41.70666666666666,41.70666666666666,41.70666666666666,0.0
15.0,Improved-gOMP,optimized,0.021437870941956132,0.14144794945682035,0.7520833333333333,0.9145177738927739,0.0033333333333333335,0.001088671266770689,4.95,13.22,0.6898075113419145,1.1866666666666668,3.966666666666667,0.00012718153879783737,0.0,0.0,0.0,1.9470604170925117,0.30333333333333334,0.30333333333333334,0.0,0.0,1.0,0.0,1.0,2.5731776792478436e-05,0.0005807894034175358,0.0002360654965256496,4.130978418591743e-05,5.873051937669516e-05,4547.786666666667,768.0,2048.0,0.0,1425.0666666666666,105.76,105.76,47.6,39.6,0.0,0.0,8.0,0.0
15.0,OMP,baseline,0.02276260413379793,0.14621100270830148,0.813125,0.813125,0.04,0.0011408137268639014,16.0,16.0,0.5737527726506146,2.99,2.99,0.00044746144209057093,1.0,0.0,0.0,2.056719053002743,0.0,0.0,0.0,0.0,0.0,0.0,0.0,7.769949089076059e-05,0.00012458531535230577,0.00044746144209057093,0.00011285164558406298,0.0,4168.0,768.0,2048.0,0.0,0.0,0.0,1088.0,136.0,0.0,0.0,0.0,128.0,0.0
15.0,OMP,optimized,0.022762604127824906,0.14621100268879603,0.813125,0.813125,0.04,0.0006225651463804146,16.0,16.0,0.5737527726506148,2.99,2.99,0.00024291246867505834,1.0,0.0,0.0,2.056719053002743,0.0,0.0,0.0,0.0,0.0,0.0,0.0,6.305295440445964e-05,2.6142774586332962e-05,0.00024291246867505834,8.264304250284719e-05,0.00012555030809987026,3472.0,768.0,0.0,256.0,2048.0,128.0,128.0,136.0,0.0,0.0,0.0,8.0,0.0
15.0,RMP,baseline,0.05318032907774862,0.22728351837859284,0.768125,0.768125,0.006666666666666667,0.001119978793382567,16.0,16.0,0.8633313326373268,3.71,3.71,0.00044160996224187936,1.0,0.0,0.0,2.1471607666031147,0.0,0.0,0.0,0.0,0.0,0.0,0.0,5.76564181149782e-05,4.208031207478295e-05,0.0004353921175061259,0.00017619427570025436,0.0,4304.0,768.0,2048.0,256.0,0.0,0.0,1088.0,136.0,0.0,0.0,0.0,8.0,0.0
15.0,RMP,optimized,0.05318032911589799,0.22728351846402334,0.768125,0.768125,0.006666666666666667,0.0005912506328119586,16.0,16.0,0.8633313328498258,3.71,3.71,0.00013369502921705133,1.0,0.0,0.0,2.1471607666031147,0.0,0.0,0.0,0.0,0.0,0.0,0.0,5.373911941812063e-05,3.3304570970358326e-05,0.00013369502921705133,0.00015383872785605491,0.00012376897653060344,3472.0,768.0,0.0,256.0,2048.0,128.0,128.0,136.0,0.0,0.0,0.0,8.0,0.0
15.0,gOMP,baseline,0.022707818038938447,0.1462110912409099,0.796875,0.796875,0.013333333333333334,0.000528451490245061,6.0,16.0,0.6047636838481977,3.25,3.25,0.0002018367373966612,3.0,0.0,0.0,2.1381405831146,0.0,0.0,0.0,0.0,0.0,0.0,0.0,2.975938026793301e-05,7.8195000338989e-05,0.0002018367373966612,4.4282604455171775e-05,0.0,3664.0,768.0,2048.0,256.0,0.0,0.0,488.0,56.0,0.0,0.0,0.0,48.0,0.0
15.0,gOMP,optimized,0.0227078180360585,0.14621109123136508,0.796875,0.796875,0.013333333333333334,0.0002636285129604706,6.0,16.0,0.6047636838481977,3.25,3.25,9.360054556357985e-05,3.0,0.0,0.0,2.1381405831146,0.0,0.0,0.0,0.0,0.0,0.0,0.0,2.521242340056536e-05,5.562916082756904e-05,9.360054556357985e-05,3.042634270968847e-05,0.0,1216.0,768.0,0.0,256.0,0.0,0.0,128.0,56.0,0.0,0.0,0.0,8.0,0.0
20.0,Improved-gOMP,baseline,0.007058620205584535,0.07833137343192226,0.8408333333333333,0.8795709013209013,0.016666666666666666,0.0027745970236719587,5.79,15.333333333333334,0.3940627155646712,1.88,2.546666666666667,0.00022622770581316823,17.791555555555554,0.0,0.0,2.0979307589218594,0.8533333333333334,0.8533333333333334,1.0,1.0,1.0,1.0,0.0,3.3562256624766937e-05,0.0019165110233977127,0.00019060197970247828,4.383454458244766e-05,0.00021385268812688688,3495.4666666666667,768.0,2048.0,0.0,0.0,0.0,439.8666666666667,54.32,46.32,46.32,46.32,46.32,0.0
20.0,Improved-gOMP,optimized,0.005028854791611788,0.06793550412768472,0.8575,0.9352482517482518,0.06333333333333334,0.0014173250162275509,5.63,14.713333333333333,0.3768348603146964,0.9933333333333333,2.28,0.00022130313586482469,0.0,0.0,0.0,2.020187982955419,0.6766666666666666,0.6766666666666666,0.0,0.0,1.0,0.0,1.0,2.9210077724807584e-05,0.0006931645205865304,0.00034472931021203596,4.65000094845891e-05,0.0001259324339722904,4910.1866666666665,768.0,2048.0,0.0,1752.6933333333334,117.70666666666666,117.70666666666666,53.04,45.04,0.0,0.0,8.0,0.0
20.0,OMP,baseline,0.004751872586335058,0.0665798245022384,0.8954166666666666,0.8954166666666666,0.13,0.0011905382098727083,16.0,16.0,0.3393703543808214,1.6733333333333333,1.6733333333333333,0.0004688885778887197,1.0,0.0,0.0,2.058019027704353,0.0,0.0,0.0,0.0,0.0,0.0,0.0,7.738034900588294e-05,0.00013112947849246363,0.0004688885778887197,0.00011626346623719049,0.0,4168.0,768.0,2048.0,0.0,0.0,0.0,1088.0,136.0,0.0,0.0,0.0,128.0,0.0
20.0,OMP,optimized,0.00475187258468705,0.06657982449055322,0.8954166666666666,0.8954166666666666,0.13,0.000666350346194425,16.0,16.0,0.3393703543808214,1.6733333333333333,1.6733333333333333,0.00025600083366346854,1.0,0.0,0.0,2.058019027704353,0.0,0.0,0.0,0.0,0.0,0.0,0.0,6.697302349493839e-05,2.9009356949245558e-05,0.00025600083366346854,8.931424822852326e-05,0.00013546913910734778,3472.0,768.0,0.0,256.0,2048.0,128.0,128.0,136.0,0.0,0.0,0.0,8.0,0.0
20.0,RMP,baseline,0.036648441659524,0.18913987704122667,0.8129166666666666,0.8129166666666666,0.01,0.0012003111131101225,16.0,16.0,0.7208913301240985,2.993333333333333,2.993333333333333,0.0004712589503712176,1.0,0.0,0.0,2.173635703827344,0.0,0.0,0.0,0.0,0.0,0.0,0.0,6.050535938508498e-05,4.6103966548495614e-05,0.00046432499516716537,0.00018843341429601425,0.0,4304.0,768.0,2048.0,256.0,0.0,0.0,1088.0,136.0,0.0,0.0,0.0,8.0,0.0
20.0,RMP,optimized,0.03664844169817805,0.18913987714421313,0.8129166666666666,0.8129166666666666,0.01,0.0006346673664423481,16.0,16.0,0.7208913303905743,2.993333333333333,2.993333333333333,0.0001459541111156189,1.0,0.0,0.0,2.173635703827344,0.0,0.0,0.0,0.0,0.0,0.0,0.0,5.535157222766429e-05,3.518400466418825e-05,0.0001459541111156189,0.00016416928468970582,0.0001337561285860526,3472.0,768.0,0.0,256.0,2048.0,128.0,128.0,136.0,0.0,0.0,0.0,8.0,0.0
20.0,gOMP,baseline,0.005670529950886211,0.07232219827206465,0.871875,0.871875,0.04,0.0005739805998746305,6.0,16.0,0.36158584416594075,2.05,2.05,0.00022038490288347627,3.0,0.0,0.0,2.140833668263297,0.0,0.0,0.0,0.0,0.0,0.0,0.0,3.0221513249368096e-05,8.664478169521316e-05,0.00022038490288347627,4.7340476012323055e-05,0.0,3664.0,768.0,2048.0,256.0,0.0,0.0,488.0,56.0,0.0,0.0,0.0,48.0,0.0
20.0,gOMP,optimized,0.005670529950335629,0.07232219826749872,0.871875,0.871875,0.04,0.0002808708004401221,6.0,16.0,0.36158584416594075,2.05,2.05,0.00010071482024310778,3.0,0.0,0.0,2.140833668263297,0.0,0.0,0.0,0.0,0.0,0.0,0.0,2.6890306714146087e-05,5.855094282499825e-05,0.00010071482024310778,3.405221311065058e-05,0.0,1216.0,768.0,0.0,256.0,0.0,0.0,128.0,56.0,0.0,0.0,0.0,8.0,0.0
25.0,Improved-gOMP,baseline,0.0038535218400764354,0.050456227981467844,0.8889583333333333,0.8977852564102564,0.07,0.0030693292437354103,6.006666666666667,15.85,0.24531972205968278,1.6266666666666667,1.7766666666666666,0.00025079968016749867,17.71865079365079,0.0,0.0,2.136779955699445,0.99,0.99,1.0,1.0,1.0,1.0,0.0,3.5626120758630953e-05,0.0021073568337790977,0.0002045446028447865,4.6985576482256874e-05,0.00026552993256094245,3530.56,768.0,2048.0,0.0,0.0,0.0,466.29333333333335,56.053333333333335,48.053333333333335,48.053333333333335,48.053333333333335,48.053333333333335,0.0
25.0,Improved-gOMP,optimized,0.0014210309246751158,0.035044651012134075,0.9214583333333334,0.9462713675213675,0.22,0.001525070896653536,5.946666666666666,15.593333333333334,0.21131061023340098,0.85,1.2566666666666666,0.00018136213082470932,0.0,0.0,0.0,2.07232054184084,0.9333333333333333,0.9333333333333333,0.0,0.0,1.0,0.0,1.0,3.071291396433177e-05,0.0007555392116773874,0.0003076985665635827,5.1812027328802895e-05,0.0001839418083545752,5127.786666666667,768.0,2048.0,0.0,1951.1466666666668,124.74666666666667,124.74666666666667,55.57333333333333,47.57333333333333,0.0,0.0,8.0,0.0
25.0,OMP,baseline,0.0012085056593242746,0.03278759842484536,0.9410416666666667,0.9410416666666667,0.36666666666666664,0.0012396802205087928,16.0,16.0,0.19649729356602022,0.9433333333333334,0.9433333333333334,0.0004823980272825186,1.0,0.0,0.0,2.0550716883778084,0.0,0.0,0.0,0.0,0.0,0.0,0.0,8.187778924669449e-05,0.00013319984335491124,0.0004823980272825186,0.0001228420100718116,0.0,4168.0,768.0,2048.0,0.0,0.0,0.0,1088.0,136.0,0.0,0.0,0.0,128.0,0.0
25.0,OMP,optimized,0.0012085056592702234,0.03278759842441538,0.9410416666666667,0.9410416666666667,0.36666666666666664,0.0006829339540369499,16.0,16.0,0.19649729356602022,0.9433333333333334,0.9433333333333334,0.00026817171892616897,1.0,0.0,0.0,2.0550716883778084,0.0,0.0,0.0,0.0,0.0,0.0,0.0,6.714236709134032e-05,2.8259585136159633e-05,0.00026817171892616897,9.231826959876343e-05,0.00013590590315288865,3472.0,768.0,0.0,256.0,2048.0,128.0,128.0,136.0,0.0,0.0,0.0,8.0,0.0
25.0,RMP,baseline,0.03202739371211677,0.17760439600712594,0.8283333333333334,0.8283333333333334,0.016666666666666666,0.0012071411567740142,16.0,16.0,0.6634457220900012,2.7466666666666666,2.7466666666666666,0.00047378392686368896,1.0,0.0,0.0,2.181027569549446,0.0,0.0,0.0,0.0,0.0,0.0,0.0,6.0125961705731846e-05,4.4729245758693044e-05,0.00046692694071680306,0.0001873911991909457,0.0,4304.0,768.0,2048.0,256.0,0.0,0.0,1088.0,136.0,0.0,0.0,0.0,8.0,0.0
25.0,RMP,optimized,0.03202739375022368,0.1776043961151423,0.8283333333333334,0.8283333333333334,0.016666666666666666,0.0006299402472116829,16.0,16.0,0.6634457223935211,2.7466666666666666,2.7466666666666666,0.00014580992074722114,1.0,0.0,0.0,2.181027569549446,0.0,0.0,0.0,0.0,0.0,0.0,0.0,5.3966391909246644e-05,3.599116777574333e-05,0.00014580992074722114,0.00016132442358260352,0.00013517713698092847,3472.0,768.0,0.0,256.0,2048.0,128.0,128.0,136.0,0.0,0.0,0.0,8.0,0.0
25.0,gOMP,baseline,0.0022165958269324848,0.04188386312502778,0.908125,0.908125,0.13,0.0005910981603665278,6.0,16.0,0.22215150129670191,1.47,1.47,0.00022489609774008082,3.0,0.0,0.0,2.1389410241599407,0.0,0.0,0.0,0.0,0.0,0.0,0.0,3.203600033884868e-05,8.872716716723517e-05,0.00022489609774008082,4.965064072166569e-05,0.0,3664.0,768.0,2048.0,256.0,0.0,0.0,488.0,56.0,0.0,0.0,0.0,48.0,0.0
25.0,gOMP,optimized,0.0022165958274270705,0.04188386312977206,0.908125,0.908125,0.13,0.0002924161299597472,6.0,16.0,0.22215150129670191,1.47,1.47,0.00010402067865167434,3.0,0.0,0.0,2.1389410241599407,0.0,0.0,0.0,0.0,0.0,0.0,0.0,2.628764336501869e-05,6.221929341942693e-05,0.00010402067865167434,3.56056570308283e-05,0.0,1216.0,768.0,0.0,256.0,0.0,0.0,128.0,56.0,0.0,0.0,0.0,8.0,0.0
30.0,Improved-gOMP,baseline,0.003245077520958966,0.04219384410865033,0.9075,0.9121388888888888,0.18,0.002946327060344629,6.076666666666667,15.923333333333334,0.17395638987046327,1.4033333333333333,1.48,0.00023454663164253968,17.664539682539683,0.0,0.0,2.1421568189784366,0.9966666666666667,0.9966666666666667,1.0,1.0,1.0,1.0,0.0,3.508827838231809e-05,0.0020204278126281375,0.00019276590668596328,4.5417962343587227e-05,0.0002581822283294362,3542.0266666666666,768.0,2048.0,0.0,0.0,0.0,474.96,56.61333333333334,48.61333333333334,48.61333333333334,48.61333333333334,48.61333333333334,0.0
30.0,Improved-gOMP,optimized,0.0007876838318961475,0.02155808084722691,0.95125,0.9622916666666667,0.39666666666666667,0.0014653763860405888,6.073333333333333,15.82,0.1249137493639766,0.6,0.78,0.0001706900766293984,0.0,0.0,0.0,2.0876996365780247,0.9833333333333333,0.9833333333333333,0.0,0.0,1.0,0.0,1.0,3.0743190630649524e-05,0.0007195416532340459,0.0002897533494979143,4.8217176081379874e-05,0.00019297134548348064,5186.453333333333,768.0,2048.0,0.0,2004.16,126.56,126.56,56.586666666666666,48.586666666666666,0.0,0.0,8.0,0.0
30.0,OMP,baseline,0.00034708035747861164,0.016741295279979473,0.9720833333333333,0.9720833333333333,0.6266666666666667,0.0011677293600223493,16.0,16.0,0.1120924166646744,0.44666666666666666,0.44666666666666666,0.0004542388331416684,1.0,0.0,0.0,2.0610369926426766,0.0,0.0,0.0,0.0,0.0,0.0,0.0,7.583672117713529e-05,0.00012813999099307695,0.0004542388331416684,0.00011448291382597139,0.0,4168.0,768.0,2048.0,0.0,0.0,0.0,1088.0,136.0,0.0,0.0,0.0,128.0,0.0
30.0,OMP,optimized,0.0003470803574494911,0.016741295279414228,0.9720833333333333,0.9720833333333333,0.6266666666666667,0.0006487599407652548,16.0,16.0,0.1120924166646744,0.44666666666666666,0.44666666666666666,0.00025116976903518664,1.0,0.0,0.0,2.0610369926426766,0.0,0.0,0.0,0.0,0.0,0.0,0.0,6.467006659174028e-05,2.8228219355999803e-05,0.00025116976903518664,8.74515826581046e-05,0.0001290607644962923,3472.0,768.0,0.0,256.0,2048.0,128.0,128.0,136.0,0.0,0.0,0.0,8.0,0.0
30.0,RMP,baseline,0.030001634359407673,0.1718453020406246,0.8483333333333334,0.8483333333333334,0.03333333333333333,0.0011407616898456278,16.0,16.0,0.6299058101999333,2.4266666666666667,2.4266666666666667,0.00044925654661104395,1.0,0.0,0.0,2.180591471972022,0.0,0.0,0.0,0.0,0.0,0.0,0.0,5.69827123642123e-05,4.4496244421073546e-05,0.00044261335982203795,0.0001747159968848185,0.0,4304.0,768.0,2048.0,256.0,0.0,0.0,1088.0,136.0,0.0,0.0,0.0,8.0,0.0
30.0,RMP,optimized,0.030001634396126697,0.1718453021482302,0.8483333333333334,0.8483333333333334,0.03333333333333333,0.0006049048034280229,16.0,16.0,0.6299058105056703,2.4266666666666667,2.4266666666666667,0.0001380767859033464,1.0,0.0,0.0,2.180591471972022,0.0,0.0,0.0,0.0,0.0,0.0,0.0,5.2560303010977805e-05,3.550232048534478e-05,0.0001380767859033464,0.0001587245469757666,0.0001257802895755352,3472.0,768.0,0.0,256.0,2048.0,128.0,128.0,136.0,0.0,0.0,0.0,8.0,0.0
30.0,gOMP,baseline,0.0014816613930330185,0.029867011304166004,0.9291666666666667,0.9291666666666667,0.20666666666666667,0.0005639523435092997,6.0,16.0,0.14291815310964823,1.1333333333333333,1.1333333333333333,0.00021754625093308276,3.0,0.0,0.0,2.1564790874395277,0.0,0.0,0.0,0.0,0.0,0.0,0.0,3.026135052399089e-05,8.440047968178987e-05,0.00021754625093308276,4.609646751002098e-05,0.0,3664.0,768.0,2048.0,256.0,0.0,0.0,488.0,56.0,0.0,0.0,0.0,48.0,0.0
30.0,gOMP,optimized,0.0014816613932252343,0.02986701130544354,0.9291666666666667,0.9291666666666667,0.20666666666666667,0.00027839070365492566,6.0,16.0,0.14291815310964823,1.1333333333333333,1.1333333333333333,9.828911832300946e-05,3.0,0.0,0.0,2.1564790874395277,0.0,0.0,0.0,0.0,0.0,0.0,0.0,2.6098483795067294e-05,5.905023145411785e-05,9.828911832300946e-05,3.343114901023607e-05,0.0,1216.0,768.0,0.0,256.0,0.0,0.0,128.0,56.0,0.0,0.0,0.0,8.0,0.0
40.0,Improved-gOMP,baseline,0.0021237086436095465,0.02888770049083864,0.9197916666666667,0.92125,0.19,0.0031876648063674413,6.1033333333333335,15.976666666666667,0.10177095558493623,1.26,1.2833333333333334,0.0002569328683603089,17.769873015873014,0.0,0.0,2.1560146700975458,1.0,1.0,1.0,1.0,1.0,1.0,0.0,3.63743094203528e-05,0.0021835499463486487,0.00021039546763252777,4.674193012760952e-05,0.0002841756571918571,3545.9466666666667,768.0,2048.0,0.0,0.0,0.0,477.81333333333333,56.82666666666667,48.82666666666667,48.82666666666667,48.82666666666667,48.82666666666667,0.0
40.0,Improved-gOMP,optimized,0.0007916509795535843,0.01268622010045359,0.9639583333333334,0.9672777777777778,0.53,0.0016755625396520676,6.163333333333333,15.946666666666667,0.056792617221267105,0.5233333333333333,0.5766666666666667,0.00018858831099350938,0.0,0.0,0.0,2.1022671138285283,1.0,1.0,0.0,0.0,1.0,0.0,1.0,3.351987063069828e-05,0.0008163873516120172,0.00031998619369308774,5.5026129023948065e-05,0.00023921838049621632,5220.533333333334,768.0,2048.0,0.0,2034.7733333333333,127.57333333333334,127.57333333333334,57.306666666666665,49.306666666666665,0.0,0.0,8.0,0.0
40.0,OMP,baseline,2.3256465517841542e-05,0.004677416110378915,0.99,0.99,0.8433333333333334,0.0012710700837972883,16.0,16.0,0.035991038409713835,0.16,0.16,0.0004978925085742957,1.0,0.0,0.0,2.0686932557647135,0.0,0.0,0.0,0.0,0.0,0.0,0.0,8.172679605195299e-05,0.00013636795711742403,0.0004978925085742957,0.00012637448836661254,0.0,4168.0,768.0,2048.0,0.0,0.0,0.0,1088.0,136.0,0.0,0.0,0.0,128.0,0.0
40.0,OMP,optimized,2.3256465498115835e-05,0.004677416109030459,0.99,0.99,0.8433333333333334,0.0006983145131380297,16.0,16.0,0.035991038409713835,0.16,0.16,0.0002711003580285857,1.0,0.0,0.0,2.0686932557647135,0.0,0.0,0.0,0.0,0.0,0.0,0.0,6.856246075282494e-05,2.83818660924832e-05,0.0002711003580285857,9.310268234306325e-05,0.0001443221784332612,3472.0,768.0,0.0,256.0,2048.0,128.0,128.0,136.0,0.0,0.0,0.0,8.0,0.0
40.0,RMP,baseline,0.02940705945078512,0.16974831296354345,0.839375,0.839375,0.02,0.0012397800795345877,16.0,16.0,0.6274859726449417,2.57,2.57,0.00048821881670543614,1.0,0.0,0.0,2.1939028574601878,0.0,0.0,0.0,0.0,0.0,0.0,0.0,5.8711531601147726e-05,4.669843552013238e-05,0.0004809015349019319,0.00019402391932089814,0.0,4304.0,768.0,2048.0,256.0,0.0,0.0,1088.0,136.0,0.0,0.0,0.0,8.0,0.0
40.0,RMP,optimized,0.02940705948739477,0.16974831307223978,0.839375,0.839375,0.02,0.0006562852831848431,16.0,16.0,0.627485972957336,2.57,2.57,0.0001502324351167772,1.0,0.0,0.0,2.1939028574601878,0.0,0.0,0.0,0.0,0.0,0.0,0.0,5.3563667364263287e-05,3.686565663277482e-05,0.0001502324351167772,0.0001717372585941727,0.00013936600288919483,3472.0,768.0,0.0,256.0,2048.0,128.0,128.0,136.0,0.0,0.0,0.0,8.0,0.0
40.0,gOMP,baseline,0.0015110838252281587,0.0219107011984238,0.9352083333333333,0.9352083333333333,0.27,0.0005923545362990504,6.0,16.0,0.08218407811865132,1.0366666666666666,1.0366666666666666,0.00022784837579820305,3.0,0.0,0.0,2.1534181094465614,0.0,0.0,0.0,0.0,0.0,0.0,0.0,3.2031388642887274e-05,8.936495602635356e-05,0.00022784837579820305,4.760771514459824e-05,0.0,3664.0,768.0,2048.0,256.0,0.0,0.0,488.0,56.0,0.0,0.0,0.0,48.0,0.0
40.0,gOMP,optimized,0.0015110838256092657,0.02191070119990529,0.9352083333333333,0.9352083333333333,0.27,0.00029211881264927796,6.0,16.0,0.08218407811865132,1.0366666666666666,1.0366666666666666,0.00010477360182752212,3.0,0.0,0.0,2.1534181094465614,0.0,0.0,0.0,0.0,0.0,0.0,0.0,2.6659239714111513e-05,6.176377016042049e-05,0.00010477360182752212,3.5994303713475045e-05,0.0,1216.0,768.0,0.0,256.0,0.0,0.0,128.0,56.0,0.0,0.0,0.0,8.0,0.0
clean,Improved-gOMP,baseline,0.002785816239467097,0.03029005660188645,0.915625,0.915625,0.25,0.0030262526472991645,6.153333333333333,16.0,0.09497564914227735,1.35,1.35,0.00024282135995842206,17.63809523809524,0.0,0.0,2.1628682426795773,1.0,1.0,1.0,1.0,1.0,1.0,0.0,3.478598271613009e-05,0.0020712127624816883,0.00019873904374738535,4.509100695334685e-05,0.0002743816409201827,3553.4933333333333,768.0,2048.0,0.0,0.0,0.0,483.36,57.22666666666667,49.22666666666667,49.22666666666667,49.22666666666667,49.22666666666667,0.0
clean,Improved-gOMP,optimized,0.00026133013963580833,0.0067068113763867595,0.9741666666666666,0.9741666666666666,0.63,0.001543698163247124,6.253333333333333,16.0,0.021510261554770517,0.41333333333333333,0.41333333333333333,0.00017363271637198827,0.0,0.0,0.0,2.109118797986212,1.0,1.0,0.0,0.0,1.0,0.0,1.0,3.167619788049099e-05,0.0007442494857726464,0.0002986365671191985,5.127363741242637e-05,0.00022786217959946953,5236.053333333333,768.0,2048.0,0.0,2048.0,128.0,128.0,58.026666666666664,50.026666666666664,0.0,0.0,8.0,0.0
clean,OMP,baseline,2.83807238885729e-30,1.5150200190459107e-15,1.0,1.0,1.0,0.0011606694666746382,16.0,16.0,6.048223811247366e-15,0.0,0.0,0.00045694629530771634,1.0,0.0,0.0,2.0801951986657023,0.0,0.0,0.0,0.0,0.0,0.0,0.0,7.358536361910714e-05,0.00012558530215756036,0.00045694629530771634,0.00011221790676548456,0.0,4168.0,768.0,2048.0,0.0,0.0,0.0,1088.0,136.0,0.0,0.0,0.0,128.0,0.0
clean,OMP,optimized,1.7018225833898908e-20,1.2911720116412517e-10,1.0,1.0,1.0,0.000641566050471738,16.0,16.0,4.2928993042867547e-10,0.0,0.0,0.0002503229565627407,1.0,0.0,0.0,2.0801951986657023,0.0,0.0,0.0,0.0,0.0,0.0,0.0,6.367667393836503e-05,2.7161140606040137e-05,0.0002503229565627407,8.73975061889117e-05,0.00012674392598758762,3472.0,768.0,0.0,256.0,2048.0,128.0,128.0,136.0,0.0,0.0,0.0,8.0,0.0
clean,RMP,baseline,0.029581599384345125,0.1704717399146445,0.8402083333333333,0.8402083333333333,0.03,0.001120570943360993,16.0,16.0,0.6225615957359004,2.5566666666666666,2.5566666666666666,0.00043694012085325083,1.0,0.0,0.0,2.1934122437851915,0.0,0.0,0.0,0.0,0.0,0.0,0.0,5.532892692523698e-05,4.096867691259831e-05,0.000430639022476195,0.00017593222267654103,0.0,4304.0,768.0,2048.0,256.0,0.0,0.0,1088.0,136.0,0.0,0.0,0.0,8.0,0.0
clean,RMP,optimized,0.02958159942154508,0.17047174002445328,0.8402083333333333,0.8402083333333333,0.03,0.0006079414869600441,16.0,16.0,0.622561596049231,2.5566666666666666,2.5566666666666666,0.0001398963278431135,1.0,0.0,0.0,2.1934122437851915,0.0,0.0,0.0,0.0,0.0,0.0,0.0,5.0363446401509764e-05,3.4117978696788975e-05,0.0001398963278431135,0.0001555991795612499,0.00012994756718399004,3472.0,768.0,0.0,256.0,2048.0,128.0,128.0,136.0,0.0,0.0,0.0,8.0,0.0
clean,gOMP,baseline,0.0009030090606298056,0.01845468549529184,0.9364583333333333,0.9364583333333333,0.27,0.000566206136039303,6.0,16.0,0.05920261336318987,1.0166666666666666,1.0166666666666666,0.00021769347964436747,3.0,0.0,0.0,2.154635599940501,0.0,0.0,0.0,0.0,0.0,0.0,0.0,2.9029100648282717e-05,8.575470152815494e-05,0.00021769347964436747,4.8016112996265294e-05,0.0,3664.0,768.0,2048.0,256.0,0.0,0.0,488.0,56.0,0.0,0.0,0.0,48.0,0.0
clean,gOMP,optimized,0.0009030090607413192,0.018454685529895397,0.9364583333333333,0.9364583333333333,0.27,0.0002936100103640153,6.0,16.0,0.05920261347844997,1.0166666666666666,1.0166666666666666,0.00010463711194461212,3.0,0.0,0.0,2.154635599940501,0.0,0.0,0.0,0.0,0.0,0.0,0.0,2.7784979223118475e-05,6.321696991411349e-05,0.00010463711194461212,3.460726637664872e-05,0.0,1216.0,768.0,0.0,256.0,0.0,0.0,128.0,56.0,0.0,0.0,0.0,8.0,0.0
