k,algorithm,implementation,nmse,relative_l2_error,support_recall,support_precision,exact_support_recovery,runtime_sec,iterations,support_size,final_residual_norm,false_positive_count,false_negative_count,solver_time_sec,screening_pool_size_avg,solver_fallback_count,duplicate_candidate_hits,max_support_condition,rescue_attempted,rescue_accepted,used_tail_refinement,used_gain_reranking,used_forward_backward,used_two_phase_tail,used_cholesky_solver,correlation_time_sec,selection_time_sec,solve_time_sec,residual_update_time_sec,support_refinement_time_sec,peak_working_set_bytes,residual_bytes,x_hat_bytes,support_mask_bytes,solver_gram_bytes,solver_rhs_bytes,support_history_bytes,residual_history_bytes,support_size_history_bytes,candidate_size_history_bytes,group_size_history_bytes,support_condition_history_bytes,extra_array_bytes
4,Improved-gOMP,baseline,0.009259491401539234,0.030179482811436214,0.9333333333333333,0.9388888888888889,0.7666666666666667,0.0006382182667948655,2.0,3.966666666666667,0.0615937556203559,0.23333333333333334,0.26666666666666666,4.116046663208787e-05,11.966666666666667,0.0,0.0,1.2938722058254826,0.9666666666666667,0.9666666666666667,1.0,1.0,1.0,1.0,0.0,8.028600010826873e-06,0.0004018944999794864,2.640543358817619e-05,1.0412533386746266e-05,0.00010132466692690893,2951.733333333333,768.0,2048.0,0.0,0.0,0.0,47.733333333333334,24.0,16.0,16.0,16.0,16.0,0.0
4,Improved-gOMP,optimized,0.04338851640306678,0.16387033510045995,0.6916666666666667,0.9222222222222223,0.0,0.00046815293329321626,2.0,3.0,0.30110165900588876,0.23333333333333334,1.2333333333333334,3.323286673548864e-05,0.0,0.0,0.0,1.2067481513096194,0.0,0.0,1.0,1.0,1.0,1.0,1.0,7.69453326938674e-06,0.00033910786672398295,5.704430010761522e-05,1.0846533344495886e-05,1.034266582185713e-06,2984.0,768.0,2048.0,0.0,72.0,24.0,24.0,24.0,16.0,0.0,0.0,8.0,0.0
4,OMP,baseline,3.691683774166114e-31,5.467612804282534e-16,1.0,1.0,1.0,0.00020402166671071125,4.0,4.0,1.1322414911838538e-15,0.0,0.0,6.993323362015265e-05,1.0,0.0,0.0,1.268479162599671,0.0,0.0,0.0,0.0,0.0,0.0,0.0,1.6816066696871228e-05,2.8687233195038666e-05,6.993323362015265e-05,2.3484299951329983e-05,0.0,2968.0,768.0,2048.0,0.0,0.0,0.0,80.0,40.0,0.0,0.0,0.0,32.0,0.0
4,OMP,optimized,1.108517347969407e-20,1.0483550193625276e-10,1.0,1.0,1.0,0.00018800653300180177,4.0,4.0,2.0434327632920358e-10,0.0,0.0,6.532099966231424e-05,1.0,0.0,0.0,1.268479162599671,0.0,0.0,0.0,0.0,0.0,0.0,0.0,2.062820003629895e-05,9.206699845284068e-06,6.532099966231424e-05,2.3754066751280335e-05,3.412003328170007e-05,1264.0,768.0,0.0,256.0,128.0,32.0,32.0,40.0,0.0,0.0,0.0,8.0,0.0
4,gOMP,baseline,0.009384970522676723,0.05263223908050634,0.85,0.85,0.4666666666666667,0.00011834603319584857,2.0,4.0,0.10270477087660743,0.6,0.6,3.7712800197671946e-05,3.0,0.0,0.0,1.3991748714406376,0.0,0.0,0.0,0.0,0.0,0.0,0.0,8.294899816974067e-06,2.2893733391053198e-05,3.7712800197671946e-05,1.214353366473612e-05,0.0,3168.0,768.0,2048.0,256.0,0.0,0.0,56.0,24.0,0.0,0.0,0.0,16.0,0.0
4,gOMP,optimized,0.009384970523619198,0.0526322391315795,0.85,0.85,0.4666666666666667,8.397530000365805e-05,2.0,4.0,0.10270477096789916,0.6,0.6,2.539363316221473e-05,3.0,0.0,0.0,1.3991748714406376,0.0,0.0,0.0,0.0,0.0,0.0,0.0,7.676499990338925e-06,1.741780009372936e-05,2.539363316221473e-05,8.45399996857547e-06,0.0,1088.0,768.0,0.0,256.0,0.0,0.0,32.0,24.0,0.0,0.0,0.0,8.0,0.0
8,Improved-gOMP,baseline,0.0019369664508844297,0.024619400411858575,0.9125,0.9125,0.4,0.0011773087000013524,3.0,8.0,0.05780302792264364,0.7,0.7,7.222316665623414e-05,17.477777777777778,0.0,0.0,1.650755517658505,1.0,1.0,1.0,1.0,1.0,1.0,0.0,1.4638299944635946e-05,0.0007118912000805722,5.3212033526506276e-05,1.6588332861526094e-05,0.00023961733356069696,3086.133333333333,768.0,2048.0,0.0,0.0,0.0,142.13333333333333,32.0,24.0,24.0,24.0,24.0,0.0
8,Improved-gOMP,optimized,0.0066410143095169604,0.05765038967067983,0.8416666666666667,0.8416666666666667,0.16666666666666666,0.0008629334999568528,3.0,8.0,0.1370974445954225,1.2666666666666666,1.2666666666666666,6.894933345999258e-05,0.0,0.0,0.0,1.6556729463210564,1.0,1.0,1.0,1.0,1.0,1.0,1.0,1.2510633132478688e-05,0.0005398330001601911,0.00010110236659481113,1.7406233079479232e-05,0.00010738689998106566,3520.0,768.0,2048.0,0.0,512.0,64.0,64.0,32.0,24.0,0.0,0.0,8.0,0.0
8,OMP,baseline,2.8066876171179082e-30,1.2060992502912673e-15,1.0,1.0,1.0,0.0003927140665230885,8.0,8.0,3.4890186576047827e-15,0.0,0.0,0.00013469603333457296,1.0,0.0,0.0,1.552773819267993,0.0,0.0,0.0,0.0,0.0,0.0,0.0,3.386263397260336e-05,5.04214333583756e-05,0.00013469603333457296,4.4297234004867884e-05,0.0,3240.0,768.0,2048.0,0.0,0.0,0.0,288.0,72.0,0.0,0.0,0.0,64.0,0.0
8,OMP,optimized,1.2850463301133608e-20,1.121998211539102e-10,1.0,1.0,1.0,0.0002590012333409201,8.0,8.0,2.9193149344819535e-10,0.0,0.0,9.806450040438601e-05,1.0,0.0,0.0,1.552773819267993,0.0,0.0,0.0,0.0,0.0,0.0,0.0,2.9447767034677477e-05,1.170753348560538e-05,9.806450040438601e-05,3.265403368762539e-05,5.013209962877833e-05,1744.0,768.0,0.0,256.0,512.0,64.0,64.0,72.0,0.0,0.0,0.0,8.0,0.0
8,gOMP,baseline,0.004329211971925416,0.036297997355999194,0.8833333333333333,0.8833333333333333,0.26666666666666666,0.00016891916669313408,3.0,8.0,0.08810059861802384,0.9333333333333333,0.9333333333333333,5.5737033350548396e-05,3.0,0.0,0.0,1.6559444170377362,0.0,0.0,0.0,0.0,0.0,0.0,0.0,1.218136658280855e-05,3.084439995291177e-05,5.5737033350548396e-05,1.6040266261067396e-05,0.0,3264.0,768.0,2048.0,256.0,0.0,0.0,136.0,32.0,0.0,0.0,0.0,24.0,0.0
8,gOMP,optimized,0.004329211972849033,0.036297997384999496,0.8833333333333333,0.8833333333333333,0.26666666666666666,0.00011834836659545545,3.0,8.0,0.08810059869036471,0.9333333333333333,0.9333333333333333,3.752703341888264e-05,3.0,0.0,0.0,1.6559444170377362,0.0,0.0,0.0,0.0,0.0,0.0,0.0,1.1453466746994916e-05,2.816440046444768e-05,3.752703341888264e-05,1.23746665243137e-05,0.0,1128.0,768.0,0.0,256.0,0.0,0.0,64.0,32.0,0.0,0.0,0.0,8.0,0.0
12,Improved-gOMP,baseline,0.002904975859608137,0.02866441692858406,0.9305555555555556,0.9305555555555556,0.5,0.0018290911665947837,4.566666666666666,12.0,0.0744698868288573,0.8333333333333334,0.8333333333333334,0.0001327771333308192,17.671666666666667,0.0,0.0,1.8981030497526197,1.0,1.0,1.0,1.0,1.0,1.0,0.0,2.4522966426350953e-05,0.0012067228331943624,0.00010519743312518889,2.9153800581601294e-05,0.00023288243301067268,3290.9333333333334,768.0,2048.0,0.0,0.0,0.0,284.26666666666665,44.53333333333333,36.53333333333333,36.53333333333333,36.53333333333333,36.53333333333333,0.0
12,Improved-gOMP,optimized,0.002792054925327104,0.027651774133899486,0.9305555555555556,0.9305555555555556,0.5,0.001542713033389494,4.566666666666666,12.0,0.07058354393534018,0.8333333333333334,0.8333333333333334,0.00010640190018117816,0.0,0.0,0.0,1.882539133559345,1.0,1.0,1.0,1.0,1.0,1.0,1.0,1.9492066470168842e-05,0.0009582327340467601,0.00017146303374223257,2.8693233374118185e-05,0.00024044970008011053,4249.066666666667,768.0,2048.0,0.0,1152.0,96.0,96.0,44.53333333333333,36.53333333333333,0.0,0.0,8.0,0.0
12,OMP,baseline,1.685794144276629e-30,1.211106663116562e-15,1.0,1.0,1.0,0.0006772727330826456,12.0,12.0,4.104604256731821e-15,0.0,0.0,0.0002510140666345251,1.0,0.0,0.0,1.8053523109752878,0.0,0.0,0.0,0.0,0.0,0.0,0.0,4.830376741059202e-05,7.44682330453846e-05,0.0002510140666345251,7.248796609928831e-05,0.0,3640.0,768.0,2048.0,0.0,0.0,0.0,624.0,104.0,0.0,0.0,0.0,96.0,0.0
12,OMP,optimized,1.4200642087841503e-20,1.1793812699514364e-10,1.0,1.0,1.0,0.00043802610010364634,12.0,12.0,3.5010263694553796e-10,0.0,0.0,0.00016933683364186435,1.0,0.0,0.0,1.8053523109752878,0.0,0.0,0.0,0.0,0.0,0.0,0.0,4.478849944765291e-05,1.792513309434677e-05,0.00016933683364186435,5.785333275222608e-05,8.888323348704338e-05,2480.0,768.0,0.0,256.0,1152.0,96.0,96.0,104.0,0.0,0.0,0.0,8.0,0.0
12,gOMP,baseline,0.0017911985520487547,0.03169484067056441,0.9111111111111111,0.9111111111111111,0.2,0.00026838433332159183,4.0,12.0,0.09173180565420366,1.0666666666666667,1.0666666666666667,9.682346693201301e-05,3.0,0.0,0.0,1.9466742802805268,0.0,0.0,0.0,0.0,0.0,0.0,0.0,1.577579999623898e-05,4.178166685354275e-05,9.682346693201301e-05,2.4195233163482043e-05,0.0,3384.0,768.0,2048.0,256.0,0.0,0.0,240.0,40.0,0.0,0.0,0.0,32.0,0.0
12,gOMP,optimized,0.0017911985521789724,0.03169484069373027,0.9111111111111111,0.9111111111111111,0.2,0.00016350756650354014,4.0,12.0,0.09173180571516161,1.0666666666666667,1.0666666666666667,5.4450099378300364e-05,3.0,0.0,0.0,1.9466742802805268,0.0,0.0,0.0,0.0,0.0,0.0,0.0,1.7213499753173285e-05,3.449979994911701e-05,5.4450099378300364e-05,1.8281799869631263e-05,0.0,1168.0,768.0,0.0,256.0,0.0,0.0,96.0,40.0,0.0,0.0,0.0,8.0,0.0
16,Improved-gOMP,baseline,0.004842948822112179,0.03381738968629676,0.9270833333333334,0.9270833333333334,0.36666666666666664,0.002482175766635919,6.166666666666667,16.0,0.08766389353416451,1.1666666666666667,1.1666666666666667,0.0001961331334920639,17.652380952380952,0.0,0.0,2.1907445791269544,1.0,1.0,1.0,1.0,1.0,1.0,0.0,2.7975600217663063e-05,0.001704733367356918,0.0001627875998262122,3.4753766764576234e-05,0.000250484900061565,3559.4666666666667,768.0,2048.0,0.0,0.0,0.0,488.8,57.333333333333336,49.333333333333336,49.333333333333336,49.333333333333336,49.333333333333336,0.0
16,Improved-gOMP,optimized,0.004842152556839198,0.033791935225164965,0.9270833333333334,0.9270833333333334,0.36666666666666664,0.002208412699837936,6.166666666666667,16.0,0.08778811093342438,1.1666666666666667,1.1666666666666667,0.0001392015668291909,0.0,0.0,0.0,2.165166646306645,1.0,1.0,1.0,1.0,1.0,1.0,1.0,2.70186996810177e-05,0.001483342299737463,0.00023754516593423128,3.910086646404428e-05,0.000260976466537007,5234.666666666667,768.0,2048.0,0.0,2048.0,128.0,128.0,57.333333333333336,49.333333333333336,0.0,0.0,8.0,0.0
16,OMP,baseline,0.00019895554289604562,0.003507596330625895,0.99375,0.99375,0.9333333333333333,0.0009707824001452536,16.0,16.0,0.009103672891331883,0.1,0.1,0.0003816175000489845,1.0,0.0,0.0,2.1131914682563595,0.0,0.0,0.0,0.0,0.0,0.0,0.0,6.492899974546163e-05,9.650160003123649e-05,0.0003816175000489845,9.269213345154033e-05,0.0,4168.0,768.0,2048.0,0.0,0.0,0.0,1088.0,136.0,0.0,0.0,0.0,128.0,0.0
16,OMP,optimized,0.00019895554278504102,0.0035075964490866697,0.99375,0.99375,0.9333333333333333,0.0005363788667333817,16.0,16.0,0.009103673274160085,0.1,0.1,0.00021196283426737258,1.0,0.0,0.0,2.1131914682563595,0.0,0.0,0.0,0.0,0.0,0.0,0.0,5.510776730564733e-05,2.2022834127710666e-05,0.00021196283426737258,7.573103296939128e-05,0.00010765286660898709,3472.0,768.0,0.0,256.0,2048.0,128.0,128.0,136.0,0.0,0.0,0.0,8.0,0.0
16,gOMP,baseline,0.00717198553857858,0.03411422862100481,0.9291666666666667,0.9291666666666667,0.36666666666666664,0.0004413563334310311,6.0,16.0,0.08996418957665699,1.1333333333333333,1.1333333333333333,0.00017313556709268595,3.0,0.0,0.0,2.2213587675653192,0.0,0.0,0.0,0.0,0.0,0.0,0.0,2.3373566182272044e-05,5.766846716142027e-05,0.00017313556709268595,3.65599670355247e-05,0.0,3664.0,768.0,2048.0,256.0,0.0,0.0,488.0,56.0,0.0,0.0,0.0,48.0,0.0
16,gOMP,optimized,0.0071719855392105855,0.034114228665438985,0.9291666666666667,0.9291666666666667,0.36666666666666664,0.00021515643335684825,6.0,16.0,0.08996418972120625,1.1333333333333333,1.1333333333333333,7.758809982381839e-05,3.0,0.0,0.0,2.2213587675653192,0.0,0.0,0.0,0.0,0.0,0.0,0.0,2.0776800738531165e-05,4.5209700147097465e-05,7.758809982381839e-05,2.597299990156898e-05,0.0,1216.0,768.0,0.0,256.0,0.0,0.0,128.0,56.0,0.0,0.0,0.0,8.0,0.0
20,Improved-gOMP,baseline,0.00544005368940449,0.04199333614254723,0.9,0.9,0.26666666666666666,0.003383323666700259,7.833333333333333,20.0,0.14432563405074264,2.0,2.0,0.00029639783315360546,17.541666666666668,0.0,0.0,2.4861087938359576,1.0,1.0,1.0,1.0,1.0,1.0,0.0,3.7950766818539704e-05,0.0023472452002048765,0.0002501059666125608,4.6203132721226815e-05,0.000286978133165879,3891.2,768.0,2048.0,0.0,0.0,0.0,753.8666666666667,70.66666666666667,62.666666666666664,62.666666666666664,62.666666666666664,62.666666666666664,0.0
20,Improved-gOMP,optimized,0.006672871765225878,0.04485932623433762,0.8966666666666666,0.8966666666666666,0.26666666666666666,0.0030036902332843357,7.833333333333333,20.0,0.14813414447076959,2.066666666666667,2.066666666666667,0.00018382299967925064,0.0,0.0,0.0,2.4785740182910163,1.0,1.0,1.0,1.0,1.0,1.0,1.0,3.4397467121986365e-05,0.0021261699660802456,0.00031633736659083904,4.7257899556522416e-05,0.00028186456693219953,6477.333333333333,768.0,2048.0,0.0,3200.0,160.0,160.0,70.66666666666667,62.666666666666664,0.0,0.0,8.0,0.0
20,OMP,baseline,1.1559848179652758e-05,0.0006207481555808368,0.9983333333333333,0.9983333333333333,0.9666666666666667,0.0013770962998629936,20.0,20.0,0.002197928237145006,0.03333333333333333,0.03333333333333333,0.0005803678997229629,1.0,0.0,0.0,2.339041078869596,0.0,0.0,0.0,0.0,0.0,0.0,0.0,8.247849837061949e-05,0.00011953919935573747,0.0005803678997229629,0.00011707603334798478,0.0,4824.0,768.0,2048.0,0.0,0.0,0.0,1680.0,168.0,0.0,0.0,0.0,160.0,0.0
20,OMP,optimized,1.1559848210270015e-05,0.0006207482966871698,0.9983333333333333,0.9983333333333333,0.9666666666666667,0.0006861416333170685,20.0,20.0,0.002197928730120587,0.03333333333333333,0.03333333333333333,0.0002672964657904231,1.0,0.0,0.0,2.339041078869596,0.0,0.0,0.0,0.0,0.0,0.0,0.0,6.96360337921457e-05,2.6978000278177205e-05,0.0002672964657904231,9.514963221590733e-05,0.00014006319925101706,4720.0,768.0,0.0,256.0,3200.0,160.0,160.0,168.0,0.0,0.0,0.0,8.0,0.0
20,gOMP,baseline,0.0017122380276334858,0.027090661845158227,0.9233333333333333,0.9233333333333333,0.06666666666666667,0.000590425866660856,7.0,20.0,0.09406123688285871,1.5333333333333334,1.5333333333333334,0.0002407719669766569,3.0,0.0,0.0,2.4841330734193723,0.0,0.0,0.0,0.0,0.0,0.0,0.0,2.897709970663224e-05,7.579539954652622e-05,0.0002407719669766569,4.59764000576494e-05,0.0,3856.0,768.0,2048.0,256.0,0.0,0.0,664.0,64.0,0.0,0.0,0.0,56.0,0.0
20,gOMP,optimized,0.0017122380284882491,0.02709066186225983,0.9233333333333333,0.9233333333333333,0.06666666666666667,0.00025992259973766827,7.0,20.0,0.09406123691428828,1.5333333333333334,1.5333333333333334,9.308199969382258e-05,3.0,0.0,0.0,2.4841330734193723,0.0,0.0,0.0,0.0,0.0,0.0,0.0,2.3816333365781852e-05,5.3914767098225035e-05,9.308199969382258e-05,3.111826705814262e-05,0.0,1256.0,768.0,0.0,256.0,0.0,0.0,160.0,64.0,0.0,0.0,0.0,8.0,0.0
24,Improved-gOMP,baseline,0.004956319391265007,0.04541760949679719,0.8930555555555556,0.8930555555555556,0.1,0.004936543133347489,9.733333333333333,24.0,0.1514794098105025,2.566666666666667,2.566666666666667,0.0004441631669881948,17.121481481481478,0.0,0.0,2.791600039196274,1.0,1.0,1.0,1.0,1.0,1.0,0.0,5.34305003384361e-05,0.003512823799731753,0.00038356309960363433,6.163410046913972e-05,0.00036025449965867057,4321.066666666667,768.0,2048.0,0.0,0.0,0.0,1107.7333333333333,85.86666666666666,77.86666666666666,77.86666666666666,77.86666666666666,77.86666666666666,0.0
24,Improved-gOMP,optimized,0.004662100386509659,0.043010470006073595,0.8944444444444444,0.8944444444444444,0.06666666666666667,0.004130292866830132,9.733333333333333,24.0,0.14327822043861532,2.533333333333333,2.533333333333333,0.0002493871337113281,0.0,0.0,0.0,2.7499809992726663,1.0,1.0,1.0,1.0,1.0,1.0,1.0,4.33162002688429e-05,0.0029959919336761233,0.00042602590013605853,6.116333339984218e-05,0.0003632309009844903,7979.733333333334,768.0,2048.0,0.0,4608.0,192.0,192.0,85.86666666666666,77.86666666666666,0.0,0.0,8.0,0.0
24,OMP,baseline,5.198772194371161e-05,0.0020138427819706454,0.9916666666666667,0.9916666666666667,0.8333333333333334,0.0018909534999086949,24.0,24.0,0.006625970634153073,0.2,0.2,0.0008463518668577307,1.0,0.0,0.0,2.683353887765483,0.0,0.0,0.0,0.0,0.0,0.0,0.0,0.0001030401333385574,0.00015332360065561563,0.0008463518668577307,0.0001473502667674135,0.0,5608.0,768.0,2048.0,0.0,0.0,0.0,2400.0,200.0,0.0,0.0,0.0,192.0,0.0
24,OMP,optimized,5.198772193464178e-05,0.0020138429052196766,0.9916666666666667,0.9916666666666667,0.8333333333333334,0.0008581790999717972,24.0,24.0,0.006625971088219013,0.2,0.2,0.00034954250022565245,1.0,0.0,0.0,2.683353887765483,0.0,0.0,0.0,0.0,0.0,0.0,0.0,8.923716874657354e-05,3.1391701001363495e-05,0.00034954250022565245,0.0001210621986804957,0.00016980136636751315,6224.0,768.0,0.0,256.0,4608.0,192.0,192.0,200.0,0.0,0.0,0.0,8.0,0.0
24,gOMP,baseline,0.0010849969021325615,0.02435067879606236,0.9166666666666666,0.9166666666666666,0.0,0.0007492927331744189,8.0,24.0,0.081246606211855,2.0,2.0,0.000333534566804398,3.0,0.0,0.0,2.7870505371038514,0.0,0.0,0.0,0.0,0.0,0.0,0.0,3.312690017385951e-05,8.071420021830515e-05,0.000333534566804398,5.479606649411532e-05,0.0,4072.0,768.0,2048.0,256.0,0.0,0.0,864.0,72.0,0.0,0.0,0.0,64.0,0.0
24,gOMP,optimized,0.0010849969019626694,0.02435067879096249,0.9166666666666666,0.9166666666666666,0.0,0.0003257396334447549,8.0,24.0,0.081246606211855,2.0,2.0,0.00011919773375363244,3.0,0.0,0.0,2.7870505371038514,0.0,0.0,0.0,0.0,0.0,0.0,0.0,3.162729984372466e-05,6.430733337765559e-05,0.00011919773375363244,4.069406647128441e-05,0.0,1296.0,768.0,0.0,256.0,0.0,0.0,192.0,72.0,0.0,0.0,0.0,8.0,0.0
28,Improved-gOMP,baseline,0.007796966705887685,0.06461149302094939,0.8821428571428572,0.8821428571428572,0.06666666666666667,0.006463622599949303,11.4,28.0,0.1826208461130005,3.3,3.3,0.0006232320331037045,17.201767676767677,0.0,0.0,3.1468848844342454,1.0,1.0,1.0,1.0,1.0,1.0,0.0,6.115136723868393e-05,0.004570725899732982,0.0005431163995429718,7.703760020376649e-05,0.0004754599671893326,4782.4,768.0,2048.0,0.0,0.0,0.0,1502.4,99.2,91.2,91.2,91.2,91.2,0.0
28,Improved-gOMP,optimized,0.011219000090033642,0.07318737006567576,0.8773809523809525,0.8773809523809525,0.06666666666666667,0.005581866833320722,11.4,28.0,0.19870271595855854,3.433333333333333,3.433333333333333,0.00030699116650794166,0.0,0.0,0.0,3.082957271641277,1.0,1.0,1.0,1.0,1.0,1.0,1.0,5.3107500752958005e-05,0.00414089346631954,0.0005410152325566742,8.145153309063365e-05,0.00047232663297715286,9734.4,768.0,2048.0,0.0,6272.0,224.0,224.0,99.2,91.2,0.0,0.0,8.0,0.0
28,OMP,baseline,0.0006484210451664394,0.01208986399930109,0.9738095238095238,0.9738095238095238,0.6333333333333333,0.002533598533530797,28.0,28.0,0.04284779105853656,0.7333333333333333,0.7333333333333333,0.001182787832719138,1.0,0.0,0.0,3.007067653505295,0.0,0.0,0.0,0.0,0.0,0.0,0.0,0.00012186943301154922,0.00018039756675231427,0.001182787832719138,0.00018526989885382742,0.0,6520.0,768.0,2048.0,0.0,0.0,0.0,3248.0,232.0,0.0,0.0,0.0,224.0,0.0
28,OMP,optimized,0.0006484210457100938,0.012089864103789486,0.9738095238095238,0.9738095238095238,0.6333333333333333,0.0010426515333771629,28.0,28.0,0.042847791435787416,0.7333333333333333,0.7333333333333333,0.0004340950340823232,1.0,0.0,0.0,3.007067653505295,0.0,0.0,0.0,0.0,0.0,0.0,0.0,9.905380102281924e-05,3.8680833434530844e-05,0.0004340950340823232,0.00014185736551250254,0.0002139495001756586,7984.0,768.0,0.0,256.0,6272.0,224.0,224.0,232.0,0.0,0.0,0.0,8.0,0.0
28,gOMP,baseline,0.009722381437267695,0.06515026296023142,0.8940476190476191,0.8940476190476191,0.06666666666666667,0.0010333426000215696,10.0,28.0,0.17821199974922053,2.966666666666667,2.966666666666667,0.0004782828670916691,3.0,0.0,0.0,3.13127147437004,0.0,0.0,0.0,0.0,0.0,0.0,0.0,4.110996699940491e-05,9.764836613612715e-05,0.0004782828670916691,6.211360080972857e-05,0.0,4544.0,768.0,2048.0,256.0,0.0,0.0,1304.0,88.0,0.0,0.0,0.0,80.0,0.0
28,gOMP,optimized,0.009722381440846304,0.0651502629872406,0.8940476190476191,0.8940476190476191,0.06666666666666667,0.00039787629993952577,10.0,28.0,0.1782119997927333,2.966666666666667,2.966666666666667,0.0001519597667841784,3.0,0.0,0.0,3.13127147437004,0.0,0.0,0.0,0.0,0.0,0.0,0.0,3.56105663740891e-05,7.56229997932678e-05,0.0001519597667841784,5.255780051811598e-05,0.0,1344.0,768.0,0.0,256.0,0.0,0.0,224.0,88.0,0.0,0.0,0.0,8.0,0.0
32,Improved-gOMP,baseline,0.06339727375549305,0.16568526891904561,0.78125,0.78125,0.06666666666666667,0.007984256300005654,13.166666666666666,32.0,0.3373460056339797,7.0,7.0,0.0008110514670382448,17.26361416361416,0.0,0.0,3.5921589494442685,1.0,1.0,1.0,1.0,1.0,1.0,0.0,6.81616001505366e-05,0.0057782813668382,0.0007207026002409596,8.996826594132775e-05,0.00044641729970559634,5304.266666666666,768.0,2048.0,0.0,0.0,0.0,1953.6,113.33333333333333,105.33333333333333,105.33333333333333,105.33333333333333,105.33333333333333,0.0
32,Improved-gOMP,optimized,0.08822946725197349,0.19137275410338453,0.7760416666666666,0.7760416666666666,0.06666666666666667,0.006848927833198104,13.166666666666666,32.0,0.34955190668916897,7.166666666666667,7.166666666666667,0.000373372100572548,0.0,0.0,0.0,3.434641241877154,1.0,1.0,1.0,1.0,1.0,1.0,1.0,6.129303340761302e-05,0.00525425740100521,0.0006290532994777701,8.889233395166229e-05,0.00047951000075651485,11746.666666666666,768.0,2048.0,0.0,8192.0,256.0,256.0,113.33333333333333,105.33333333333333,0.0,0.0,8.0,0.0
32,OMP,baseline,0.045487026964362916,0.09841859680613134,0.8989583333333333,0.8989583333333333,0.4666666666666667,0.003166013566563682,32.0,32.0,0.14518595630561026,3.2333333333333334,3.2333333333333334,0.0015294585324833558,1.0,0.0,0.0,3.375394410340419,0.0,0.0,0.0,0.0,0.0,0.0,0.0,0.00014183620023686672,0.0002092333328012804,0.0015294585324833558,0.00020074649940700814,0.0,7560.0,768.0,2048.0,0.0,0.0,0.0,4224.0,264.0,0.0,0.0,0.0,256.0,0.0
32,OMP,optimized,0.045487026955908,0.09841859688106984,0.8989583333333333,0.8989583333333333,0.4666666666666667,0.0011946622666073382,32.0,32.0,0.14518595663451314,3.2333333333333334,3.2333333333333334,0.0005181354014591003,1.0,0.0,0.0,3.375394410340419,0.0,0.0,0.0,0.0,0.0,0.0,0.0,0.00011082166674896144,3.9760634596556583e-05,0.0005181354014591003,0.0001658497329117381,0.00023220539994023664,10000.0,768.0,0.0,256.0,8192.0,256.0,256.0,264.0,0.0,0.0,0.0,8.0,0.0
32,gOMP,baseline,0.0569154053496612,0.1477327505904119,0.8125,0.8125,0.0,0.0012609019333467586,11.0,32.0,0.2938658261905077,6.0,6.0,0.0006032809673342854,3.0,0.0,0.0,3.550359436539691,0.0,0.0,0.0,0.0,0.0,0.0,0.0,4.700563392058636e-05,0.000113233799917604,0.0006032809673342854,7.222560028215715e-05,0.0,4832.0,768.0,2048.0,256.0,0.0,0.0,1576.0,96.0,0.0,0.0,0.0,88.0,0.0
32,gOMP,optimized,0.05691540534306667,0.14773275059367522,0.8125,0.8125,0.0,0.00047438446678521964,11.0,32.0,0.2938658261905077,6.0,6.0,0.00018189290046090415,3.0,0.0,0.0,3.550359436539691,0.0,0.0,0.0,0.0,0.0,0.0,0.0,4.069573387823766e-05,9.146943308830184e-05,0.00018189290046090415,6.082496583985631e-05,0.0,1384.0,768.0,0.0,256.0,0.0,0.0,256.0,96.0,0.0,0.0,0.0,8.0,0.0
36,Improved-gOMP,baseline,0.11685823104669314,0.2505006424224898,0.7268518518518519,0.7268518518518519,0.03333333333333333,0.010129709066677605,14.8,36.0,0.46308022583148084,9.833333333333334,9.833333333333334,0.0010544373336112281,17.419702380952383,0.0,0.0,3.9309822802802956,1.0,1.0,1.0,1.0,1.0,1.0,0.0,7.879893346398603e-05,0.007330520065867555,0.0009356542668683687,0.00010120786585806248,0.0006107255652750609,5881.866666666667,768.0,2048.0,0.0,0.0,0.0,2465.866666666667,126.4,118.4,118.4,118.4,118.4,0.0
36,Improved-gOMP,optimized,0.10105084460779214,0.2357237082911188,0.7268518518518519,0.7268518518518519,0.03333333333333333,0.008510347299852583,14.8,36.0,0.46023306224216287,9.833333333333334,9.833333333333334,0.000452697666696622,0.0,0.0,0.0,3.9764004047440267,1.0,1.0,1.0,1.0,1.0,1.0,1.0,7.089753283556396e-05,0.006621765966883686,0.0007499948661764696,0.00010192140022506162,0.0005823972994524714,14012.8,768.0,2048.0,0.0,10368.0,288.0,288.0,126.4,118.4,0.0,0.0,8.0,0.0
36,OMP,baseline,0.113898952201586,0.21198626023454561,0.7972222222222223,0.7972222222222223,0.16666666666666666,0.004035221799980112,36.0,36.0,0.2997584590103758,7.3,7.3,0.0020246680003765507,1.0,0.0,0.0,3.84731264220084,0.0,0.0,0.0,0.0,0.0,0.0,0.0,0.00015742653195047752,0.0002357805994809799,0.0020246680003765507,0.00023136216659622733,0.0,8728.0,768.0,2048.0,0.0,0.0,0.0,5328.0,296.0,0.0,0.0,0.0,288.0,0.0
36,OMP,optimized,0.1138989521790616,0.21198626025316117,0.7972222222222223,0.7972222222222223,0.16666666666666666,0.0014622768333235096,36.0,36.0,0.29975845912571236,7.3,7.3,0.0006409486328872541,1.0,0.0,0.0,3.84731264220084,0.0,0.0,0.0,0.0,0.0,0.0,0.0,0.00013036413377752373,4.969083311152644e-05,0.0006409486328872541,0.00020252203376003308,0.0002868504656968677,12272.0,768.0,0.0,256.0,10368.0,288.0,288.0,296.0,0.0,0.0,0.0,8.0,0.0
36,gOMP,baseline,0.14847142072074102,0.2940021873699086,0.6972222222222223,0.6972222222222223,0.0,0.0015114288001010815,12.0,36.0,0.4811368020138199,10.9,10.9,0.0007394956992963368,3.0,0.0,0.0,3.963945731403214,0.0,0.0,0.0,0.0,0.0,0.0,0.0,5.178423289180501e-05,0.00012256960011048553,0.0007394956992963368,7.967796712667526e-05,0.0,5144.0,768.0,2048.0,256.0,0.0,0.0,1872.0,104.0,0.0,0.0,0.0,96.0,0.0
36,gOMP,optimized,0.14847142070029318,0.2940021873671911,0.6972222222222223,0.6972222222222223,0.0,0.0005227987997689828,12.0,36.0,0.48113680201382,10.9,10.9,0.00020424753268647085,3.0,0.0,0.0,3.963945731403214,0.0,0.0,0.0,0.0,0.0,0.0,0.0,4.442696645128308e-05,9.076853330043377e-05,0.00020424753268647085,6.994146715442185e-05,0.0,1424.0,768.0,0.0,256.0,0.0,0.0,288.0,104.0,0.0,0.0,0.0,8.0,0.0
40,Improved-gOMP,baseline,0.1802634968639048,0.3511027982563992,0.6425,0.6425,0.0,0.012516497666547366,16.733333333333334,40.0,0.5269107166135906,14.3,14.3,0.001351354832816772,17.392565359477125,0.0,0.0,4.22368954577314,1.0,1.0,1.0,1.0,1.0,1.0,0.0,9.25827662285883e-05,0.009081460499934716,0.0012228361669258448,0.00012048719909216744,0.0006894624335473054,6569.333333333333,768.0,2048.0,0.0,0.0,0.0,3076.0,141.86666666666667,133.86666666666667,133.86666666666667,133.86666666666667,133.86666666666667,0.0
40,Improved-gOMP,optimized,0.19170766972047143,0.3542974110808917,0.6441666666666667,0.6441666666666667,0.0,0.010410856233283994,16.733333333333334,40.0,0.5155301492260389,14.233333333333333,14.233333333333333,0.0005286524996336084,0.0,0.0,0.0,4.10660872976371,1.0,1.0,1.0,1.0,1.0,1.0,1.0,8.153399970372751e-05,0.00827556689995011,0.0008733756662574403,0.00011481590063340263,0.0006292452334188662,16539.733333333334,768.0,2048.0,0.0,12800.0,320.0,320.0,141.86666666666667,133.86666666666667,0.0,0.0,8.0,0.0
40,OMP,baseline,0.1075092485619705,0.20154076344446512,0.795,0.795,0.2,0.00490115426673583,40.0,40.0,0.24370876843047148,8.2,8.2,0.0025340949665405787,1.0,0.0,0.0,4.126050777253608,0.0,0.0,0.0,0.0,0.0,0.0,0.0,0.00017598420048064629,0.00025195243197231323,0.0025340949665405787,0.00026166586661323284,0.0,10024.0,768.0,2048.0,0.0,0.0,0.0,6560.0,328.0,0.0,0.0,0.0,320.0,0.0
40,OMP,optimized,0.10750924852727976,0.2015407634616206,0.795,0.795,0.2,0.0016837460334500065,40.0,40.0,0.24370876859106225,8.2,8.2,0.000744902434234973,1.0,0.0,0.0,4.126050777253608,0.0,0.0,0.0,0.0,0.0,0.0,0.0,0.00014541440062506203,5.407123347443606e-05,0.000744902434234973,0.00023645900043144745,0.0003225312659803118,14800.0,768.0,0.0,256.0,12800.0,320.0,320.0,328.0,0.0,0.0,0.0,8.0,0.0
40,gOMP,baseline,0.15322809500260817,0.30546942656875836,0.69,0.69,0.0,0.002248015833174577,14.0,40.0,0.4430162677634674,12.4,12.4,0.0011367576002764205,3.0,0.0,0.0,4.420205556712333,0.0,0.0,0.0,0.0,0.0,0.0,0.0,6.844880038746245e-05,0.00016754489994733982,0.0011367576002764205,0.00012412949963618302,0.0,5808.0,768.0,2048.0,256.0,0.0,0.0,2504.0,120.0,0.0,0.0,0.0,112.0,0.0
40,gOMP,optimized,0.15322809497035123,0.305469426550095,0.69,0.69,0.0,0.0006796889999653407,14.0,40.0,0.4430162677634674,12.4,12.4,0.0002769969326133529,3.0,0.0,0.0,4.420205556712333,0.0,0.0,0.0,0.0,0.0,0.0,0.0,5.5236332809727176e-05,0.00011994533306278755,0.0002769969326133529,9.197640041141616e-05,0.0,1472.0,768.0,0.0,256.0,0.0,0.0,320.0,120.0,0.0,0.0,0.0,8.0,0.0
