trial,measurement_ratio,algorithm,m,n,matrix_kind,coeff_mode,snr_db,noise_sigma,nmse,relative_l2_error,support_recall,support_precision,exact_support_recovery,runtime_sec,iterations,support_size,final_residual_norm,stop_reason,false_positive_count,false_negative_count,solver_time_sec,screening_pool_size_avg,used_incremental_solver,fallback_reason,solver_fallback_count,duplicate_candidate_hits,max_support_condition,rescue_attempted,rescue_accepted,used_tail_refinement,used_gain_reranking,used_forward_backward,used_two_phase_tail,used_cholesky_solver
0,0.25,OMP,64,256,gaussian,gaussian,20.0,0.04243576163387571,0.0065928014455250965,0.08119606791911228,0.9375,0.9375,0,0.0013272000069264323,16,16.0,0.25024502076926153,target_sparsity_reached,1,1,0.0,1.0,False,,0,0,2.380352758606511,0.0,0.0,0.0,0.0,0.0,0.0,0.0
0,0.25,gOMP,64,256,gaussian,gaussian,20.0,0.04243576163387571,0.07485282515592481,0.27359244352855366,0.75,0.75,0,0.00047890000860206783,6,16.0,0.6574902520716011,target_sparsity_reached,4,4,0.0,3.0,False,,0,0,3.3830799309020416,0.0,0.0,0.0,0.0,0.0,0.0,0.0
0,0.25,Improved-gOMP,64,256,gaussian,gaussian,20.0,0.04243576163387571,0.016042431454991842,0.12665872040642068,0.875,0.875,0,0.002279500011354685,6,16.0,0.4484751129655829,target_sparsity_reached,2,2,0.00020619996939785779,17.0,True,cholesky_solve,1,0,3.326801865259891,1.0,1.0,0.0,0.0,1.0,0.0,1.0
0,0.25,RMP,64,256,gaussian,gaussian,20.0,0.04243576163387571,0.006592801445525086,0.08119606791911223,0.9375,0.9375,0,0.0009129000245593488,16,16.0,0.2502450207692615,target_sparsity_reached,1,1,0.0003657999914139509,1.0,False,,0,0,2.380352758606511,0.0,0.0,0.0,0.0,0.0,0.0,0.0
1,0.25,OMP,64,256,gaussian,gaussian,20.0,0.043336826361066325,0.9787480744626527,0.9893169737059264,0.375,0.375,0,0.001343700016150251,16,16.0,0.6775641508446277,target_sparsity_reached,10,10,0.0,1.0,False,,0,0,2.7658572728701314,0.0,0.0,0.0,0.0,0.0,0.0,0.0
1,0.25,gOMP,64,256,gaussian,gaussian,20.0,0.043336826361066325,0.00732878213039413,0.08560830643339541,0.9375,0.9375,0,0.00045670001418329775,6,16.0,0.30748125734128634,target_sparsity_reached,1,1,0.0,3.0,False,,0,0,2.666142266980826,0.0,0.0,0.0,0.0,0.0,0.0,0.0
1,0.25,Improved-gOMP,64,256,gaussian,gaussian,20.0,0.043336826361066325,0.008290468265989274,0.09105200857745685,0.9375,0.9375,0,0.0018287999846506864,6,16.0,0.2814368510649346,target_sparsity_reached,1,1,0.00017059998936019838,17.166666666666668,True,cholesky_solve,1,0,2.6947737729476544,1.0,1.0,0.0,0.0,1.0,0.0,1.0
1,0.25,RMP,64,256,gaussian,gaussian,20.0,0.043336826361066325,0.9787480744626527,0.9893169737059264,0.375,0.375,0,0.0008828999998513609,16,16.0,0.6775641508446277,target_sparsity_reached,10,10,0.0003661999653559178,1.0,False,,0,0,2.7658572728701314,0.0,0.0,0.0,0.0,0.0,0.0,0.0
2,0.25,OMP,64,256,gaussian,gaussian,20.0,0.04393096211189641,0.022674265035821924,0.15057976303548204,0.9375,0.9375,0,0.0009523000044282526,16,16.0,0.3479782428517482,target_sparsity_reached,1,1,0.0,1.0,False,,0,0,2.777338065755535,0.0,0.0,0.0,0.0,0.0,0.0,0.0
2,0.25,gOMP,64,256,gaussian,gaussian,20.0,0.04393096211189641,0.058474682014532466,0.24181538829142463,0.8125,0.8125,0,0.0004797000146936625,6,16.0,0.5322136599119166,target_sparsity_reached,3,3,0.0,3.0,False,,0,0,2.7187075338290008,0.0,0.0,0.0,0.0,0.0,0.0,0.0
2,0.25,Improved-gOMP,64,256,gaussian,gaussian,20.0,0.04393096211189641,0.03994788945126047,0.19986968117065795,0.875,0.875,0,0.0017438999784644693,6,16.0,0.46805233608543484,target_sparsity_reached,2,2,0.00015500004519708455,17.0,True,cholesky_solve,1,0,2.7930336559526796,1.0,1.0,0.0,0.0,1.0,0.0,1.0
2,0.25,RMP,64,256,gaussian,gaussian,20.0,0.04393096211189641,0.022674265035821924,0.15057976303548204,0.9375,0.9375,0,0.001277999981539324,16,16.0,0.34797824285174817,target_sparsity_reached,1,1,0.0005307000828906894,1.0,False,,0,0,2.777338065755535,0.0,0.0,0.0,0.0,0.0,0.0,0.0
3,0.25,OMP,64,256,gaussian,gaussian,20.0,0.0327181681361854,0.016202025446180747,0.12728717706894416,0.8125,0.8125,0,0.0009625999955460429,16,16.0,0.17010753408607993,target_sparsity_reached,3,3,0.0,1.0,False,,0,0,2.4523317538282354,0.0,0.0,0.0,0.0,0.0,0.0,0.0
3,0.25,gOMP,64,256,gaussian,gaussian,20.0,0.0327181681361854,0.047792277717215885,0.21861444992775725,0.6875,0.6875,0,0.0005821999802719802,6,16.0,0.35853205580246444,target_sparsity_reached,5,5,0.0,3.0,False,,0,0,3.2081264080636753,0.0,0.0,0.0,0.0,0.0,0.0,0.0
3,0.25,Improved-gOMP,64,256,gaussian,gaussian,20.0,0.0327181681361854,0.02011374033132822,0.1418229189211963,0.75,0.75,0,0.001571400003740564,6,16.0,0.32284491944738697,target_sparsity_reached,4,4,0.0001473000447731465,17.0,True,cholesky_solve,1,0,3.1043361767261772,1.0,1.0,0.0,0.0,1.0,0.0,1.0
3,0.25,RMP,64,256,gaussian,gaussian,20.0,0.0327181681361854,0.016202025446180754,0.1272871770689442,0.8125,0.8125,0,0.000892100011697039,16,16.0,0.17010753408608,target_sparsity_reached,3,3,0.000364800012903288,1.0,False,,0,0,2.4523317538282354,0.0,0.0,0.0,0.0,0.0,0.0,0.0
4,0.25,OMP,64,256,gaussian,gaussian,20.0,0.04683775378342844,0.005394831753068122,0.07344951839915713,0.875,0.875,0,0.0010673999786376953,16,16.0,0.22148315951014613,target_sparsity_reached,2,2,0.0,1.0,False,,0,0,2.647687788330458,0.0,0.0,0.0,0.0,0.0,0.0,0.0
4,0.25,gOMP,64,256,gaussian,gaussian,20.0,0.04683775378342844,0.02574756616126467,0.16046048161857385,0.75,0.75,0,0.0003994000144302845,6,16.0,0.3052875303391147,target_sparsity_reached,4,4,0.0,3.0,False,,0,0,2.5802947351323273,0.0,0.0,0.0,0.0,0.0,0.0,0.0
4,0.25,Improved-gOMP,64,256,gaussian,gaussian,20.0,0.04683775378342844,0.017646899645208488,0.13284163370422877,0.75,0.9230769230769231,0,0.0011758999899029732,5,13.0,0.3739975965048673,noise_floor,1,4,0.00010500004282221198,18.2,True,,0,0,2.228726669553975,0.0,0.0,0.0,0.0,1.0,0.0,1.0
4,0.25,RMP,64,256,gaussian,gaussian,20.0,0.04683775378342844,0.005394831753068122,0.07344951839915713,0.875,0.875,0,0.0008913999772630632,16,16.0,0.22148315951014608,target_sparsity_reached,2,2,0.00036979999276809394,1.0,False,,0,0,2.647687788330458,0.0,0.0,0.0,0.0,0.0,0.0,0.0
5,0.25,OMP,64,256,gaussian,gaussian,20.0,0.04652392200361911,0.01361338366265169,0.11667640576676885,0.75,0.75,0,0.0009382000134792179,16,16.0,0.2464437569732977,target_sparsity_reached,4,4,0.0,1.0,False,,0,0,2.8514195637358326,0.0,0.0,0.0,0.0,0.0,0.0,0.0
5,0.25,gOMP,64,256,gaussian,gaussian,20.0,0.04652392200361911,0.00947765409077145,0.09735324386363019,0.75,0.75,0,0.00037360002170316875,6,16.0,0.30230706156407017,target_sparsity_reached,4,4,0.0,3.0,False,,0,0,2.770980897772034,0.0,0.0,0.0,0.0,0.0,0.0,0.0
5,0.25,Improved-gOMP,64,256,gaussian,gaussian,20.0,0.04652392200361911,0.017899874758103614,0.1337904135508356,0.6875,0.8461538461538461,0,0.001053999993018806,5,13.0,0.38714731870753394,noise_floor,2,5,9.55999712459743e-05,18.2,True,,0,0,2.5071833928955805,0.0,0.0,0.0,0.0,1.0,0.0,1.0
5,0.25,RMP,64,256,gaussian,gaussian,20.0,0.04652392200361911,0.013613383662651668,0.11667640576676876,0.75,0.75,0,0.0009125999931711704,16,16.0,0.24644375697329765,target_sparsity_reached,4,4,0.0003712001198437065,1.0,False,,0,0,2.8514195637358326,0.0,0.0,0.0,0.0,0.0,0.0,0.0
6,0.25,OMP,64,256,gaussian,gaussian,20.0,0.05000089431522952,0.029520465144757087,0.17181520638394346,0.75,0.75,0,0.0008596999978180975,16,16.0,0.3513721559822701,target_sparsity_reached,4,4,0.0,1.0,False,,0,0,2.9116086438864417,0.0,0.0,0.0,0.0,0.0,0.0,0.0
6,0.25,gOMP,64,256,gaussian,gaussian,20.0,0.05000089431522952,0.10558550654394028,0.32493923515626777,0.625,0.625,0,0.0007341000018641353,6,16.0,0.5945010122052292,target_sparsity_reached,6,6,0.0,3.0,False,,0,0,2.5639744275198444,0.0,0.0,0.0,0.0,0.0,0.0,0.0
6,0.25,Improved-gOMP,64,256,gaussian,gaussian,20.0,0.05000089431522952,0.04459081295312586,0.2111653687353252,0.6875,0.6875,0,0.002064800006337464,6,16.0,0.44139115641562143,target_sparsity_reached,5,5,0.00019260001135990024,17.5,True,cholesky_solve,1,0,2.737171698241397,1.0,1.0,0.0,0.0,1.0,0.0,1.0
6,0.25,RMP,64,256,gaussian,gaussian,20.0,0.05000089431522952,0.029520465144757067,0.1718152063839434,0.75,0.75,0,0.0018071999948006123,16,16.0,0.3513721559822701,target_sparsity_reached,4,4,0.0007437999884132296,1.0,False,,0,0,2.9116086438864417,0.0,0.0,0.0,0.0,0.0,0.0,0.0
7,0.25,OMP,64,256,gaussian,gaussian,20.0,0.07890800890550868,0.003203366451630366,0.056598290182923075,0.9375,0.9375,0,0.0010437000019010156,16,16.0,0.42417190087617246,target_sparsity_reached,1,1,0.0,1.0,False,,0,0,2.243899151626015,0.0,0.0,0.0,0.0,0.0,0.0,0.0
7,0.25,gOMP,64,256,gaussian,gaussian,20.0,0.07890800890550868,0.002809692497215868,0.053006532590010716,0.9375,0.9375,0,0.0004522999806795269,6,16.0,0.4565786615472661,target_sparsity_reached,1,1,0.0,3.0,False,,0,0,2.4454501318828985,0.0,0.0,0.0,0.0,0.0,0.0,0.0
7,0.25,Improved-gOMP,64,256,gaussian,gaussian,20.0,0.07890800890550868,0.011276931626367975,0.10619289819177163,0.8125,1.0,0,0.0014235000126063824,5,13.0,0.6492255793556044,noise_floor,0,3,0.0001564000267535448,17.6,True,,0,0,1.9831494077021625,0.0,0.0,0.0,0.0,1.0,0.0,1.0
7,0.25,RMP,64,256,gaussian,gaussian,20.0,0.07890800890550868,0.00320336645163036,0.05659829018292302,0.9375,0.9375,0,0.0011713000130839646,16,16.0,0.42417190087617246,target_sparsity_reached,1,1,0.0004536999040283263,1.0,False,,0,0,2.243899151626015,0.0,0.0,0.0,0.0,0.0,0.0,0.0
8,0.25,OMP,64,256,gaussian,gaussian,20.0,0.05745005872045632,0.010009358593913923,0.10004678202677945,0.875,0.875,0,0.0009074999834410846,16,16.0,0.39349753021011175,target_sparsity_reached,2,2,0.0,1.0,False,,0,0,2.53054290872739,0.0,0.0,0.0,0.0,0.0,0.0,0.0
8,0.25,gOMP,64,256,gaussian,gaussian,20.0,0.05745005872045632,0.012057629740519504,0.1098072390169223,0.8125,0.8125,0,0.00037579998024739325,6,16.0,0.4657049497206895,target_sparsity_reached,3,3,0.0,3.0,False,,0,0,2.994941412519424,0.0,0.0,0.0,0.0,0.0,0.0,0.0
8,0.25,Improved-gOMP,64,256,gaussian,gaussian,20.0,0.05745005872045632,0.010132651544528665,0.10066107263748318,0.875,0.875,0,0.0014491999754682183,6,16.0,0.3936430967305354,target_sparsity_reached,2,2,0.00013449994730763137,17.5,True,cholesky_solve,1,0,2.5628468336834294,1.0,1.0,0.0,0.0,1.0,0.0,1.0
8,0.25,RMP,64,256,gaussian,gaussian,20.0,0.05745005872045632,0.010009358593913923,0.10004678202677945,0.875,0.875,0,0.0009385000157635659,16,16.0,0.39349753021011163,target_sparsity_reached,2,2,0.00039910004124976695,1.0,False,,0,0,2.53054290872739,0.0,0.0,0.0,0.0,0.0,0.0,0.0
9,0.25,OMP,64,256,gaussian,gaussian,20.0,0.05199844378641439,0.009184544035282828,0.09583602681289968,0.9375,0.9375,0,0.0008910000033210963,16,16.0,0.37752944200286637,target_sparsity_reached,1,1,0.0,1.0,False,,0,0,2.5793227949302726,0.0,0.0,0.0,0.0,0.0,0.0,0.0
9,0.25,gOMP,64,256,gaussian,gaussian,20.0,0.05199844378641439,0.02326914178162781,0.15254226228041792,0.75,0.75,0,0.000397899973904714,6,16.0,0.48099450584786746,target_sparsity_reached,4,4,0.0,3.0,False,,0,0,2.9105580006080523,0.0,0.0,0.0,0.0,0.0,0.0,0.0
9,0.25,Improved-gOMP,64,256,gaussian,gaussian,20.0,0.05199844378641439,0.1077104171583601,0.3281926525051408,0.5625,0.5625,0,0.002029499999480322,7,16.0,0.478713486723517,target_sparsity_reached,7,7,0.00015980005264282227,15.0,True,cholesky_solve,1,0,2.8374602582839668,1.0,1.0,0.0,0.0,1.0,0.0,1.0
9,0.25,RMP,64,256,gaussian,gaussian,20.0,0.05199844378641439,0.009184544035282842,0.09583602681289977,0.9375,0.9375,0,0.0009553000272717327,16,16.0,0.37752944200286626,target_sparsity_reached,1,1,0.0003908999788109213,1.0,False,,0,0,2.5793227949302726,0.0,0.0,0.0,0.0,0.0,0.0,0.0
10,0.25,OMP,64,256,gaussian,gaussian,20.0,0.05202629631179882,0.01679357399925954,0.12959002276124323,0.8125,0.8125,0,0.0009713999752420932,16,16.0,0.3604949926622858,target_sparsity_reached,3,3,0.0,1.0,False,,0,0,2.6889594794992826,0.0,0.0,0.0,0.0,0.0,0.0,0.0
10,0.25,gOMP,64,256,gaussian,gaussian,20.0,0.05202629631179882,0.029905802679122163,0.17293294272382623,0.75,0.75,0,0.0004327000060584396,6,16.0,0.44472543183562624,target_sparsity_reached,4,4,0.0,3.0,False,,0,0,2.499496265425874,0.0,0.0,0.0,0.0,0.0,0.0,0.0
10,0.25,Improved-gOMP,64,256,gaussian,gaussian,20.0,0.05202629631179882,0.027521004789098885,0.1658945592510462,0.75,0.8,0,0.001346899982308969,5,15.0,0.4557758606590424,noise_floor,3,4,0.00011900003300979733,19.2,True,cholesky_solve,1,0,2.4839831751747434,1.0,1.0,0.0,0.0,1.0,0.0,1.0
10,0.25,RMP,64,256,gaussian,gaussian,20.0,0.05202629631179882,0.016793573999259532,0.1295900227612432,0.8125,0.8125,0,0.0009077999857254326,16,16.0,0.3604949926622858,target_sparsity_reached,3,3,0.0003871000080835074,1.0,False,,0,0,2.6889594794992826,0.0,0.0,0.0,0.0,0.0,0.0,0.0
11,0.25,OMP,64,256,gaussian,gaussian,20.0,0.04815006555224809,0.0023602891430162475,0.0485828070722169,1.0,1.0,1,0.0012547000078484416,16,16.0,0.2888623219930172,target_sparsity_reached,0,0,0.0,1.0,False,,0,0,2.2880545918797157,0.0,0.0,0.0,0.0,0.0,0.0,0.0
11,0.25,gOMP,64,256,gaussian,gaussian,20.0,0.04815006555224809,0.06852405335602735,0.2617709941074972,0.6875,0.6875,0,0.0004202999989502132,6,16.0,0.7091339640303603,target_sparsity_reached,5,5,0.0,3.0,False,,0,0,2.9411849331597866,0.0,0.0,0.0,0.0,0.0,0.0,0.0
11,0.25,Improved-gOMP,64,256,gaussian,gaussian,20.0,0.04815006555224809,0.07588516403432326,0.27547261939133494,0.6875,0.6875,0,0.0016188999870792031,6,16.0,0.6880395996324484,target_sparsity_reached,5,5,0.0001451000280212611,17.0,True,cholesky_solve,1,0,2.787956939834436,1.0,1.0,0.0,0.0,1.0,0.0,1.0
11,0.25,RMP,64,256,gaussian,gaussian,20.0,0.04815006555224809,0.0023602891430162497,0.04858280707221692,1.0,1.0,1,0.0008868000004440546,16,16.0,0.2888623219930172,target_sparsity_reached,0,0,0.0003823000006377697,1.0,False,,0,0,2.2880545918797157,0.0,0.0,0.0,0.0,0.0,0.0,0.0
12,0.25,OMP,64,256,gaussian,gaussian,20.0,0.035627299854524654,0.01426330338142783,0.11942907259720235,0.875,0.875,0,0.0010149000154342502,16,16.0,0.21231743856312907,target_sparsity_reached,2,2,0.0,1.0,False,,0,0,2.6210483164941816,0.0,0.0,0.0,0.0,0.0,0.0,0.0
12,0.25,gOMP,64,256,gaussian,gaussian,20.0,0.035627299854524654,0.023413595337345067,0.15301501670537132,0.8125,0.8125,0,0.0004262999864295125,6,16.0,0.24851982578053863,target_sparsity_reached,3,3,0.0,3.0,False,,0,0,2.704411944502424,0.0,0.0,0.0,0.0,0.0,0.0,0.0
12,0.25,Improved-gOMP,64,256,gaussian,gaussian,20.0,0.035627299854524654,0.028181962481380773,0.16787484171662165,0.8125,0.8125,0,0.0014968000177759677,6,16.0,0.25685262980549095,target_sparsity_reached,3,3,0.0001464999804738909,17.333333333333332,True,cholesky_solve,1,0,2.800630455153061,1.0,1.0,0.0,0.0,1.0,0.0,1.0
12,0.25,RMP,64,256,gaussian,gaussian,20.0,0.035627299854524654,0.014263303381427816,0.11942907259720228,0.875,0.875,0,0.0009101000032387674,16,16.0,0.21231743856312904,target_sparsity_reached,2,2,0.00038409995613619685,1.0,False,,0,0,2.6210483164941816,0.0,0.0,0.0,0.0,0.0,0.0,0.0
13,0.25,OMP,64,256,gaussian,gaussian,20.0,0.06693414058447293,0.020935340571617056,0.14469049924448066,0.6875,0.6875,0,0.0010006000229623169,16,16.0,0.3508440532131791,target_sparsity_reached,5,5,0.0,1.0,False,,0,0,2.377193565165999,0.0,0.0,0.0,0.0,0.0,0.0,0.0
13,0.25,gOMP,64,256,gaussian,gaussian,20.0,0.06693414058447293,0.02730652501690462,0.1652468608382762,0.625,0.625,0,0.0004259000124875456,6,16.0,0.4773710744729846,target_sparsity_reached,6,6,0.0,3.0,False,,0,0,3.5217609761655546,0.0,0.0,0.0,0.0,0.0,0.0,0.0
13,0.25,Improved-gOMP,64,256,gaussian,gaussian,20.0,0.06693414058447293,0.015118562147573929,0.12295756238464525,0.625,0.8333333333333334,0,0.001076199987437576,5,12.0,0.5592642652079814,noise_floor,2,6,9.90999978967011e-05,16.6,True,,0,0,2.7713052878045046,0.0,0.0,0.0,0.0,1.0,0.0,1.0
13,0.25,RMP,64,256,gaussian,gaussian,20.0,0.06693414058447293,0.02093534057161705,0.14469049924448063,0.6875,0.6875,0,0.0010304999887011945,16,16.0,0.35084405321317913,target_sparsity_reached,5,5,0.0004152999899815768,1.0,False,,0,0,2.377193565165999,0.0,0.0,0.0,0.0,0.0,0.0,0.0
14,0.25,OMP,64,256,gaussian,gaussian,20.0,0.04332786354574518,0.011204735474947538,0.10585242309436066,0.8125,0.8125,0,0.0010082999942824244,16,16.0,0.2550804933111929,target_sparsity_reached,3,3,0.0,1.0,False,,0,0,2.5257797340660897,0.0,0.0,0.0,0.0,0.0,0.0,0.0
14,0.25,gOMP,64,256,gaussian,gaussian,20.0,0.04332786354574518,0.07879758210380593,0.2807090702200517,0.5,0.5,0,0.0003934999986086041,6,16.0,0.5083585052181132,target_sparsity_reached,8,8,0.0,3.0,False,,0,0,3.14623053585977,0.0,0.0,0.0,0.0,0.0,0.0,0.0
14,0.25,Improved-gOMP,64,256,gaussian,gaussian,20.0,0.04332786354574518,0.06953749850925481,0.26369963691528814,0.5,0.5,0,0.0017695999995339662,6,16.0,0.438370341356781,target_sparsity_reached,8,8,0.0001377999724354595,16.833333333333332,True,cholesky_solve,1,0,3.181305021588527,1.0,1.0,0.0,0.0,1.0,0.0,1.0
14,0.25,RMP,64,256,gaussian,gaussian,20.0,0.04332786354574518,0.011204735474947524,0.1058524230943606,0.8125,0.8125,0,0.0012214999878779054,16,16.0,0.25508049331119304,target_sparsity_reached,3,3,0.0004624000284820795,1.0,False,,0,0,2.5257797340660897,0.0,0.0,0.0,0.0,0.0,0.0,0.0
15,0.25,OMP,64,256,gaussian,gaussian,20.0,0.047701788631918936,0.025654768333794296,0.1601710596012722,0.8125,0.8125,0,0.0009498999861534685,16,16.0,0.31412413524618443,target_sparsity_reached,3,3,0.0,1.0,False,,0,0,2.5917046538827258,0.0,0.0,0.0,0.0,0.0,0.0,0.0
15,0.25,gOMP,64,256,gaussian,gaussian,20.0,0.047701788631918936,0.034713956602521585,0.1863168178198672,0.75,0.75,0,0.00037250001332722604,6,16.0,0.4830077782878916,target_sparsity_reached,4,4,0.0,3.0,False,,0,0,3.092580584026534,0.0,0.0,0.0,0.0,0.0,0.0,0.0
15,0.25,Improved-gOMP,64,256,gaussian,gaussian,20.0,0.047701788631918936,0.007439848719003559,0.08625455767090547,0.875,0.875,0,0.0014724000066053122,6,16.0,0.35092458917742764,target_sparsity_reached,2,2,0.00014110002666711807,17.333333333333332,True,cholesky_solve,1,0,2.902425652747332,1.0,1.0,0.0,0.0,1.0,0.0,1.0
15,0.25,RMP,64,256,gaussian,gaussian,20.0,0.047701788631918936,0.02565476833379426,0.1601710596012721,0.8125,0.8125,0,0.0008728999819140881,16,16.0,0.3141241352461845,target_sparsity_reached,3,3,0.00036319997161626816,1.0,False,,0,0,2.5917046538827258,0.0,0.0,0.0,0.0,0.0,0.0,0.0
16,0.25,OMP,64,256,gaussian,gaussian,20.0,0.054508750202682914,0.005225204982743411,0.07228557935538325,1.0,1.0,1,0.0008610000077169389,16,16.0,0.37260069657654754,target_sparsity_reached,0,0,0.0,1.0,False,,0,0,2.492506579837395,0.0,0.0,0.0,0.0,0.0,0.0,0.0
16,0.25,gOMP,64,256,gaussian,gaussian,20.0,0.054508750202682914,0.02174928036657944,0.14747637223155252,0.8125,0.8125,0,0.0003749000024981797,6,16.0,0.49062174387074103,target_sparsity_reached,3,3,0.0,3.0,False,,0,0,2.9225300381367862,0.0,0.0,0.0,0.0,0.0,0.0,0.0
16,0.25,Improved-gOMP,64,256,gaussian,gaussian,20.0,0.054508750202682914,0.00984916514199642,0.09924296016341119,0.9375,0.9375,0,0.0015622000209987164,6,16.0,0.39621547261678003,target_sparsity_reached,1,1,0.0001406999654136598,17.0,True,cholesky_solve,1,0,2.632376764957629,1.0,1.0,0.0,0.0,1.0,0.0,1.0
16,0.25,RMP,64,256,gaussian,gaussian,20.0,0.054508750202682914,0.005225204982743398,0.07228557935538317,1.0,1.0,1,0.000880400009918958,16,16.0,0.3726006965765475,target_sparsity_reached,0,0,0.00036380000528879464,1.0,False,,0,0,2.492506579837395,0.0,0.0,0.0,0.0,0.0,0.0,0.0
17,0.25,OMP,64,256,gaussian,gaussian,20.0,0.0664542050860036,0.008105101665307498,0.09002833812365693,0.875,0.875,0,0.0009969999955501407,16,16.0,0.45586777034424103,target_sparsity_reached,2,2,0.0,1.0,False,,0,0,2.581534049322209,0.0,0.0,0.0,0.0,0.0,0.0,0.0
17,0.25,gOMP,64,256,gaussian,gaussian,20.0,0.0664542050860036,0.19182858024057844,0.43798239718118637,0.625,0.625,0,0.00040180000360123813,6,16.0,1.0555693025795785,target_sparsity_reached,6,6,0.0,3.0,False,,0,0,2.9942920580953465,0.0,0.0,0.0,0.0,0.0,0.0,0.0
17,0.25,Improved-gOMP,64,256,gaussian,gaussian,20.0,0.0664542050860036,0.05420102745578641,0.232811141176247,0.75,0.75,0,0.0020773000142071396,6,16.0,0.7308214786864999,target_sparsity_reached,4,4,0.0001558999647386372,17.0,True,cholesky_solve,1,0,3.1978309042761177,1.0,1.0,0.0,0.0,1.0,0.0,1.0
17,0.25,RMP,64,256,gaussian,gaussian,20.0,0.0664542050860036,0.008105101665307497,0.09002833812365692,0.875,0.875,0,0.0009520000021439046,16,16.0,0.4558677703442411,target_sparsity_reached,2,2,0.00039600004674866796,1.0,False,,0,0,2.581534049322209,0.0,0.0,0.0,0.0,0.0,0.0,0.0
18,0.25,OMP,64,256,gaussian,gaussian,20.0,0.058123581441579995,0.007638409679510642,0.08739799585522909,0.8125,0.8125,0,0.0012346000003162771,16,16.0,0.33127243685360447,target_sparsity_reached,3,3,0.0,1.0,False,,0,0,2.208251079390547,0.0,0.0,0.0,0.0,0.0,0.0,0.0
18,0.25,gOMP,64,256,gaussian,gaussian,20.0,0.058123581441579995,0.006490786346396582,0.08056541656564918,0.8125,0.8125,0,0.0008640000014565885,6,16.0,0.36469248842219165,target_sparsity_reached,3,3,0.0,3.0,False,,0,0,2.242459068555516,0.0,0.0,0.0,0.0,0.0,0.0,0.0
18,0.25,Improved-gOMP,64,256,gaussian,gaussian,20.0,0.058123581441579995,0.021831725571212903,0.1477556278833835,0.75,0.75,0,0.0025043999776244164,6,16.0,0.4839328547757874,target_sparsity_reached,4,4,0.00020100001711398363,17.166666666666668,True,cholesky_solve,1,0,2.687267153648379,1.0,1.0,0.0,0.0,1.0,0.0,1.0
18,0.25,RMP,64,256,gaussian,gaussian,20.0,0.058123581441579995,0.00763840967951062,0.08739799585522896,0.8125,0.8125,0,0.0009612999856472015,16,16.0,0.3312724368536045,target_sparsity_reached,3,3,0.0004017999744974077,1.0,False,,0,0,2.208251079390547,0.0,0.0,0.0,0.0,0.0,0.0,0.0
19,0.25,OMP,64,256,gaussian,gaussian,20.0,0.045378672386809586,0.01473511709365141,0.12138829059530994,0.875,0.875,0,0.0009334000060334802,16,16.0,0.3581036803321306,target_sparsity_reached,2,2,0.0,1.0,False,,0,0,2.3901360042561786,0.0,0.0,0.0,0.0,0.0,0.0,0.0
19,0.25,gOMP,64,256,gaussian,gaussian,20.0,0.045378672386809586,0.13521478038667514,0.36771562434396926,0.6875,0.6875,0,0.0004014000005554408,6,16.0,0.5094284254879043,target_sparsity_reached,5,5,0.0,3.0,False,,0,0,2.495432406083128,0.0,0.0,0.0,0.0,0.0,0.0,0.0
19,0.25,Improved-gOMP,64,256,gaussian,gaussian,20.0,0.045378672386809586,0.03516255296787251,0.18751680716104493,0.8125,0.8125,0,0.0015295000048354268,6,16.0,0.43707638955402417,target_sparsity_reached,3,3,0.00014039999223314226,17.166666666666668,True,cholesky_solve,1,0,2.84265684203758,1.0,1.0,0.0,0.0,1.0,0.0,1.0
19,0.25,RMP,64,256,gaussian,gaussian,20.0,0.045378672386809586,0.01473511709365145,0.1213882905953101,0.875,0.875,0,0.0009327000007033348,16,16.0,0.3581036803321305,target_sparsity_reached,2,2,0.0003886999620590359,1.0,False,,0,0,2.3901360042561786,0.0,0.0,0.0,0.0,0.0,0.0,0.0
0,0.375,OMP,96,256,gaussian,gaussian,20.0,0.04273295498150176,0.004513627337263135,0.0671835347184348,0.875,0.875,0,0.0012841999996453524,16,16.0,0.36692933892567553,target_sparsity_reached,2,2,0.0,1.0,False,,0,0,1.8905765443418392,0.0,0.0,0.0,0.0,0.0,0.0,0.0
0,0.375,gOMP,96,256,gaussian,gaussian,20.0,0.04273295498150176,0.003919625056914803,0.06260690901901166,0.875,0.875,0,0.0004022000066470355,6,16.0,0.37700600092000347,target_sparsity_reached,2,2,0.0,3.0,False,,0,0,2.1573958164755718,0.0,0.0,0.0,0.0,0.0,0.0,0.0
0,0.375,Improved-gOMP,96,256,gaussian,gaussian,20.0,0.04273295498150176,0.003918680634226152,0.06259936608485865,0.875,0.9333333333333333,0,0.001746499998262152,6,15.0,0.3807288744807498,noise_floor,1,2,0.00016339996363967657,16.333333333333332,True,cholesky_solve,1,0,1.865315640806623,1.0,1.0,0.0,0.0,1.0,0.0,1.0
0,0.375,RMP,96,256,gaussian,gaussian,20.0,0.04273295498150176,0.00451362733726316,0.067183534718435,0.875,0.875,0,0.0009122000192292035,16,16.0,0.36692933892567553,target_sparsity_reached,2,2,0.00036619999445974827,1.0,False,,0,0,1.8905765443418392,0.0,0.0,0.0,0.0,0.0,0.0,0.0
1,0.375,OMP,96,256,gaussian,gaussian,20.0,0.035678698013182825,0.0055653830287047115,0.07460149481548417,0.875,0.875,0,0.0014472999901045114,16,16.0,0.2969100427617592,target_sparsity_reached,2,2,0.0,1.0,False,,0,0,1.772446910621884,0.0,0.0,0.0,0.0,0.0,0.0,0.0
1,0.375,gOMP,96,256,gaussian,gaussian,20.0,0.035678698013182825,0.002050965626408015,0.04528758799503474,0.9375,0.9375,0,0.00042719999328255653,6,16.0,0.3142026766653556,target_sparsity_reached,1,1,0.0,3.0,False,,0,0,1.9413162434662026,0.0,0.0,0.0,0.0,0.0,0.0,0.0
1,0.375,Improved-gOMP,96,256,gaussian,gaussian,20.0,0.035678698013182825,0.005770108005668948,0.07596122698896424,0.8125,1.0,0,0.0012277000059839338,5,13.0,0.37121781210049665,noise_floor,0,3,0.00010590002057142556,19.0,True,,0,0,1.7186934654940802,0.0,0.0,0.0,0.0,1.0,0.0,1.0
1,0.375,RMP,96,256,gaussian,gaussian,20.0,0.035678698013182825,0.0055653830287047115,0.07460149481548417,0.875,0.875,0,0.0009431999933440238,16,16.0,0.2969100427617592,target_sparsity_reached,2,2,0.00040429996442981064,1.0,False,,0,0,1.772446910621884,0.0,0.0,0.0,0.0,0.0,0.0,0.0
2,0.375,OMP,96,256,gaussian,gaussian,20.0,0.052292105246930155,0.00354022084029227,0.05949975495993467,0.9375,0.9375,0,0.0009262999810744077,16,16.0,0.4573312360227606,target_sparsity_reached,1,1,0.0,1.0,False,,0,0,1.9399930461922497,0.0,0.0,0.0,0.0,0.0,0.0,0.0
2,0.375,gOMP,96,256,gaussian,gaussian,20.0,0.052292105246930155,0.002691309292705749,0.051877830454884574,0.9375,0.9375,0,0.00042630001553334296,6,16.0,0.48496219956598935,target_sparsity_reached,1,1,0.0,3.0,False,,0,0,2.1206526295529997,0.0,0.0,0.0,0.0,0.0,0.0,0.0
2,0.375,Improved-gOMP,96,256,gaussian,gaussian,20.0,0.052292105246930155,0.0054403870392780935,0.07375897938066994,0.875,0.9333333333333333,0,0.0013073000009171665,5,15.0,0.5372089695979645,noise_floor,1,2,0.00011779999476857483,19.8,True,cholesky_solve,1,0,1.9510690188740554,1.0,1.0,0.0,0.0,1.0,0.0,1.0
2,0.375,RMP,96,256,gaussian,gaussian,20.0,0.052292105246930155,0.0035402208402922648,0.05949975495993462,0.9375,0.9375,0,0.000914699980057776,16,16.0,0.4573312360227606,target_sparsity_reached,1,1,0.0003653000167105347,1.0,False,,0,0,1.9399930461922497,0.0,0.0,0.0,0.0,0.0,0.0,0.0
3,0.375,OMP,96,256,gaussian,gaussian,20.0,0.045088773314140185,0.010444187420732415,0.10219680729226532,0.875,0.875,0,0.0009075000125449151,16,16.0,0.42046889025362005,target_sparsity_reached,2,2,0.0,1.0,False,,0,0,1.9963655638300968,0.0,0.0,0.0,0.0,0.0,0.0,0.0
3,0.375,gOMP,96,256,gaussian,gaussian,20.0,0.045088773314140185,0.01044418742073242,0.10219680729226535,0.875,0.875,0,0.0005286000086925924,6,16.0,0.42046889025362005,target_sparsity_reached,2,2,0.0,3.0,False,,0,0,1.9963655638300963,0.0,0.0,0.0,0.0,0.0,0.0,0.0
3,0.375,Improved-gOMP,96,256,gaussian,gaussian,20.0,0.045088773314140185,0.010444187415329573,0.1021968072658318,0.875,0.875,0,0.0016675999795552343,6,16.0,0.4204688902536199,target_sparsity_reached,2,2,0.00015100001473911107,17.833333333333332,True,cholesky_solve,1,0,1.9963655638300963,1.0,1.0,0.0,0.0,1.0,0.0,1.0
3,0.375,RMP,96,256,gaussian,gaussian,20.0,0.045088773314140185,0.010444187420732403,0.10219680729226527,0.875,0.875,0,0.0009825000015553087,16,16.0,0.42046889025362005,target_sparsity_reached,2,2,0.00041109989979304373,1.0,False,,0,0,1.9963655638300968,0.0,0.0,0.0,0.0,0.0,0.0,0.0
4,0.375,OMP,96,256,gaussian,gaussian,20.0,0.048980613214397756,0.00968561034472225,0.09841549849857109,0.875,0.875,0,0.0011829999857582152,16,16.0,0.45367640011169413,target_sparsity_reached,2,2,0.0,1.0,False,,0,0,2.084886127818859,0.0,0.0,0.0,0.0,0.0,0.0,0.0
4,0.375,gOMP,96,256,gaussian,gaussian,20.0,0.048980613214397756,0.020819543372385826,0.14428978956386979,0.75,0.75,0,0.0003994000144302845,6,16.0,0.5777415553744981,target_sparsity_reached,4,4,0.0,3.0,False,,0,0,2.6125738854513774,0.0,0.0,0.0,0.0,0.0,0.0,0.0
4,0.375,Improved-gOMP,96,256,gaussian,gaussian,20.0,0.048980613214397756,0.01665646852070615,0.12905994158028333,0.8125,0.8125,0,0.0025132000155281276,6,16.0,0.5239340730779876,target_sparsity_reached,3,3,0.00024840005789883435,17.666666666666668,True,cholesky_solve,1,0,2.564048341039808,1.0,1.0,0.0,0.0,1.0,0.0,1.0
4,0.375,RMP,96,256,gaussian,gaussian,20.0,0.048980613214397756,0.009685610344722258,0.09841549849857113,0.875,0.875,0,0.0028027999796904624,16,16.0,0.4536764001116941,target_sparsity_reached,2,2,0.0012832000211346895,1.0,False,,0,0,2.084886127818859,0.0,0.0,0.0,0.0,0.0,0.0,0.0
5,0.375,OMP,96,256,gaussian,gaussian,20.0,0.02901788508891315,0.005176869461350089,0.07195046533101845,0.875,0.875,0,0.0014381000073626637,16,16.0,0.19978482935978983,target_sparsity_reached,2,2,0.0,1.0,False,,0,0,2.0538447207554684,0.0,0.0,0.0,0.0,0.0,0.0,0.0
5,0.375,gOMP,96,256,gaussian,gaussian,20.0,0.02901788508891315,0.004174677518540847,0.06461174443195948,0.875,0.875,0,0.00038330000825226307,6,16.0,0.21195680780040937,target_sparsity_reached,2,2,0.0,3.0,False,,0,0,2.12261334765921,0.0,0.0,0.0,0.0,0.0,0.0,0.0
5,0.375,Improved-gOMP,96,256,gaussian,gaussian,20.0,0.02901788508891315,0.004298509102894137,0.06556301627361372,0.875,0.9333333333333333,0,0.0014786999963689595,6,15.0,0.22611436246503108,noise_floor,1,2,0.0001448999682907015,17.333333333333332,True,cholesky_solve,1,0,2.0978904473881244,1.0,1.0,0.0,0.0,1.0,0.0,1.0
5,0.375,RMP,96,256,gaussian,gaussian,20.0,0.02901788508891315,0.005176869461350085,0.07195046533101843,0.875,0.875,0,0.0010020000045187771,16,16.0,0.19978482935978986,target_sparsity_reached,2,2,0.0004060000355821103,1.0,False,,0,0,2.0538447207554684,0.0,0.0,0.0,0.0,0.0,0.0,0.0
6,0.375,OMP,96,256,gaussian,gaussian,20.0,0.02896002312572179,0.009157502203992255,0.09569483896215226,0.8125,0.8125,0,0.0015260999789461493,16,16.0,0.24643739053457386,target_sparsity_reached,3,3,0.0,1.0,False,,0,0,1.883840803136605,0.0,0.0,0.0,0.0,0.0,0.0,0.0
6,0.375,gOMP,96,256,gaussian,gaussian,20.0,0.02896002312572179,0.006183564770239875,0.07863564567192079,0.875,0.875,0,0.00043990000267513096,6,16.0,0.258407439858054,target_sparsity_reached,2,2,0.0,3.0,False,,0,0,2.1875278813454027,0.0,0.0,0.0,0.0,0.0,0.0,0.0
6,0.375,Improved-gOMP,96,256,gaussian,gaussian,20.0,0.02896002312572179,0.006524612140617142,0.08077507128203071,0.8125,0.8125,0,0.0017776999738998711,6,16.0,0.2664680982051908,target_sparsity_reached,3,3,0.00016470003174617887,18.0,True,cholesky_solve,1,0,2.192668857994303,1.0,1.0,0.0,0.0,1.0,0.0,1.0
6,0.375,RMP,96,256,gaussian,gaussian,20.0,0.02896002312572179,0.009157502203992252,0.09569483896215224,0.8125,0.8125,0,0.0010488000116311014,16,16.0,0.24643739053457392,target_sparsity_reached,3,3,0.00043829993228428066,1.0,False,,0,0,1.883840803136605,0.0,0.0,0.0,0.0,0.0,0.0,0.0
7,0.375,OMP,96,256,gaussian,gaussian,20.0,0.050977434493333,0.0014293546746944959,0.03780680725338356,1.0,1.0,1,0.0012679000210482627,16,16.0,0.4493628410467526,target_sparsity_reached,0,0,0.0,1.0,False,,0,0,1.942600487782486,0.0,0.0,0.0,0.0,0.0,0.0,0.0
7,0.375,gOMP,96,256,gaussian,gaussian,20.0,0.050977434493333,0.007703059394120082,0.08776707465855338,0.9375,0.9375,0,0.0004348000220488757,6,16.0,0.4975555772763194,target_sparsity_reached,1,1,0.0,3.0,False,,0,0,2.059044262597707,0.0,0.0,0.0,0.0,0.0,0.0,0.0
7,0.375,Improved-gOMP,96,256,gaussian,gaussian,20.0,0.050977434493333,0.0014293546725367427,0.03780680722484699,1.0,1.0,1,0.0016938000044319779,6,16.0,0.44936284104675267,target_sparsity_reached,0,0,0.0001546000421512872,17.333333333333332,True,cholesky_solve,1,0,1.9426004877824865,1.0,1.0,0.0,0.0,1.0,0.0,1.0
7,0.375,RMP,96,256,gaussian,gaussian,20.0,0.050977434493333,0.0014293546746944894,0.03780680725338347,1.0,1.0,1,0.0009318999946117401,16,16.0,0.4493628410467527,target_sparsity_reached,0,0,0.0003880000440403819,1.0,False,,0,0,1.942600487782486,0.0,0.0,0.0,0.0,0.0,0.0,0.0
8,0.375,OMP,96,256,gaussian,gaussian,20.0,0.037174089617342844,0.0015389514211678922,0.039229471334290146,1.0,1.0,1,0.0009428000194020569,16,16.0,0.33784689023925935,target_sparsity_reached,0,0,0.0,1.0,False,,0,0,2.1149586660064053,0.0,0.0,0.0,0.0,0.0,0.0,0.0
8,0.375,gOMP,96,256,gaussian,gaussian,20.0,0.037174089617342844,0.001538951421167928,0.0392294713342906,1.0,1.0,1,0.0004105999832972884,6,16.0,0.3378468902392594,target_sparsity_reached,0,0,0.0,3.0,False,,0,0,2.1149586660064057,0.0,0.0,0.0,0.0,0.0,0.0,0.0
8,0.375,Improved-gOMP,96,256,gaussian,gaussian,20.0,0.037174089617342844,0.0015389514211647903,0.03922947133425061,1.0,1.0,1,0.0014927000156603754,6,16.0,0.33784689023925935,target_sparsity_reached,0,0,0.00013720005517825484,17.5,True,cholesky_solve,1,0,2.1149586660064053,1.0,1.0,0.0,0.0,1.0,0.0,1.0
8,0.375,RMP,96,256,gaussian,gaussian,20.0,0.037174089617342844,0.0015389514211678903,0.03922947133429012,1.0,1.0,1,0.0009512999968137592,16,16.0,0.3378468902392593,target_sparsity_reached,0,0,0.00039349994040094316,1.0,False,,0,0,2.1149586660064053,0.0,0.0,0.0,0.0,0.0,0.0,0.0
9,0.375,OMP,96,256,gaussian,gaussian,20.0,0.040113656438935975,0.006675175787761419,0.08170174898838714,0.75,0.75,0,0.0008887999865692109,16,16.0,0.3250527962423496,target_sparsity_reached,4,4,0.0,1.0,False,,0,0,2.088287112473557,0.0,0.0,0.0,0.0,0.0,0.0,0.0
9,0.375,gOMP,96,256,gaussian,gaussian,20.0,0.040113656438935975,0.005132496133762491,0.07164144145508583,0.75,0.75,0,0.00044860001071356237,6,16.0,0.35885694207218566,target_sparsity_reached,4,4,0.0,3.0,False,,0,0,2.317507144509739,0.0,0.0,0.0,0.0,0.0,0.0,0.0
9,0.375,Improved-gOMP,96,256,gaussian,gaussian,20.0,0.040113656438935975,0.00805348467493662,0.08974120945773252,0.6875,0.8461538461538461,0,0.0011433000036049634,5,13.0,0.4003272463594602,noise_floor,2,5,0.00010320002911612391,18.4,True,,0,0,2.0981577410001,0.0,0.0,0.0,0.0,1.0,0.0,1.0
9,0.375,RMP,96,256,gaussian,gaussian,20.0,0.040113656438935975,0.006675175787761424,0.08170174898838717,0.75,0.75,0,0.0009847000183071941,16,16.0,0.32505279624234973,target_sparsity_reached,4,4,0.00040409996290691197,1.0,False,,0,0,2.088287112473557,0.0,0.0,0.0,0.0,0.0,0.0,0.0
10,0.375,OMP,96,256,gaussian,gaussian,20.0,0.05558883381496739,0.0016000710519150712,0.040000888139078504,1.0,1.0,1,0.0009505999914836138,16,16.0,0.4462297601644371,target_sparsity_reached,0,0,0.0,1.0,False,,0,0,1.8112174747405312,0.0,0.0,0.0,0.0,0.0,0.0,0.0
10,0.375,gOMP,96,256,gaussian,gaussian,20.0,0.05558883381496739,0.0113712282959738,0.10663596155131627,0.875,0.875,0,0.0004312999953981489,6,16.0,0.7046304239851069,target_sparsity_reached,2,2,0.0,3.0,False,,0,0,2.1188361925472488,0.0,0.0,0.0,0.0,0.0,0.0,0.0
10,0.375,Improved-gOMP,96,256,gaussian,gaussian,20.0,0.05558883381496739,0.00808655182736961,0.08992525689354249,0.9375,0.9375,0,0.0021007999894209206,6,16.0,0.5668436909561031,target_sparsity_reached,1,1,0.0001511000155005604,17.0,True,cholesky_solve,1,0,2.100818884332705,1.0,1.0,0.0,0.0,1.0,0.0,1.0
10,0.375,RMP,96,256,gaussian,gaussian,20.0,0.05558883381496739,0.001600071051915068,0.04000088813907846,1.0,1.0,1,0.001284400001168251,16,16.0,0.4462297601644371,target_sparsity_reached,0,0,0.000458399998024106,1.0,False,,0,0,1.8112174747405312,0.0,0.0,0.0,0.0,0.0,0.0,0.0
11,0.375,OMP,96,256,gaussian,gaussian,20.0,0.05386058830072397,0.003516731178431354,0.05930203351008593,0.9375,0.9375,0,0.0009345999860670418,16,16.0,0.43087439149885953,target_sparsity_reached,1,1,0.0,1.0,False,,0,0,2.0665594580189466,0.0,0.0,0.0,0.0,0.0,0.0,0.0
11,0.375,gOMP,96,256,gaussian,gaussian,20.0,0.05386058830072397,0.0035167311784313694,0.05930203351008606,0.9375,0.9375,0,0.0003947000077459961,6,16.0,0.4308743914988596,target_sparsity_reached,1,1,0.0,3.0,False,,0,0,2.0665594580189475,0.0,0.0,0.0,0.0,0.0,0.0,0.0
11,0.375,Improved-gOMP,96,256,gaussian,gaussian,20.0,0.05386058830072397,0.008974800222128928,0.09473542221433823,0.8125,1.0,0,0.001053300016792491,5,13.0,0.5732155412797908,noise_floor,0,3,9.239997598342597e-05,18.4,True,,0,0,1.8058402279058792,0.0,0.0,0.0,0.0,1.0,0.0,1.0
11,0.375,RMP,96,256,gaussian,gaussian,20.0,0.05386058830072397,0.0035167311784313608,0.059302033510085984,0.9375,0.9375,0,0.0008910000033210963,16,16.0,0.43087439149885964,target_sparsity_reached,1,1,0.00036529998760670424,1.0,False,,0,0,2.0665594580189466,0.0,0.0,0.0,0.0,0.0,0.0,0.0
12,0.375,OMP,96,256,gaussian,gaussian,20.0,0.03847137128165994,0.0022198907431947496,0.04711571652001856,0.9375,0.9375,0,0.0009155000152532011,16,16.0,0.3446563340177169,target_sparsity_reached,1,1,0.0,1.0,False,,0,0,2.1250509508412967,0.0,0.0,0.0,0.0,0.0,0.0,0.0
12,0.375,gOMP,96,256,gaussian,gaussian,20.0,0.03847137128165994,0.002090849905553179,0.045725812245964295,0.9375,0.9375,0,0.00039170001400634646,6,16.0,0.3547143387209601,target_sparsity_reached,1,1,0.0,3.0,False,,0,0,2.204221822790173,0.0,0.0,0.0,0.0,0.0,0.0,0.0
12,0.375,Improved-gOMP,96,256,gaussian,gaussian,20.0,0.03847137128165994,0.001053194151594784,0.03245295289484123,1.0,1.0,1,0.0015226000105030835,6,16.0,0.3447136194160043,target_sparsity_reached,0,0,0.00013489997945725918,17.666666666666668,True,cholesky_solve,1,0,2.1882644960287556,1.0,1.0,0.0,0.0,1.0,0.0,1.0
12,0.375,RMP,96,256,gaussian,gaussian,20.0,0.03847137128165994,0.0022198907431947566,0.04711571652001863,0.9375,0.9375,0,0.0009102000040002167,16,16.0,0.34465633401771695,target_sparsity_reached,1,1,0.00037150003481656313,1.0,False,,0,0,2.1250509508412967,0.0,0.0,0.0,0.0,0.0,0.0,0.0
13,0.375,OMP,96,256,gaussian,gaussian,20.0,0.0585456266165154,0.0060361468928314356,0.07769264374978777,0.875,0.875,0,0.0009594000002834946,16,16.0,0.5188557905454417,target_sparsity_reached,2,2,0.0,1.0,False,,0,0,1.9243212314914493,0.0,0.0,0.0,0.0,0.0,0.0,0.0
13,0.375,gOMP,96,256,gaussian,gaussian,20.0,0.0585456266165154,0.013597691961989731,0.11660914184569635,0.8125,0.8125,0,0.0004298999847378582,6,16.0,0.5410993243985538,target_sparsity_reached,3,3,0.0,3.0,False,,0,0,2.3304501183759747,0.0,0.0,0.0,0.0,0.0,0.0,0.0
13,0.375,Improved-gOMP,96,256,gaussian,gaussian,20.0,0.0585456266165154,0.0042060345539078215,0.0648539478667862,0.875,0.9333333333333333,0,0.001580000011017546,6,15.0,0.5578488538811283,noise_floor,1,2,0.00014779999037273228,16.333333333333332,True,cholesky_solve,1,0,1.9212847467975793,1.0,1.0,0.0,0.0,1.0,0.0,1.0
13,0.375,RMP,96,256,gaussian,gaussian,20.0,0.0585456266165154,0.006036146892831427,0.07769264374978771,0.875,0.875,0,0.0009971999970730394,16,16.0,0.5188557905454418,target_sparsity_reached,2,2,0.0004138000658713281,1.0,False,,0,0,1.9243212314914493,0.0,0.0,0.0,0.0,0.0,0.0,0.0
14,0.375,OMP,96,256,gaussian,gaussian,20.0,0.04193066074120487,0.0037662869083125053,0.06137008154070276,0.875,0.875,0,0.0009640000062063336,16,16.0,0.40820893452694046,target_sparsity_reached,2,2,0.0,1.0,False,,0,0,2.138074822729167,0.0,0.0,0.0,0.0,0.0,0.0,0.0
14,0.375,gOMP,96,256,gaussian,gaussian,20.0,0.04193066074120487,0.0029636694873068337,0.05443959484884907,0.875,0.875,0,0.0003862000012304634,6,16.0,0.41350768448151726,target_sparsity_reached,2,2,0.0,3.0,False,,0,0,2.0849793934046827,0.0,0.0,0.0,0.0,0.0,0.0,0.0
14,0.375,Improved-gOMP,96,256,gaussian,gaussian,20.0,0.04193066074120487,0.0053219702935785726,0.0729518354366672,0.875,0.875,0,0.0019256000232417136,6,16.0,0.395843775605463,target_sparsity_reached,2,2,0.0001618000096641481,17.666666666666668,True,cholesky_solve,1,0,2.1599570577521754,1.0,1.0,0.0,0.0,1.0,0.0,1.0
14,0.375,RMP,96,256,gaussian,gaussian,20.0,0.04193066074120487,0.0037662869083125,0.06137008154070272,0.875,0.875,0,0.0009420000133104622,16,16.0,0.40820893452694057,target_sparsity_reached,2,2,0.00038279994623735547,1.0,False,,0,0,2.138074822729167,0.0,0.0,0.0,0.0,0.0,0.0,0.0
15,0.375,OMP,96,256,gaussian,gaussian,20.0,0.04382570070836854,0.000912327080326334,0.030204752611573137,1.0,1.0,1,0.0009981000039260834,16,16.0,0.39097111990228006,target_sparsity_reached,0,0,0.0,1.0,False,,0,0,2.0360312289143145,0.0,0.0,0.0,0.0,0.0,0.0,0.0
15,0.375,gOMP,96,256,gaussian,gaussian,20.0,0.04382570070836854,0.005283627937557919,0.07268856813528465,0.875,0.875,0,0.00037730002077296376,6,16.0,0.4139053468203738,target_sparsity_reached,2,2,0.0,3.0,False,,0,0,2.033328701474786,0.0,0.0,0.0,0.0,0.0,0.0,0.0
15,0.375,Improved-gOMP,96,256,gaussian,gaussian,20.0,0.04382570070836854,0.002913340409966914,0.053975368548690006,0.9375,0.9375,0,0.00142680000863038,6,16.0,0.3980172291243223,target_sparsity_reached,1,1,0.00013800003216601908,17.5,True,cholesky_solve,1,0,2.0149939395507683,1.0,1.0,0.0,0.0,1.0,0.0,1.0
15,0.375,RMP,96,256,gaussian,gaussian,20.0,0.04382570070836854,0.000912327080326334,0.030204752611573137,1.0,1.0,1,0.0008719999750610441,16,16.0,0.39097111990228006,target_sparsity_reached,0,0,0.00036589993396773934,1.0,False,,0,0,2.0360312289143145,0.0,0.0,0.0,0.0,0.0,0.0,0.0
16,0.375,OMP,96,256,gaussian,gaussian,20.0,0.03709969817275776,0.0019330531927127434,0.04396650080132308,1.0,1.0,1,0.000911299983272329,16,16.0,0.3392835507045994,target_sparsity_reached,0,0,0.0,1.0,False,,0,0,2.0131210810284426,0.0,0.0,0.0,0.0,0.0,0.0,0.0
16,0.375,gOMP,96,256,gaussian,gaussian,20.0,0.03709969817275776,0.010569717781357,0.10280913277212779,0.9375,0.9375,0,0.00044100001105107367,6,16.0,0.46409247409252163,target_sparsity_reached,1,1,0.0,3.0,False,,0,0,2.229057140803368,0.0,0.0,0.0,0.0,0.0,0.0,0.0
16,0.375,Improved-gOMP,96,256,gaussian,gaussian,20.0,0.03709969817275776,0.010569717785570684,0.10280913279262054,0.9375,0.9375,0,0.001515799987828359,6,16.0,0.4640924740925216,target_sparsity_reached,1,1,0.000142400007462129,17.666666666666668,True,cholesky_solve,1,0,2.229057140803369,1.0,1.0,0.0,0.0,1.0,0.0,1.0
16,0.375,RMP,96,256,gaussian,gaussian,20.0,0.03709969817275776,0.0019330531927127697,0.04396650080132338,1.0,1.0,1,0.0013688000035472214,16,16.0,0.3392835507045993,target_sparsity_reached,0,0,0.0005492999334819615,1.0,False,,0,0,2.0131210810284426,0.0,0.0,0.0,0.0,0.0,0.0,0.0
17,0.375,OMP,96,256,gaussian,gaussian,20.0,0.034045858638861545,0.003045117381736831,0.05518258223150518,0.9375,0.9375,0,0.0012497999996412545,16,16.0,0.3234000211568889,target_sparsity_reached,1,1,0.0,1.0,False,,0,0,2.229631334043892,0.0,0.0,0.0,0.0,0.0,0.0,0.0
17,0.375,gOMP,96,256,gaussian,gaussian,20.0,0.034045858638861545,0.0019062464157273563,0.043660581944442244,0.9375,0.9375,0,0.0004430999979376793,6,16.0,0.3403362759724494,target_sparsity_reached,1,1,0.0,3.0,False,,0,0,2.3926022325196294,0.0,0.0,0.0,0.0,0.0,0.0,0.0
17,0.375,Improved-gOMP,96,256,gaussian,gaussian,20.0,0.034045858638861545,0.003045117380855797,0.05518258222352228,0.9375,0.9375,0,0.0020192000083625317,6,16.0,0.3234000211568889,target_sparsity_reached,1,1,0.00018110001110471785,17.833333333333332,True,cholesky_solve,1,0,2.2296313340438902,1.0,1.0,0.0,0.0,1.0,0.0,1.0
17,0.375,RMP,96,256,gaussian,gaussian,20.0,0.034045858638861545,0.003045117381736833,0.0551825822315052,0.9375,0.9375,0,0.0014223000034689903,16,16.0,0.3234000211568888,target_sparsity_reached,1,1,0.0005262999911792576,1.0,False,,0,0,2.229631334043892,0.0,0.0,0.0,0.0,0.0,0.0,0.0
18,0.375,OMP,96,256,gaussian,gaussian,20.0,0.037364816129486854,0.01033482392005934,0.10166033602177076,0.875,0.875,0,0.0010019000037573278,16,16.0,0.28316172380503485,target_sparsity_reached,2,2,0.0,1.0,False,,0,0,2.2034836331147973,0.0,0.0,0.0,0.0,0.0,0.0,0.0
18,0.375,gOMP,96,256,gaussian,gaussian,20.0,0.037364816129486854,0.012105083379206362,0.11002310384281276,0.8125,0.8125,0,0.0003873000096064061,6,16.0,0.33066365856330926,target_sparsity_reached,3,3,0.0,3.0,False,,0,0,2.319735974431795,0.0,0.0,0.0,0.0,0.0,0.0,0.0
18,0.375,Improved-gOMP,96,256,gaussian,gaussian,20.0,0.037364816129486854,0.009797557433090345,0.09898261177141339,0.875,0.875,0,0.001516699994681403,6,16.0,0.3100866413671177,target_sparsity_reached,2,2,0.00013940001372247934,17.5,True,cholesky_solve,1,0,2.3317429652305837,1.0,1.0,0.0,0.0,1.0,0.0,1.0
18,0.375,RMP,96,256,gaussian,gaussian,20.0,0.037364816129486854,0.010334823920059346,0.10166033602177078,0.875,0.875,0,0.0009179000044241548,16,16.0,0.2831617238050348,target_sparsity_reached,2,2,0.00037739999243058264,1.0,False,,0,0,2.2034836331147973,0.0,0.0,0.0,0.0,0.0,0.0,0.0
19,0.375,OMP,96,256,gaussian,gaussian,20.0,0.04636098783192864,0.0063465571531056775,0.07966528198095879,0.875,0.875,0,0.0010066000104416162,16,16.0,0.412654734564554,target_sparsity_reached,2,2,0.0,1.0,False,,0,0,2.046704555189558,0.0,0.0,0.0,0.0,0.0,0.0,0.0
19,0.375,gOMP,96,256,gaussian,gaussian,20.0,0.04636098783192864,0.002092639612472987,0.0457453780449237,0.9375,0.9375,0,0.00041890001739375293,6,16.0,0.4302916707704457,target_sparsity_reached,1,1,0.0,3.0,False,,0,0,2.244667872984112,0.0,0.0,0.0,0.0,0.0,0.0,0.0
19,0.375,Improved-gOMP,96,256,gaussian,gaussian,20.0,0.04636098783192864,0.0048391117370391815,0.06956372428959781,0.875,0.875,0,0.0015336000069510192,6,16.0,0.4240079845335422,target_sparsity_reached,2,2,0.0001402000489179045,17.833333333333332,True,cholesky_solve,1,0,2.143488494136715,1.0,1.0,0.0,0.0,1.0,0.0,1.0
19,0.375,RMP,96,256,gaussian,gaussian,20.0,0.04636098783192864,0.006346557153105676,0.07966528198095878,0.875,0.875,0,0.0008779999916441739,16,16.0,0.412654734564554,target_sparsity_reached,2,2,0.000375300005543977,1.0,False,,0,0,2.046704555189558,0.0,0.0,0.0,0.0,0.0,0.0,0.0
0,0.5,OMP,128,256,gaussian,gaussian,20.0,0.03444864648061887,0.004306821770136269,0.06562638013890655,0.8125,0.8125,0,0.00157940000644885,16,16.0,0.3430061345938368,target_sparsity_reached,3,3,0.0,1.0,False,,0,0,1.8032770553279798,0.0,0.0,0.0,0.0,0.0,0.0,0.0
0,0.5,gOMP,128,256,gaussian,gaussian,20.0,0.03444864648061887,0.0030350586443648104,0.055091366332346584,0.8125,0.8125,0,0.00045870000030845404,6,16.0,0.3503857728933626,target_sparsity_reached,3,3,0.0,3.0,False,,0,0,1.737323000097891,0.0,0.0,0.0,0.0,0.0,0.0,0.0
0,0.5,Improved-gOMP,128,256,gaussian,gaussian,20.0,0.03444864648061887,0.0022542031064618413,0.047478448863266805,0.75,1.0,0,0.0012455999967642128,5,12.0,0.38223822528024665,noise_floor,0,4,0.00010710000060498714,17.4,True,,0,0,1.5710863449616088,0.0,0.0,0.0,0.0,1.0,0.0,1.0
0,0.5,RMP,128,256,gaussian,gaussian,20.0,0.03444864648061887,0.004306821770136268,0.06562638013890655,0.8125,0.8125,0,0.0012503000034485012,16,16.0,0.3430061345938368,target_sparsity_reached,3,3,0.0005544000305235386,1.0,False,,0,0,1.8032770553279798,0.0,0.0,0.0,0.0,0.0,0.0,0.0
1,0.5,OMP,128,256,gaussian,gaussian,20.0,0.035849449371288006,0.002211572611261933,0.04702736024126735,0.9375,0.9375,0,0.0012713999894913286,16,16.0,0.3730013374457176,target_sparsity_reached,1,1,0.0,1.0,False,,0,0,1.818846336111196,0.0,0.0,0.0,0.0,0.0,0.0,0.0
1,0.5,gOMP,128,256,gaussian,gaussian,20.0,0.035849449371288006,0.00236206112311358,0.048601040350115754,0.9375,0.9375,0,0.0004577000217977911,6,16.0,0.3749403255116374,target_sparsity_reached,1,1,0.0,3.0,False,,0,0,1.7799555244362684,0.0,0.0,0.0,0.0,0.0,0.0,0.0
1,0.5,Improved-gOMP,128,256,gaussian,gaussian,20.0,0.035849449371288006,0.0013891759703589814,0.03727165102808006,0.9375,1.0,0,0.0016045999946072698,6,15.0,0.3865372220484596,noise_floor,0,1,0.00014600006397813559,17.0,True,cholesky_solve,1,0,1.7600065625004202,1.0,1.0,0.0,0.0,1.0,0.0,1.0
1,0.5,RMP,128,256,gaussian,gaussian,20.0,0.035849449371288006,0.0022115726112619275,0.04702736024126729,0.9375,0.9375,0,0.0010337000130675733,16,16.0,0.37300133744571756,target_sparsity_reached,1,1,0.0004169000021647662,1.0,False,,0,0,1.818846336111196,0.0,0.0,0.0,0.0,0.0,0.0,0.0
2,0.5,OMP,128,256,gaussian,gaussian,20.0,0.03892922697183794,0.002792768949344855,0.05284665504405038,0.875,0.875,0,0.0009488999785389751,16,16.0,0.3594418126799442,target_sparsity_reached,2,2,0.0,1.0,False,,0,0,1.6834226934537648,0.0,0.0,0.0,0.0,0.0,0.0,0.0
2,0.5,gOMP,128,256,gaussian,gaussian,20.0,0.03892922697183794,0.004927296371012787,0.07019470329741972,0.8125,0.8125,0,0.00041370000690221786,6,16.0,0.3735830675407837,target_sparsity_reached,3,3,0.0,3.0,False,,0,0,1.9179356276896997,0.0,0.0,0.0,0.0,0.0,0.0,0.0
2,0.5,Improved-gOMP,128,256,gaussian,gaussian,20.0,0.03892922697183794,0.0027511475929642786,0.0524513831368085,0.8125,1.0,0,0.0011592000082600862,5,13.0,0.40499382877783996,noise_floor,0,3,0.0001002000062726438,18.2,True,,0,0,1.6292064009056297,0.0,0.0,0.0,0.0,1.0,0.0,1.0
2,0.5,RMP,128,256,gaussian,gaussian,20.0,0.03892922697183794,0.002792768949344833,0.05284665504405017,0.875,0.875,0,0.0009531000105198473,16,16.0,0.3594418126799441,target_sparsity_reached,2,2,0.0003794000076595694,1.0,False,,0,0,1.6834226934537648,0.0,0.0,0.0,0.0,0.0,0.0,0.0
3,0.5,OMP,128,256,gaussian,gaussian,20.0,0.03619837883043152,0.001632711127264147,0.040406820306281795,0.9375,0.9375,0,0.0009588999964762479,16,16.0,0.3666828193578997,target_sparsity_reached,1,1,0.0,1.0,False,,0,0,1.843379656420118,0.0,0.0,0.0,0.0,0.0,0.0,0.0
3,0.5,gOMP,128,256,gaussian,gaussian,20.0,0.03619837883043152,0.0012224384742977768,0.03496338762616942,0.9375,0.9375,0,0.0006630999851040542,6,16.0,0.3772015045785555,target_sparsity_reached,1,1,0.0,3.0,False,,0,0,1.9220650002317894,0.0,0.0,0.0,0.0,0.0,0.0,0.0
3,0.5,Improved-gOMP,128,256,gaussian,gaussian,20.0,0.03619837883043152,0.001333794594735547,0.03652115270272212,0.875,0.9333333333333333,0,0.0016001000185497105,5,15.0,0.41136108610309013,noise_floor,1,2,0.00013840003521181643,20.0,True,cholesky_solve,1,0,1.886593013799497,1.0,1.0,0.0,0.0,1.0,0.0,1.0
3,0.5,RMP,128,256,gaussian,gaussian,20.0,0.03619837883043152,0.0016327111272641424,0.04040682030628174,0.9375,0.9375,0,0.0010305999894626439,16,16.0,0.3666828193578997,target_sparsity_reached,1,1,0.0004234000516589731,1.0,False,,0,0,1.843379656420118,0.0,0.0,0.0,0.0,0.0,0.0,0.0
4,0.5,OMP,128,256,gaussian,gaussian,20.0,0.041780313674562815,0.0023430249813377983,0.048404803287874214,0.875,0.875,0,0.0011436000058893114,16,16.0,0.41688469797469996,target_sparsity_reached,2,2,0.0,1.0,False,,0,0,1.7665491862419596,0.0,0.0,0.0,0.0,0.0,0.0,0.0
4,0.5,gOMP,128,256,gaussian,gaussian,20.0,0.041780313674562815,0.0021421363917301624,0.04628321933195834,0.875,0.875,0,0.0005073999927844852,6,16.0,0.41978179765885043,target_sparsity_reached,2,2,0.0,3.0,False,,0,0,1.732795475890863,0.0,0.0,0.0,0.0,0.0,0.0,0.0
4,0.5,Improved-gOMP,128,256,gaussian,gaussian,20.0,0.041780313674562815,0.003296807463303457,0.05741783227624896,0.8125,1.0,0,0.0012400000123307109,5,13.0,0.48918190052802535,noise_floor,0,3,0.00011869997251778841,19.0,True,,0,0,1.6159018858915188,0.0,0.0,0.0,0.0,1.0,0.0,1.0
4,0.5,RMP,128,256,gaussian,gaussian,20.0,0.041780313674562815,0.0023430249813377983,0.048404803287874214,0.875,0.875,0,0.0010432999988552183,16,16.0,0.41688469797469996,target_sparsity_reached,2,2,0.0004030000127386302,1.0,False,,0,0,1.7665491862419596,0.0,0.0,0.0,0.0,0.0,0.0,0.0
5,0.5,OMP,128,256,gaussian,gaussian,20.0,0.04214051207589321,0.002612466463456357,0.051112292684405744,0.9375,0.9375,0,0.0009669999999459833,16,16.0,0.4183642540489874,target_sparsity_reached,1,1,0.0,1.0,False,,0,0,1.7469764158879022,0.0,0.0,0.0,0.0,0.0,0.0,0.0
5,0.5,gOMP,128,256,gaussian,gaussian,20.0,0.04214051207589321,0.0026124664634563817,0.05111229268440599,0.9375,0.9375,0,0.0005327000108081847,6,16.0,0.41836425404898736,target_sparsity_reached,1,1,0.0,3.0,False,,0,0,1.7469764158879018,0.0,0.0,0.0,0.0,0.0,0.0,0.0
5,0.5,Improved-gOMP,128,256,gaussian,gaussian,20.0,0.04214051207589321,0.002612466465818775,0.05111229270751582,0.9375,0.9375,0,0.0015372000052593648,6,16.0,0.41836425404898747,target_sparsity_reached,1,1,0.0001372999686282128,18.333333333333332,True,cholesky_solve,1,0,1.7469764158879018,1.0,1.0,0.0,0.0,1.0,0.0,1.0
5,0.5,RMP,128,256,gaussian,gaussian,20.0,0.04214051207589321,0.0026124664634563613,0.051112292684405786,0.9375,0.9375,0,0.0009462999878451228,16,16.0,0.4183642540489874,target_sparsity_reached,1,1,0.0003844000748358667,1.0,False,,0,0,1.7469764158879022,0.0,0.0,0.0,0.0,0.0,0.0,0.0
6,0.5,OMP,128,256,gaussian,gaussian,20.0,0.046595300554337846,0.0036745207935563076,0.06061782570792446,0.9375,0.9375,0,0.000997399998595938,16,16.0,0.43417269776503414,target_sparsity_reached,1,1,0.0,1.0,False,,0,0,1.8604878584857463,0.0,0.0,0.0,0.0,0.0,0.0,0.0
6,0.5,gOMP,128,256,gaussian,gaussian,20.0,0.046595300554337846,0.0036745207935563484,0.0606178257079248,0.9375,0.9375,0,0.00042260001646354795,6,16.0,0.4341726977650341,target_sparsity_reached,1,1,0.0,3.0,False,,0,0,1.8604878584857467,0.0,0.0,0.0,0.0,0.0,0.0,0.0
6,0.5,Improved-gOMP,128,256,gaussian,gaussian,20.0,0.046595300554337846,0.0020122384839473474,0.04485798127365238,0.9375,1.0,0,0.0015174000000115484,6,15.0,0.4533416996449733,noise_floor,0,1,0.00014180000289343297,17.166666666666668,True,cholesky_solve,1,0,1.7464577542735709,1.0,1.0,0.0,0.0,1.0,0.0,1.0
6,0.5,RMP,128,256,gaussian,gaussian,20.0,0.046595300554337846,0.0036745207935563076,0.06061782570792446,0.9375,0.9375,0,0.0012323999835643917,16,16.0,0.43417269776503414,target_sparsity_reached,1,1,0.0004652999632526189,1.0,False,,0,0,1.8604878584857463,0.0,0.0,0.0,0.0,0.0,0.0,0.0
7,0.5,OMP,128,256,gaussian,gaussian,20.0,0.03490722831397323,0.007019752834144213,0.08378396525674953,0.75,0.75,0,0.0011190999939572066,16,16.0,0.3385263706690556,target_sparsity_reached,4,4,0.0,1.0,False,,0,0,1.7284253174917303,0.0,0.0,0.0,0.0,0.0,0.0,0.0
7,0.5,gOMP,128,256,gaussian,gaussian,20.0,0.03490722831397323,0.0059270511053516476,0.07698734379981977,0.75,0.75,0,0.00045960000716149807,6,16.0,0.3459353349153175,target_sparsity_reached,4,4,0.0,3.0,False,,0,0,1.7389496694564621,0.0,0.0,0.0,0.0,0.0,0.0,0.0
7,0.5,Improved-gOMP,128,256,gaussian,gaussian,20.0,0.03490722831397323,0.004303895735899089,0.06560408322581064,0.75,0.9230769230769231,0,0.001203799998620525,5,13.0,0.3818493329443426,noise_floor,1,4,0.00010559998918324709,18.8,True,,0,0,1.539725958140802,0.0,0.0,0.0,0.0,1.0,0.0,1.0
7,0.5,RMP,128,256,gaussian,gaussian,20.0,0.03490722831397323,0.007019752834144244,0.08378396525674972,0.75,0.75,0,0.0015518000000156462,16,16.0,0.33852637066905567,target_sparsity_reached,4,4,0.0005456999351736158,1.0,False,,0,0,1.7284253174917303,0.0,0.0,0.0,0.0,0.0,0.0,0.0
8,0.5,OMP,128,256,gaussian,gaussian,20.0,0.03493022897314174,0.004819236493019384,0.0694207209197613,0.875,0.875,0,0.0012215999886393547,16,16.0,0.3299140886252772,target_sparsity_reached,2,2,0.0,1.0,False,,0,0,1.8558473284714796,0.0,0.0,0.0,0.0,0.0,0.0,0.0
8,0.5,gOMP,128,256,gaussian,gaussian,20.0,0.03493022897314174,0.002652422153366017,0.051501671364782106,0.9375,0.9375,0,0.000430300016887486,6,16.0,0.34124561625595395,target_sparsity_reached,1,1,0.0,3.0,False,,0,0,2.0153218627399156,0.0,0.0,0.0,0.0,0.0,0.0,0.0
8,0.5,Improved-gOMP,128,256,gaussian,gaussian,20.0,0.03493022897314174,0.003954600858283712,0.06288561726089449,0.875,0.9333333333333333,0,0.0016613999905530363,6,15.0,0.3441706165196333,noise_floor,1,2,0.00014470002497546375,17.0,True,cholesky_solve,1,0,1.8189868429417562,1.0,1.0,0.0,0.0,1.0,0.0,1.0
8,0.5,RMP,128,256,gaussian,gaussian,20.0,0.03493022897314174,0.004819236493019381,0.06942072091976127,0.875,0.875,0,0.000988799991318956,16,16.0,0.3299140886252772,target_sparsity_reached,2,2,0.00040059996536001563,1.0,False,,0,0,1.8558473284714796,0.0,0.0,0.0,0.0,0.0,0.0,0.0
9,0.5,OMP,128,256,gaussian,gaussian,20.0,0.038526225136668674,0.0015322035800607657,0.0391433721089633,1.0,1.0,1,0.0009892999951262027,16,16.0,0.33167726976831197,target_sparsity_reached,0,0,0.0,1.0,False,,0,0,1.749508609516356,0.0,0.0,0.0,0.0,0.0,0.0,0.0
9,0.5,gOMP,128,256,gaussian,gaussian,20.0,0.038526225136668674,0.0023130554418330346,0.04809423501661124,0.9375,0.9375,0,0.00041870001587085426,6,16.0,0.33650696759335685,target_sparsity_reached,1,1,0.0,3.0,False,,0,0,1.8326536833944203,0.0,0.0,0.0,0.0,0.0,0.0,0.0
9,0.5,Improved-gOMP,128,256,gaussian,gaussian,20.0,0.038526225136668674,0.006072854729730147,0.07792852321024792,0.75,1.0,0,0.0010628000018186867,5,12.0,0.4523408596093889,noise_floor,0,4,9.71999834291637e-05,17.0,True,,0,0,1.6664936419327494,0.0,0.0,0.0,0.0,1.0,0.0,1.0
9,0.5,RMP,128,256,gaussian,gaussian,20.0,0.038526225136668674,0.001532203580060785,0.03914337210896354,1.0,1.0,1,0.0009366000012960285,16,16.0,0.33167726976831186,target_sparsity_reached,0,0,0.00038249988574534655,1.0,False,,0,0,1.749508609516356,0.0,0.0,0.0,0.0,0.0,0.0,0.0
10,0.5,OMP,128,256,gaussian,gaussian,20.0,0.0406957131720631,0.0024259107084332295,0.049253534984133165,0.9375,0.9375,0,0.0010300000139977783,16,16.0,0.3990815450163746,target_sparsity_reached,1,1,0.0,1.0,False,,0,0,1.839288360185783,0.0,0.0,0.0,0.0,0.0,0.0,0.0
10,0.5,gOMP,128,256,gaussian,gaussian,20.0,0.0406957131720631,0.004474912037918142,0.0668947833385993,0.875,0.875,0,0.0005581000004895031,6,16.0,0.42634878912764845,target_sparsity_reached,2,2,0.0,3.0,False,,0,0,1.8246543620583133,0.0,0.0,0.0,0.0,0.0,0.0,0.0
10,0.5,Improved-gOMP,128,256,gaussian,gaussian,20.0,0.0406957131720631,0.005301621451261019,0.07281223421418284,0.8125,1.0,0,0.0013128000136930496,5,13.0,0.5032813903326098,noise_floor,0,3,0.00010959999053739011,18.6,True,,0,0,1.6003238123440304,0.0,0.0,0.0,0.0,1.0,0.0,1.0
10,0.5,RMP,128,256,gaussian,gaussian,20.0,0.0406957131720631,0.0024259107084332295,0.049253534984133165,0.9375,0.9375,0,0.0010271999926771969,16,16.0,0.3990815450163746,target_sparsity_reached,1,1,0.0004044999950565398,1.0,False,,0,0,1.839288360185783,0.0,0.0,0.0,0.0,0.0,0.0,0.0
11,0.5,OMP,128,256,gaussian,gaussian,20.0,0.032230565907011406,0.003880652874725552,0.0622948864251758,0.875,0.875,0,0.0019197000074200332,16,16.0,0.32659542140389913,target_sparsity_reached,2,2,0.0,1.0,False,,0,0,2.0115343988487946,0.0,0.0,0.0,0.0,0.0,0.0,0.0
11,0.5,gOMP,128,256,gaussian,gaussian,20.0,0.032230565907011406,0.004092633689689927,0.06397369529494076,0.875,0.875,0,0.0004589999734889716,6,16.0,0.3245508403624189,target_sparsity_reached,2,2,0.0,3.0,False,,0,0,2.000482871985212,0.0,0.0,0.0,0.0,0.0,0.0,0.0
11,0.5,Improved-gOMP,128,256,gaussian,gaussian,20.0,0.032230565907011406,0.008068453045178737,0.08982456816026858,0.75,0.9230769230769231,0,0.0020620999857783318,5,13.0,0.3977743676019759,noise_floor,1,4,0.0001606000296305865,18.8,True,,0,0,1.7661752409093194,0.0,0.0,0.0,0.0,1.0,0.0,1.0
11,0.5,RMP,128,256,gaussian,gaussian,20.0,0.032230565907011406,0.0038806528747255486,0.06229488642517577,0.875,0.875,0,0.0010724000167101622,16,16.0,0.32659542140389913,target_sparsity_reached,2,2,0.00043790004565380514,1.0,False,,0,0,2.0115343988487946,0.0,0.0,0.0,0.0,0.0,0.0,0.0
12,0.5,OMP,128,256,gaussian,gaussian,20.0,0.027772941177980202,0.0019437764346200536,0.04408828001430826,0.9375,0.9375,0,0.0009471999946981668,16,16.0,0.28336810821466646,target_sparsity_reached,1,1,0.0,1.0,False,,0,0,1.7394086398083142,0.0,0.0,0.0,0.0,0.0,0.0,0.0
12,0.5,gOMP,128,256,gaussian,gaussian,20.0,0.027772941177980202,0.001631640807963855,0.040393573844905765,0.9375,0.9375,0,0.000467999983811751,6,16.0,0.29285664479232204,target_sparsity_reached,1,1,0.0,3.0,False,,0,0,1.7676223160057214,0.0,0.0,0.0,0.0,0.0,0.0,0.0
12,0.5,Improved-gOMP,128,256,gaussian,gaussian,20.0,0.027772941177980202,0.0030576077006634022,0.05529563907455454,0.8125,1.0,0,0.0011693999986164272,5,13.0,0.34321123658802105,noise_floor,0,3,9.370001498609781e-05,18.6,True,,0,0,1.6193836397509533,0.0,0.0,0.0,0.0,1.0,0.0,1.0
12,0.5,RMP,128,256,gaussian,gaussian,20.0,0.027772941177980202,0.0019437764346200556,0.04408828001430829,0.9375,0.9375,0,0.0010173999762628227,16,16.0,0.2833681082146665,target_sparsity_reached,1,1,0.0004013000288978219,1.0,False,,0,0,1.7394086398083142,0.0,0.0,0.0,0.0,0.0,0.0,0.0
13,0.5,OMP,128,256,gaussian,gaussian,20.0,0.04188323784793214,0.0031320194266468452,0.05596444788119369,0.875,0.875,0,0.0009441000001970679,16,16.0,0.42550296393132847,target_sparsity_reached,2,2,0.0,1.0,False,,0,0,1.8851315041475498,0.0,0.0,0.0,0.0,0.0,0.0,0.0
13,0.5,gOMP,128,256,gaussian,gaussian,20.0,0.04188323784793214,0.003132019426646827,0.05596444788119353,0.875,0.875,0,0.0004412999842315912,6,16.0,0.4255029639313286,target_sparsity_reached,2,2,0.0,3.0,False,,0,0,1.8851315041475507,0.0,0.0,0.0,0.0,0.0,0.0,0.0
13,0.5,Improved-gOMP,128,256,gaussian,gaussian,20.0,0.04188323784793214,0.003132019428749916,0.05596444789998303,0.875,0.875,0,0.0016423000197391957,6,16.0,0.4255029639313286,target_sparsity_reached,2,2,0.00014389996067620814,18.5,True,cholesky_solve,1,0,1.8851315041475503,1.0,1.0,0.0,0.0,1.0,0.0,1.0
13,0.5,RMP,128,256,gaussian,gaussian,20.0,0.04188323784793214,0.003132019426646848,0.055964447881193716,0.875,0.875,0,0.000983599980827421,16,16.0,0.4255029639313286,target_sparsity_reached,2,2,0.00040339998668059707,1.0,False,,0,0,1.8851315041475498,0.0,0.0,0.0,0.0,0.0,0.0,0.0
14,0.5,OMP,128,256,gaussian,gaussian,20.0,0.02916571770186978,0.0047283525276709745,0.06876301715072554,0.875,0.875,0,0.0009704999974928796,16,16.0,0.31857780606782066,target_sparsity_reached,2,2,0.0,1.0,False,,0,0,1.930487152629689,0.0,0.0,0.0,0.0,0.0,0.0,0.0
14,0.5,gOMP,128,256,gaussian,gaussian,20.0,0.02916571770186978,0.003403431769446479,0.05833893870689181,0.875,0.875,0,0.00041340000461786985,6,16.0,0.32781654451591613,target_sparsity_reached,2,2,0.0,3.0,False,,0,0,2.060844581434234,0.0,0.0,0.0,0.0,0.0,0.0,0.0
14,0.5,Improved-gOMP,128,256,gaussian,gaussian,20.0,0.02916571770186978,0.003762968203276996,0.06134303712139623,0.8125,1.0,0,0.0012718999932985753,5,13.0,0.3610550499673732,noise_floor,0,3,0.00010410003596916795,18.2,True,,0,0,1.855181357780312,0.0,0.0,0.0,0.0,1.0,0.0,1.0
14,0.5,RMP,128,256,gaussian,gaussian,20.0,0.02916571770186978,0.004728352527670966,0.06876301715072547,0.875,0.875,0,0.0011147000186610967,16,16.0,0.3185778060678207,target_sparsity_reached,2,2,0.00043759995605796576,1.0,False,,0,0,1.930487152629689,0.0,0.0,0.0,0.0,0.0,0.0,0.0
15,0.5,OMP,128,256,gaussian,gaussian,20.0,0.02652236695897943,0.0006181002013569597,0.02486162105247684,1.0,1.0,1,0.0010483999794814736,16,16.0,0.2902055344597481,target_sparsity_reached,0,0,0.0,1.0,False,,0,0,1.7567778733285675,0.0,0.0,0.0,0.0,0.0,0.0,0.0
15,0.5,gOMP,128,256,gaussian,gaussian,20.0,0.02652236695897943,0.0006181002013569784,0.024861621052477217,1.0,1.0,1,0.00045259998296387494,6,16.0,0.29020553445974817,target_sparsity_reached,0,0,0.0,3.0,False,,0,0,1.756777873328567,0.0,0.0,0.0,0.0,0.0,0.0,0.0
15,0.5,Improved-gOMP,128,256,gaussian,gaussian,20.0,0.02652236695897943,0.0006181002002406667,0.024861621030026718,1.0,1.0,1,0.001883000019006431,6,16.0,0.29020553445974817,target_sparsity_reached,0,0,0.0001456999743822962,17.5,True,cholesky_solve,1,0,1.756777873328567,1.0,1.0,0.0,0.0,1.0,0.0,1.0
15,0.5,RMP,128,256,gaussian,gaussian,20.0,0.02652236695897943,0.0006181002013569608,0.024861621052476864,1.0,1.0,1,0.0009408000041730702,16,16.0,0.2902055344597481,target_sparsity_reached,0,0,0.00038730003871023655,1.0,False,,0,0,1.7567778733285675,0.0,0.0,0.0,0.0,0.0,0.0,0.0
16,0.5,OMP,128,256,gaussian,gaussian,20.0,0.033420144867524905,0.0034261967657382873,0.058533723320307304,0.875,0.875,0,0.0009493000106886029,16,16.0,0.32508878655367573,target_sparsity_reached,2,2,0.0,1.0,False,,0,0,1.8273810354434712,0.0,0.0,0.0,0.0,0.0,0.0,0.0
16,0.5,gOMP,128,256,gaussian,gaussian,20.0,0.033420144867524905,0.003400237398306474,0.058311554586603795,0.875,0.875,0,0.0004082999948877841,6,16.0,0.3244971526140129,target_sparsity_reached,2,2,0.0,3.0,False,,0,0,1.8530266006125569,0.0,0.0,0.0,0.0,0.0,0.0,0.0
16,0.5,Improved-gOMP,128,256,gaussian,gaussian,20.0,0.033420144867524905,0.00267576858213837,0.0517278317942901,0.875,0.9333333333333333,0,0.0015014999953564256,6,15.0,0.3378037929655293,noise_floor,1,2,0.00013489995035342872,17.0,True,cholesky_solve,1,0,1.7859856772041094,1.0,1.0,0.0,0.0,1.0,0.0,1.0
16,0.5,RMP,128,256,gaussian,gaussian,20.0,0.033420144867524905,0.0034261967657382873,0.058533723320307304,0.875,0.875,0,0.0010254000080749393,16,16.0,0.32508878655367573,target_sparsity_reached,2,2,0.0004142999241594225,1.0,False,,0,0,1.8273810354434712,0.0,0.0,0.0,0.0,0.0,0.0,0.0
17,0.5,OMP,128,256,gaussian,gaussian,20.0,0.026978673286486177,0.005900517731423415,0.07681482754926561,0.875,0.875,0,0.0010291999788023531,16,16.0,0.30681669800691097,target_sparsity_reached,2,2,0.0,1.0,False,,0,0,1.8164395365999504,0.0,0.0,0.0,0.0,0.0,0.0,0.0
17,0.5,gOMP,128,256,gaussian,gaussian,20.0,0.026978673286486177,0.005588543636213279,0.07475656249596606,0.875,0.875,0,0.0004422999918460846,6,16.0,0.3117407101818374,target_sparsity_reached,2,2,0.0,3.0,False,,0,0,1.8273058835952436,0.0,0.0,0.0,0.0,0.0,0.0,0.0
17,0.5,Improved-gOMP,128,256,gaussian,gaussian,20.0,0.026978673286486177,0.005596192916356686,0.07480770626316974,0.875,0.875,0,0.0016078999906312674,6,16.0,0.31054231382186603,target_sparsity_reached,2,2,0.00013979995856061578,18.166666666666668,True,cholesky_solve,1,0,1.846202410962222,1.0,1.0,0.0,0.0,1.0,0.0,1.0
17,0.5,RMP,128,256,gaussian,gaussian,20.0,0.026978673286486177,0.0059005177314233855,0.07681482754926543,0.875,0.875,0,0.0010972000018227845,16,16.0,0.30681669800691086,target_sparsity_reached,2,2,0.00044649996561929584,1.0,False,,0,0,1.8164395365999504,0.0,0.0,0.0,0.0,0.0,0.0,0.0
18,0.5,OMP,128,256,gaussian,gaussian,20.0,0.03191843996483223,0.001551374726270834,0.03938749454167952,1.0,1.0,1,0.0013296999968588352,16,16.0,0.3070443853819557,target_sparsity_reached,0,0,0.0,1.0,False,,0,0,1.7700340338988294,0.0,0.0,0.0,0.0,0.0,0.0,0.0
18,0.5,gOMP,128,256,gaussian,gaussian,20.0,0.03191843996483223,0.0015513747262708153,0.03938749454167929,1.0,1.0,1,0.0005837000207975507,6,16.0,0.3070443853819557,target_sparsity_reached,0,0,0.0,3.0,False,,0,0,1.7700340338988292,0.0,0.0,0.0,0.0,0.0,0.0,0.0
18,0.5,Improved-gOMP,128,256,gaussian,gaussian,20.0,0.03191843996483223,0.0015513747259284173,0.03938749453733275,1.0,1.0,1,0.0017250000091735274,6,16.0,0.3070443853819557,target_sparsity_reached,0,0,0.00014519999967887998,18.0,True,cholesky_solve,1,0,1.7700340338988292,1.0,1.0,0.0,0.0,1.0,0.0,1.0
18,0.5,RMP,128,256,gaussian,gaussian,20.0,0.03191843996483223,0.0015513747262708316,0.03938749454167949,1.0,1.0,1,0.0009894999966491014,16,16.0,0.3070443853819557,target_sparsity_reached,0,0,0.00039450000622309744,1.0,False,,0,0,1.7700340338988294,0.0,0.0,0.0,0.0,0.0,0.0,0.0
19,0.5,OMP,128,256,gaussian,gaussian,20.0,0.040567071493174095,0.0029669437586738825,0.05446965906515188,0.875,0.875,0,0.0009286999993491918,16,16.0,0.4144306958580839,target_sparsity_reached,2,2,0.0,1.0,False,,0,0,1.8026555284209502,0.0,0.0,0.0,0.0,0.0,0.0,0.0
19,0.5,gOMP,128,256,gaussian,gaussian,20.0,0.040567071493174095,0.0029669437586738673,0.05446965906515174,0.875,0.875,0,0.0004104000108782202,6,16.0,0.41443069585808395,target_sparsity_reached,2,2,0.0,3.0,False,,0,0,1.8026555284209502,0.0,0.0,0.0,0.0,0.0,0.0,0.0
19,0.5,Improved-gOMP,128,256,gaussian,gaussian,20.0,0.040567071493174095,0.0027398404859751025,0.052343485611631775,0.8125,1.0,0,0.0011653999972622842,5,13.0,0.4584598252693415,noise_floor,0,3,9.970003156922758e-05,19.4,True,,0,0,1.5759239136045695,0.0,0.0,0.0,0.0,1.0,0.0,1.0
19,0.5,RMP,128,256,gaussian,gaussian,20.0,0.040567071493174095,0.0029669437586738686,0.054469659065151756,0.875,0.875,0,0.0010017000022344291,16,16.0,0.41443069585808395,target_sparsity_reached,2,2,0.0004076000186614692,1.0,False,,0,0,1.8026555284209502,0.0,0.0,0.0,0.0,0.0,0.0,0.0
0,0.625,OMP,160,256,gaussian,gaussian,20.0,0.031086370297640054,0.0019721822789028234,0.04440925893215089,0.9375,0.9375,0,0.0010895999730564654,16,16.0,0.36514587964448497,target_sparsity_reached,1,1,0.0,1.0,False,,0,0,1.7824465547967594,0.0,0.0,0.0,0.0,0.0,0.0,0.0
0,0.625,gOMP,160,256,gaussian,gaussian,20.0,0.031086370297640054,0.0015846946917620708,0.03980822392122099,0.9375,0.9375,0,0.000447300000814721,6,16.0,0.36917076777318775,target_sparsity_reached,1,1,0.0,3.0,False,,0,0,1.8658759037267962,0.0,0.0,0.0,0.0,0.0,0.0,0.0
0,0.625,Improved-gOMP,160,256,gaussian,gaussian,20.0,0.031086370297640054,0.001972182280569197,0.044409258950912446,0.9375,0.9375,0,0.0016250000044237822,6,16.0,0.36514587964448497,target_sparsity_reached,1,1,0.00014069999451749027,18.0,True,cholesky_solve,1,0,1.782446554796759,1.0,1.0,0.0,0.0,1.0,0.0,1.0
0,0.625,RMP,160,256,gaussian,gaussian,20.0,0.031086370297640054,0.0019721822789028304,0.04440925893215097,0.9375,0.9375,0,0.0011312999995425344,16,16.0,0.36514587964448497,target_sparsity_reached,1,1,0.0004672000359278172,1.0,False,,0,0,1.7824465547967594,0.0,0.0,0.0,0.0,0.0,0.0,0.0
1,0.625,OMP,160,256,gaussian,gaussian,20.0,0.03166708314079423,0.0013421206140767719,0.03663496436570905,1.0,1.0,1,0.0010594000050332397,16,16.0,0.3658404351505437,target_sparsity_reached,0,0,0.0,1.0,False,,0,0,1.8240873887076012,0.0,0.0,0.0,0.0,0.0,0.0,0.0
1,0.625,gOMP,160,256,gaussian,gaussian,20.0,0.03166708314079423,0.001342120614076761,0.0366349643657089,1.0,1.0,1,0.0004523000097833574,6,16.0,0.36584043515054376,target_sparsity_reached,0,0,0.0,3.0,False,,0,0,1.8240873887076012,0.0,0.0,0.0,0.0,0.0,0.0,0.0
1,0.625,Improved-gOMP,160,256,gaussian,gaussian,20.0,0.03166708314079423,0.0013421206097567345,0.03663496430674847,1.0,1.0,1,0.0016630000027362257,6,16.0,0.3658404351505437,target_sparsity_reached,0,0,0.00014310001279227436,18.0,True,cholesky_solve,1,0,1.8240873887076012,1.0,1.0,0.0,0.0,1.0,0.0,1.0
1,0.625,RMP,160,256,gaussian,gaussian,20.0,0.03166708314079423,0.0013421206140767719,0.03663496436570905,1.0,1.0,1,0.0010748000058811158,16,16.0,0.3658404351505437,target_sparsity_reached,0,0,0.00042509994818829,1.0,False,,0,0,1.8240873887076012,0.0,0.0,0.0,0.0,0.0,0.0,0.0
2,0.625,OMP,160,256,gaussian,gaussian,20.0,0.030144642226758885,0.0016233799152815063,0.040291189052713575,0.9375,0.9375,0,0.0010089999996125698,16,16.0,0.29109828587317604,target_sparsity_reached,1,1,0.0,1.0,False,,0,0,1.8685346167797505,0.0,0.0,0.0,0.0,0.0,0.0,0.0
2,0.625,gOMP,160,256,gaussian,gaussian,20.0,0.030144642226758885,0.0016233799152815063,0.040291189052713575,0.9375,0.9375,0,0.0004421000194270164,6,16.0,0.29109828587317604,target_sparsity_reached,1,1,0.0,3.0,False,,0,0,1.8685346167797505,0.0,0.0,0.0,0.0,0.0,0.0,0.0
2,0.625,Improved-gOMP,160,256,gaussian,gaussian,20.0,0.030144642226758885,0.0016233799119885683,0.04029118901184933,0.9375,0.9375,0,0.0016187999863177538,6,16.0,0.2910982858731761,target_sparsity_reached,1,1,0.00013860000763088465,18.166666666666668,True,cholesky_solve,1,0,1.8685346167797505,1.0,1.0,0.0,0.0,1.0,0.0,1.0
2,0.625,RMP,160,256,gaussian,gaussian,20.0,0.030144642226758885,0.001623379915281518,0.04029118905271372,0.9375,0.9375,0,0.0010414999851491302,16,16.0,0.2910982858731761,target_sparsity_reached,1,1,0.0004217000096105039,1.0,False,,0,0,1.8685346167797505,0.0,0.0,0.0,0.0,0.0,0.0,0.0
3,0.625,OMP,160,256,gaussian,gaussian,20.0,0.030421792506887424,0.0019623255877030906,0.04429814429186724,0.875,0.875,0,0.001066900003934279,16,16.0,0.3159940424851427,target_sparsity_reached,2,2,0.0,1.0,False,,0,0,1.7338626651695266,0.0,0.0,0.0,0.0,0.0,0.0,0.0
3,0.625,gOMP,160,256,gaussian,gaussian,20.0,0.030421792506887424,0.0019623255877030967,0.04429814429186731,0.875,0.875,0,0.00042559998109936714,6,16.0,0.3159940424851426,target_sparsity_reached,2,2,0.0,3.0,False,,0,0,1.733862665169527,0.0,0.0,0.0,0.0,0.0,0.0,0.0
3,0.625,Improved-gOMP,160,256,gaussian,gaussian,20.0,0.030421792506887424,0.0017581273240213672,0.04193002890556322,0.875,0.875,0,0.0016866000078152865,6,16.0,0.3224098419180756,target_sparsity_reached,2,2,0.00014530002954415977,18.5,True,cholesky_solve,1,0,1.9022812751240177,1.0,1.0,0.0,0.0,1.0,0.0,1.0
3,0.625,RMP,160,256,gaussian,gaussian,20.0,0.030421792506887424,0.00196232558770309,0.044298144291867236,0.875,0.875,0,0.0010145000123884529,16,16.0,0.31599404248514257,target_sparsity_reached,2,2,0.000393800059100613,1.0,False,,0,0,1.7338626651695266,0.0,0.0,0.0,0.0,0.0,0.0,0.0
4,0.625,OMP,160,256,gaussian,gaussian,20.0,0.03341713391325908,0.0016768476881666766,0.04094933074137692,0.9375,0.9375,0,0.0011433999752625823,16,16.0,0.3852426329404509,target_sparsity_reached,1,1,0.0,1.0,False,,0,0,1.7504580555817002,0.0,0.0,0.0,0.0,0.0,0.0,0.0
4,0.625,gOMP,160,256,gaussian,gaussian,20.0,0.03341713391325908,0.0016768476881666656,0.04094933074137678,0.9375,0.9375,0,0.00046030001249164343,6,16.0,0.38524263294045097,target_sparsity_reached,1,1,0.0,3.0,False,,0,0,1.7504580555817,0.0,0.0,0.0,0.0,0.0,0.0,0.0
4,0.625,Improved-gOMP,160,256,gaussian,gaussian,20.0,0.03341713391325908,0.005025428608386476,0.0708902574997896,0.8125,1.0,0,0.0011189999931957573,5,13.0,0.45774706934198917,noise_floor,0,3,9.369998588226736e-05,19.2,True,,0,0,1.6572462327436095,0.0,0.0,0.0,0.0,1.0,0.0,1.0
4,0.625,RMP,160,256,gaussian,gaussian,20.0,0.03341713391325908,0.0016768476881666747,0.04094933074137689,0.9375,0.9375,0,0.0009720000089146197,16,16.0,0.3852426329404509,target_sparsity_reached,1,1,0.0003941000031773001,1.0,False,,0,0,1.7504580555817002,0.0,0.0,0.0,0.0,0.0,0.0,0.0
5,0.625,OMP,160,256,gaussian,gaussian,20.0,0.027470596515172346,0.0005068782091686029,0.02251395587560309,1.0,1.0,1,0.0009882000158540905,16,16.0,0.37517978838956023,target_sparsity_reached,0,0,0.0,1.0,False,,0,0,1.766275137605331,0.0,0.0,0.0,0.0,0.0,0.0,0.0
5,0.625,gOMP,160,256,gaussian,gaussian,20.0,0.027470596515172346,0.0005068782091686277,0.022513955875603644,1.0,1.0,1,0.00041119998786598444,6,16.0,0.37517978838956023,target_sparsity_reached,0,0,0.0,3.0,False,,0,0,1.7662751376053305,0.0,0.0,0.0,0.0,0.0,0.0,0.0
5,0.625,Improved-gOMP,160,256,gaussian,gaussian,20.0,0.027470596515172346,0.0005068782111239369,0.022513955919028023,1.0,1.0,1,0.0015599000034853816,6,16.0,0.3751797883895602,target_sparsity_reached,0,0,0.00013620004756376147,18.166666666666668,True,cholesky_solve,1,0,1.7662751376053305,1.0,1.0,0.0,0.0,1.0,0.0,1.0
5,0.625,RMP,160,256,gaussian,gaussian,20.0,0.027470596515172346,0.0005068782091686006,0.02251395587560304,1.0,1.0,1,0.0010605999850668013,16,16.0,0.3751797883895601,target_sparsity_reached,0,0,0.00041100013186223805,1.0,False,,0,0,1.766275137605331,0.0,0.0,0.0,0.0,0.0,0.0,0.0
6,0.625,OMP,160,256,gaussian,gaussian,20.0,0.021389797686017505,0.0013199503586625244,0.03633112107632414,0.9375,0.9375,0,0.0009926999919116497,16,16.0,0.2503929969163386,target_sparsity_reached,1,1,0.0,1.0,False,,0,0,1.6897908561452366,0.0,0.0,0.0,0.0,0.0,0.0,0.0
6,0.625,gOMP,160,256,gaussian,gaussian,20.0,0.021389797686017505,0.0013199503586625114,0.03633112107632396,0.9375,0.9375,0,0.00043929999810643494,6,16.0,0.2503929969163386,target_sparsity_reached,1,1,0.0,3.0,False,,0,0,1.689790856145237,0.0,0.0,0.0,0.0,0.0,0.0,0.0
6,0.625,Improved-gOMP,160,256,gaussian,gaussian,20.0,0.021389797686017505,0.0032002076704008464,0.05657037802950274,0.75,1.0,0,0.00104010000359267,5,12.0,0.28586854409282614,noise_floor,0,4,8.939998224377632e-05,18.0,True,,0,0,1.581094475192665,0.0,0.0,0.0,0.0,1.0,0.0,1.0
6,0.625,RMP,160,256,gaussian,gaussian,20.0,0.021389797686017505,0.0013199503586625277,0.03633112107632419,0.9375,0.9375,0,0.0009922999888658524,16,16.0,0.2503929969163386,target_sparsity_reached,1,1,0.0003925000492017716,1.0,False,,0,0,1.6897908561452366,0.0,0.0,0.0,0.0,0.0,0.0,0.0
7,0.625,OMP,160,256,gaussian,gaussian,20.0,0.03798827829022624,0.0015091852356114177,0.038848233365385065,0.9375,0.9375,0,0.0016355000261683017,16,16.0,0.42265581574107863,target_sparsity_reached,1,1,0.0,1.0,False,,0,0,1.7906322184741963,0.0,0.0,0.0,0.0,0.0,0.0,0.0
7,0.625,gOMP,160,256,gaussian,gaussian,20.0,0.03798827829022624,0.0014782855082837996,0.038448478621186034,0.9375,0.9375,0,0.0006364999862853438,6,16.0,0.42985443910319626,target_sparsity_reached,1,1,0.0,3.0,False,,0,0,1.802483920584876,0.0,0.0,0.0,0.0,0.0,0.0,0.0
7,0.625,Improved-gOMP,160,256,gaussian,gaussian,20.0,0.03798827829022624,0.0015091852362676028,0.03884823337383056,0.9375,0.9375,0,0.002257499989354983,6,16.0,0.42265581574107863,target_sparsity_reached,1,1,0.00017530002514831722,18.166666666666668,True,cholesky_solve,1,0,1.7906322184741956,1.0,1.0,0.0,0.0,1.0,0.0,1.0
7,0.625,RMP,160,256,gaussian,gaussian,20.0,0.03798827829022624,0.0015091852356114177,0.038848233365385065,0.9375,0.9375,0,0.0010070999851450324,16,16.0,0.42265581574107863,target_sparsity_reached,1,1,0.0003943000338040292,1.0,False,,0,0,1.7906322184741963,0.0,0.0,0.0,0.0,0.0,0.0,0.0
8,0.625,OMP,160,256,gaussian,gaussian,20.0,0.030070624310951016,0.004351319186065569,0.065964529757026,0.875,0.875,0,0.0010829000093508512,16,16.0,0.37840823054143985,target_sparsity_reached,2,2,0.0,1.0,False,,0,0,1.646031748659833,0.0,0.0,0.0,0.0,0.0,0.0,0.0
8,0.625,gOMP,160,256,gaussian,gaussian,20.0,0.030070624310951016,0.0037407392751090483,0.06116158332735548,0.875,0.875,0,0.0005887000006623566,6,16.0,0.38951370634045523,target_sparsity_reached,2,2,0.0,3.0,False,,0,0,1.6848349504401072,0.0,0.0,0.0,0.0,0.0,0.0,0.0
8,0.625,Improved-gOMP,160,256,gaussian,gaussian,20.0,0.030070624310951016,0.0043513191850788275,0.06596452974954667,0.875,0.875,0,0.0018062999879475683,6,16.0,0.37840823054143996,target_sparsity_reached,2,2,0.0001538000360596925,18.0,True,cholesky_solve,1,0,1.6460317486598328,1.0,1.0,0.0,0.0,1.0,0.0,1.0
8,0.625,RMP,160,256,gaussian,gaussian,20.0,0.030070624310951016,0.00435131918606557,0.065964529757026,0.875,0.875,0,0.0010298000124748796,16,16.0,0.37840823054143985,target_sparsity_reached,2,2,0.00042310002027079463,1.0,False,,0,0,1.646031748659833,0.0,0.0,0.0,0.0,0.0,0.0,0.0
9,0.625,OMP,160,256,gaussian,gaussian,20.0,0.02119428141640151,0.0023309465498593143,0.04827987727676319,0.9375,0.9375,0,0.0010873000137507915,16,16.0,0.23836434177016247,target_sparsity_reached,1,1,0.0,1.0,False,,0,0,1.5530232659223397,0.0,0.0,0.0,0.0,0.0,0.0,0.0
9,0.625,gOMP,160,256,gaussian,gaussian,20.0,0.02119428141640151,0.002330946549859284,0.04827987727676287,0.9375,0.9375,0,0.0004535000189207494,6,16.0,0.2383643417701625,target_sparsity_reached,1,1,0.0,3.0,False,,0,0,1.5530232659223395,0.0,0.0,0.0,0.0,0.0,0.0,0.0
9,0.625,Improved-gOMP,160,256,gaussian,gaussian,20.0,0.02119428141640151,0.0023309465484717836,0.04827987726239352,0.9375,0.9375,0,0.0016035999869927764,6,16.0,0.23836434177016247,target_sparsity_reached,1,1,0.00014629997895099223,17.833333333333332,True,cholesky_solve,1,0,1.5530232659223395,1.0,1.0,0.0,0.0,1.0,0.0,1.0
9,0.625,RMP,160,256,gaussian,gaussian,20.0,0.02119428141640151,0.0023309465498593074,0.04827987727676312,0.9375,0.9375,0,0.0010658000246621668,16,16.0,0.2383643417701625,target_sparsity_reached,1,1,0.00041410003905184567,1.0,False,,0,0,1.5530232659223397,0.0,0.0,0.0,0.0,0.0,0.0,0.0
10,0.625,OMP,160,256,gaussian,gaussian,20.0,0.03100500831550376,0.00244331870622764,0.049429937348004396,0.875,0.875,0,0.0012181999918539077,16,16.0,0.3725849567779784,target_sparsity_reached,2,2,0.0,1.0,False,,0,0,1.549378285076716,0.0,0.0,0.0,0.0,0.0,0.0,0.0
10,0.625,gOMP,160,256,gaussian,gaussian,20.0,0.03100500831550376,0.003253061465424211,0.05703561576264616,0.8125,0.8125,0,0.0005431000026874244,6,16.0,0.3786395231452056,target_sparsity_reached,3,3,0.0,3.0,False,,0,0,1.6613758016175029,0.0,0.0,0.0,0.0,0.0,0.0,0.0
10,0.625,Improved-gOMP,160,256,gaussian,gaussian,20.0,0.03100500831550376,0.0015466044218931886,0.039326891841247616,0.8125,1.0,0,0.0013910999987274408,5,13.0,0.40943221192973195,noise_floor,0,3,0.00011550000635907054,19.2,True,,0,0,1.496976902914874,0.0,0.0,0.0,0.0,1.0,0.0,1.0
10,0.625,RMP,160,256,gaussian,gaussian,20.0,0.03100500831550376,0.002443318706227638,0.049429937348004375,0.875,0.875,0,0.0010008999961428344,16,16.0,0.3725849567779785,target_sparsity_reached,2,2,0.00041080001392401755,1.0,False,,0,0,1.549378285076716,0.0,0.0,0.0,0.0,0.0,0.0,0.0
11,0.625,OMP,160,256,gaussian,gaussian,20.0,0.02250695142429112,0.0020911904249656587,0.045729535586595,0.9375,0.9375,0,0.0009870000067166984,16,16.0,0.28936980272497836,target_sparsity_reached,1,1,0.0,1.0,False,,0,0,1.8515542026400658,0.0,0.0,0.0,0.0,0.0,0.0,0.0
11,0.625,gOMP,160,256,gaussian,gaussian,20.0,0.02250695142429112,0.0017110591942431422,0.04136495127814297,0.9375,0.9375,0,0.0004398000019136816,6,16.0,0.29044188852399033,target_sparsity_reached,1,1,0.0,3.0,False,,0,0,1.9069624455600738,0.0,0.0,0.0,0.0,0.0,0.0,0.0
11,0.625,Improved-gOMP,160,256,gaussian,gaussian,20.0,0.02250695142429112,0.0020911904283958333,0.04572953562410002,0.9375,0.9375,0,0.0016016000008676201,6,16.0,0.28936980272497836,target_sparsity_reached,1,1,0.000135900016175583,18.166666666666668,True,cholesky_solve,1,0,1.8515542026400662,1.0,1.0,0.0,0.0,1.0,0.0,1.0
11,0.625,RMP,160,256,gaussian,gaussian,20.0,0.02250695142429112,0.002091190424965646,0.045729535586594865,0.9375,0.9375,0,0.0010606999858282506,16,16.0,0.28936980272497836,target_sparsity_reached,1,1,0.0004068999260198325,1.0,False,,0,0,1.8515542026400658,0.0,0.0,0.0,0.0,0.0,0.0,0.0
12,0.625,OMP,160,256,gaussian,gaussian,20.0,0.03057290741117209,0.0030776966257146476,0.055476991858919744,0.875,0.875,0,0.000957300013396889,16,16.0,0.3482089277734942,target_sparsity_reached,2,2,0.0,1.0,False,,0,0,1.7219882501828931,0.0,0.0,0.0,0.0,0.0,0.0,0.0
12,0.625,gOMP,160,256,gaussian,gaussian,20.0,0.03057290741117209,0.003077696625714634,0.055476991858919626,0.875,0.875,0,0.00044159998651593924,6,16.0,0.34820892777349427,target_sparsity_reached,2,2,0.0,3.0,False,,0,0,1.7219882501828931,0.0,0.0,0.0,0.0,0.0,0.0,0.0
12,0.625,Improved-gOMP,160,256,gaussian,gaussian,20.0,0.03057290741117209,0.0030776966280694307,0.0554769918801428,0.875,0.875,0,0.0015359999961219728,6,16.0,0.3482089277734942,target_sparsity_reached,2,2,0.00013109997962601483,19.0,True,cholesky_solve,1,0,1.7219882501828931,1.0,1.0,0.0,0.0,1.0,0.0,1.0
12,0.625,RMP,160,256,gaussian,gaussian,20.0,0.03057290741117209,0.0030776966257146515,0.05547699185891978,0.875,0.875,0,0.000976100011030212,16,16.0,0.34820892777349427,target_sparsity_reached,2,2,0.00039370000013150275,1.0,False,,0,0,1.7219882501828931,0.0,0.0,0.0,0.0,0.0,0.0,0.0
13,0.625,OMP,160,256,gaussian,gaussian,20.0,0.024644790255536807,0.0015712140622286274,0.03963854263502416,1.0,1.0,1,0.0014799000055063516,16,16.0,0.27493609413089265,target_sparsity_reached,0,0,0.0,1.0,False,,0,0,1.6936167482682625,0.0,0.0,0.0,0.0,0.0,0.0,0.0
13,0.625,gOMP,160,256,gaussian,gaussian,20.0,0.024644790255536807,0.0015712140622286233,0.0396385426350241,1.0,1.0,1,0.000519299996085465,6,16.0,0.27493609413089276,target_sparsity_reached,0,0,0.0,3.0,False,,0,0,1.6936167482682625,0.0,0.0,0.0,0.0,0.0,0.0,0.0
13,0.625,Improved-gOMP,160,256,gaussian,gaussian,20.0,0.024644790255536807,0.0015712140645908529,0.03963854266482123,1.0,1.0,1,0.002064500004053116,6,16.0,0.2749360941308927,target_sparsity_reached,0,0,0.00022220000391826034,18.5,True,cholesky_solve,1,0,1.6936167482682625,1.0,1.0,0.0,0.0,1.0,0.0,1.0
13,0.625,RMP,160,256,gaussian,gaussian,20.0,0.024644790255536807,0.0015712140622286214,0.03963854263502408,1.0,1.0,1,0.001465800014557317,16,16.0,0.27493609413089265,target_sparsity_reached,0,0,0.0005608000792562962,1.0,False,,0,0,1.6936167482682625,0.0,0.0,0.0,0.0,0.0,0.0,0.0
14,0.625,OMP,160,256,gaussian,gaussian,20.0,0.03361159155514082,0.0061509848809589256,0.0784282148270565,0.8125,0.8125,0,0.0010932000004686415,16,16.0,0.40599776592516795,target_sparsity_reached,3,3,0.0,1.0,False,,0,0,1.805696111830517,0.0,0.0,0.0,0.0,0.0,0.0,0.0
14,0.625,gOMP,160,256,gaussian,gaussian,20.0,0.03361159155514082,0.005933351445863689,0.07702825095939599,0.8125,0.8125,0,0.0005150999932084233,6,16.0,0.41106379243171565,target_sparsity_reached,3,3,0.0,3.0,False,,0,0,1.868452756397814,0.0,0.0,0.0,0.0,0.0,0.0,0.0
14,0.625,Improved-gOMP,160,256,gaussian,gaussian,20.0,0.03361159155514082,0.002374626645975586,0.04873014104202435,0.8125,1.0,0,0.001233399991178885,5,13.0,0.45041507528744346,noise_floor,0,3,0.00010740003199316561,18.6,True,,0,0,1.6248995493906533,0.0,0.0,0.0,0.0,1.0,0.0,1.0
14,0.625,RMP,160,256,gaussian,gaussian,20.0,0.03361159155514082,0.006150984880958894,0.0784282148270563,0.8125,0.8125,0,0.0010156999924220145,16,16.0,0.40599776592516784,target_sparsity_reached,3,3,0.00040299995453096926,1.0,False,,0,0,1.805696111830517,0.0,0.0,0.0,0.0,0.0,0.0,0.0
15,0.625,OMP,160,256,gaussian,gaussian,20.0,0.025469891633634136,0.001604017405907189,0.0400501860907935,0.9375,0.9375,0,0.0012966000067535788,16,16.0,0.2889498958812207,target_sparsity_reached,1,1,0.0,1.0,False,,0,0,1.5693064874940617,0.0,0.0,0.0,0.0,0.0,0.0,0.0
15,0.625,gOMP,160,256,gaussian,gaussian,20.0,0.025469891633634136,0.001604017405907145,0.04005018609079295,0.9375,0.9375,0,0.0004946000117342919,6,16.0,0.2889498958812207,target_sparsity_reached,1,1,0.0,3.0,False,,0,0,1.569306487494062,0.0,0.0,0.0,0.0,0.0,0.0,0.0
15,0.625,Improved-gOMP,160,256,gaussian,gaussian,20.0,0.025469891633634136,0.0010664344040842732,0.03265630726344106,0.9375,1.0,0,0.0017489000165369362,6,15.0,0.2983906151932571,noise_floor,0,1,0.00016190001042559743,17.166666666666668,True,cholesky_solve,1,0,1.5609046684273438,1.0,1.0,0.0,0.0,1.0,0.0,1.0
15,0.625,RMP,160,256,gaussian,gaussian,20.0,0.025469891633634136,0.001604017405907189,0.0400501860907935,0.9375,0.9375,0,0.0012415999954100698,16,16.0,0.2889498958812207,target_sparsity_reached,1,1,0.0004762000753544271,1.0,False,,0,0,1.5693064874940617,0.0,0.0,0.0,0.0,0.0,0.0,0.0
16,0.625,OMP,160,256,gaussian,gaussian,20.0,0.027903291152552887,0.000800839033632325,0.02829909951981379,1.0,1.0,1,0.0009731999889481813,16,16.0,0.3416358006073872,target_sparsity_reached,0,0,0.0,1.0,False,,0,0,1.6622294640047428,0.0,0.0,0.0,0.0,0.0,0.0,0.0
16,0.625,gOMP,160,256,gaussian,gaussian,20.0,0.027903291152552887,0.004344943100775374,0.06591618238926897,0.9375,0.9375,0,0.0007789999945089221,6,16.0,0.3618752388253328,target_sparsity_reached,1,1,0.0,3.0,False,,0,0,1.6729174488772116,0.0,0.0,0.0,0.0,0.0,0.0,0.0
16,0.625,Improved-gOMP,160,256,gaussian,gaussian,20.0,0.027903291152552887,0.0008008390353472329,0.028299099550113477,1.0,1.0,1,0.0023486999853048474,6,16.0,0.3416358006073872,target_sparsity_reached,0,0,0.0001758000289555639,18.166666666666668,True,cholesky_solve,1,0,1.662229464004743,1.0,1.0,0.0,0.0,1.0,0.0,1.0
16,0.625,RMP,160,256,gaussian,gaussian,20.0,0.027903291152552887,0.0008008390336323131,0.02829909951981358,1.0,1.0,1,0.0017456999921705574,16,16.0,0.3416358006073872,target_sparsity_reached,0,0,0.0007213999633677304,1.0,False,,0,0,1.6622294640047428,0.0,0.0,0.0,0.0,0.0,0.0,0.0
17,0.625,OMP,160,256,gaussian,gaussian,20.0,0.030593076563608938,0.0021149469469683075,0.0459885523469516,0.875,0.875,0,0.0018797000229824334,16,16.0,0.3157718458801304,target_sparsity_reached,2,2,0.0,1.0,False,,0,0,1.5916647207246324,0.0,0.0,0.0,0.0,0.0,0.0,0.0
17,0.625,gOMP,160,256,gaussian,gaussian,20.0,0.030593076563608938,0.00218022123314601,0.04669283920630667,0.875,0.875,0,0.0008636999991722405,6,16.0,0.3159515592296581,target_sparsity_reached,2,2,0.0,3.0,False,,0,0,1.6531324008712298,0.0,0.0,0.0,0.0,0.0,0.0,0.0
17,0.625,Improved-gOMP,160,256,gaussian,gaussian,20.0,0.030593076563608938,0.004987597638387468,0.07062292572803443,0.75,1.0,0,0.0013251999916974455,5,12.0,0.3872322147044911,noise_floor,0,4,0.00011590000940486789,18.2,True,,0,0,1.4449428371976922,0.0,0.0,0.0,0.0,1.0,0.0,1.0
17,0.625,RMP,160,256,gaussian,gaussian,20.0,0.030593076563608938,0.002114946946968284,0.045988552346951345,0.875,0.875,0,0.0010135000047739595,16,16.0,0.3157718458801304,target_sparsity_reached,2,2,0.00039249996189028025,1.0,False,,0,0,1.5916647207246324,0.0,0.0,0.0,0.0,0.0,0.0,0.0
18,0.625,OMP,160,256,gaussian,gaussian,20.0,0.027550929577344653,0.002812122050444313,0.05302944512668705,0.8125,0.8125,0,0.000985099992249161,16,16.0,0.310807045195356,target_sparsity_reached,3,3,0.0,1.0,False,,0,0,1.7847674786316314,0.0,0.0,0.0,0.0,0.0,0.0,0.0
18,0.625,gOMP,160,256,gaussian,gaussian,20.0,0.027550929577344653,0.002553226638002864,0.05052946306861833,0.8125,0.8125,0,0.00041450001299381256,6,16.0,0.3120129557000282,target_sparsity_reached,3,3,0.0,3.0,False,,0,0,1.7902471146768688,0.0,0.0,0.0,0.0,0.0,0.0,0.0
18,0.625,Improved-gOMP,160,256,gaussian,gaussian,20.0,0.027550929577344653,0.0012114018763191637,0.034805198984047825,0.75,1.0,0,0.0013341000012587756,5,12.0,0.3517315598303412,noise_floor,0,4,0.00011509997420944273,17.6,True,,0,0,1.7040326754184623,0.0,0.0,0.0,0.0,1.0,0.0,1.0
18,0.625,RMP,160,256,gaussian,gaussian,20.0,0.027550929577344653,0.002812122050444313,0.05302944512668705,0.8125,0.8125,0,0.0013815000129397959,16,16.0,0.310807045195356,target_sparsity_reached,3,3,0.0005320999771356583,1.0,False,,0,0,1.7847674786316314,0.0,0.0,0.0,0.0,0.0,0.0,0.0
19,0.625,OMP,160,256,gaussian,gaussian,20.0,0.02257876462822865,0.0019422393625522338,0.0440708448132349,0.9375,0.9375,0,0.001050599996233359,16,16.0,0.2451170527954482,target_sparsity_reached,1,1,0.0,1.0,False,,0,0,1.6690680217062954,0.0,0.0,0.0,0.0,0.0,0.0,0.0
19,0.625,gOMP,160,256,gaussian,gaussian,20.0,0.02257876462822865,0.0013167019896350317,0.03628638848983227,0.9375,0.9375,0,0.0007712000224273652,6,16.0,0.25008928539790337,target_sparsity_reached,1,1,0.0,3.0,False,,0,0,1.717236729981486,0.0,0.0,0.0,0.0,0.0,0.0,0.0
19,0.625,Improved-gOMP,160,256,gaussian,gaussian,20.0,0.02257876462822865,0.0013167019918362188,0.03628638852016302,0.9375,0.9375,0,0.0016439000028185546,6,16.0,0.2500892853979033,target_sparsity_reached,1,1,0.00014189997455105186,18.666666666666668,True,cholesky_solve,1,0,1.7172367299814861,1.0,1.0,0.0,0.0,1.0,0.0,1.0
19,0.625,RMP,160,256,gaussian,gaussian,20.0,0.02257876462822865,0.001942239362552246,0.04407084481323504,0.9375,0.9375,0,0.0010067000112030655,16,16.0,0.24511705279544818,target_sparsity_reached,1,1,0.0003908999206032604,1.0,False,,0,0,1.6690680217062954,0.0,0.0,0.0,0.0,0.0,0.0,0.0
