measurement_ratio,trial,algorithm,implementation,peak_working_set_bytes,residual_bytes,x_hat_bytes,support_mask_bytes,solver_gram_bytes,solver_rhs_bytes,support_history_bytes,residual_history_bytes,support_size_history_bytes,candidate_size_history_bytes,group_size_history_bytes,support_condition_history_bytes,extra_array_bytes
0.1875,0,gOMP,baseline,3280.0,384.0,2048.0,256.0,0.0,0.0,488.0,56.0,0.0,0.0,0.0,48.0,0.0
0.1875,0,gOMP,optimized,832.0,384.0,0.0,256.0,0.0,0.0,128.0,56.0,0.0,0.0,0.0,8.0,0.0
0.1875,1,gOMP,baseline,3280.0,384.0,2048.0,256.0,0.0,0.0,488.0,56.0,0.0,0.0,0.0,48.0,0.0
0.1875,1,gOMP,optimized,832.0,384.0,0.0,256.0,0.0,0.0,128.0,56.0,0.0,0.0,0.0,8.0,0.0
0.1875,2,gOMP,baseline,3280.0,384.0,2048.0,256.0,0.0,0.0,488.0,56.0,0.0,0.0,0.0,48.0,0.0
0.1875,2,gOMP,optimized,832.0,384.0,0.0,256.0,0.0,0.0,128.0,56.0,0.0,0.0,0.0,8.0,0.0
0.1875,3,gOMP,baseline,3280.0,384.0,2048.0,256.0,0.0,0.0,488.0,56.0,0.0,0.0,0.0,48.0,0.0
0.1875,3,gOMP,optimized,832.0,384.0,0.0,256.0,0.0,0.0,128.0,56.0,0.0,0.0,0.0,8.0,0.0
0.1875,4,gOMP,baseline,3280.0,384.0,2048.0,256.0,0.0,0.0,488.0,56.0,0.0,0.0,0.0,48.0,0.0
0.1875,4,gOMP,optimized,832.0,384.0,0.0,256.0,0.0,0.0,128.0,56.0,0.0,0.0,0.0,8.0,0.0
0.1875,5,gOMP,baseline,3280.0,384.0,2048.0,256.0,0.0,0.0,488.0,56.0,0.0,0.0,0.0,48.0,0.0
0.1875,5,gOMP,optimized,832.0,384.0,0.0,256.0,0.0,0.0,128.0,56.0,0.0,0.0,0.0,8.0,0.0
0.1875,6,gOMP,baseline,3280.0,384.0,2048.0,256.0,0.0,0.0,488.0,56.0,0.0,0.0,0.0,48.0,0.0
0.1875,6,gOMP,optimized,832.0,384.0,0.0,256.0,0.0,0.0,128.0,56.0,0.0,0.0,0.0,8.0,0.0
0.1875,7,gOMP,baseline,3280.0,384.0,2048.0,256.0,0.0,0.0,488.0,56.0,0.0,0.0,0.0,48.0,0.0
0.1875,7,gOMP,optimized,832.0,384.0,0.0,256.0,0.0,0.0,128.0,56.0,0.0,0.0,0.0,8.0,0.0
0.1875,8,gOMP,baseline,3280.0,384.0,2048.0,256.0,0.0,0.0,488.0,56.0,0.0,0.0,0.0,48.0,0.0
0.1875,8,gOMP,optimized,832.0,384.0,0.0,256.0,0.0,0.0,128.0,56.0,0.0,0.0,0.0,8.0,0.0
0.1875,9,gOMP,baseline,3280.0,384.0,2048.0,256.0,0.0,0.0,488.0,56.0,0.0,0.0,0.0,48.0,0.0
0.1875,9,gOMP,optimized,832.0,384.0,0.0,256.0,0.0,0.0,128.0,56.0,0.0,0.0,0.0,8.0,0.0
0.1875,10,gOMP,baseline,3280.0,384.0,2048.0,256.0,0.0,0.0,488.0,56.0,0.0,0.0,0.0,48.0,0.0
0.1875,10,gOMP,optimized,832.0,384.0,0.0,256.0,0.0,0.0,128.0,56.0,0.0,0.0,0.0,8.0,0.0
0.1875,11,gOMP,baseline,3280.0,384.0,2048.0,256.0,0.0,0.0,488.0,56.0,0.0,0.0,0.0,48.0,0.0
0.1875,11,gOMP,optimized,832.0,384.0,0.0,256.0,0.0,0.0,128.0,56.0,0.0,0.0,0.0,8.0,0.0
0.1875,12,gOMP,baseline,3280.0,384.0,2048.0,256.0,0.0,0.0,488.0,56.0,0.0,0.0,0.0,48.0,0.0
0.1875,12,gOMP,optimized,832.0,384.0,0.0,256.0,0.0,0.0,128.0,56.0,0.0,0.0,0.0,8.0,0.0
0.1875,13,gOMP,baseline,3280.0,384.0,2048.0,256.0,0.0,0.0,488.0,56.0,0.0,0.0,0.0,48.0,0.0
0.1875,13,gOMP,optimized,832.0,384.0,0.0,256.0,0.0,0.0,128.0,56.0,0.0,0.0,0.0,8.0,0.0
0.1875,14,gOMP,baseline,3280.0,384.0,2048.0,256.0,0.0,0.0,488.0,56.0,0.0,0.0,0.0,48.0,0.0
0.1875,14,gOMP,optimized,832.0,384.0,0.0,256.0,0.0,0.0,128.0,56.0,0.0,0.0,0.0,8.0,0.0
0.1875,15,gOMP,baseline,3280.0,384.0,2048.0,256.0,0.0,0.0,488.0,56.0,0.0,0.0,0.0,48.0,0.0
0.1875,15,gOMP,optimized,832.0,384.0,0.0,256.0,0.0,0.0,128.0,56.0,0.0,0.0,0.0,8.0,0.0
0.1875,16,gOMP,baseline,3280.0,384.0,2048.0,256.0,0.0,0.0,488.0,56.0,0.0,0.0,0.0,48.0,0.0
0.1875,16,gOMP,optimized,832.0,384.0,0.0,256.0,0.0,0.0,128.0,56.0,0.0,0.0,0.0,8.0,0.0
0.1875,17,gOMP,baseline,3280.0,384.0,2048.0,256.0,0.0,0.0,488.0,56.0,0.0,0.0,0.0,48.0,0.0
0.1875,17,gOMP,optimized,832.0,384.0,0.0,256.0,0.0,0.0,128.0,56.0,0.0,0.0,0.0,8.0,0.0
0.1875,18,gOMP,baseline,3280.0,384.0,2048.0,256.0,0.0,0.0,488.0,56.0,0.0,0.0,0.0,48.0,0.0
0.1875,18,gOMP,optimized,832.0,384.0,0.0,256.0,0.0,0.0,128.0,56.0,0.0,0.0,0.0,8.0,0.0
0.1875,19,gOMP,baseline,3280.0,384.0,2048.0,256.0,0.0,0.0,488.0,56.0,0.0,0.0,0.0,48.0,0.0
0.1875,19,gOMP,optimized,832.0,384.0,0.0,256.0,0.0,0.0,128.0,56.0,0.0,0.0,0.0,8.0,0.0
0.25,0,gOMP,baseline,3408.0,512.0,2048.0,256.0,0.0,0.0,488.0,56.0,0.0,0.0,0.0,48.0,0.0
0.25,0,gOMP,optimized,960.0,512.0,0.0,256.0,0.0,0.0,128.0,56.0,0.0,0.0,0.0,8.0,0.0
0.25,1,gOMP,baseline,3408.0,512.0,2048.0,256.0,0.0,0.0,488.0,56.0,0.0,0.0,0.0,48.0,0.0
0.25,1,gOMP,optimized,960.0,512.0,0.0,256.0,0.0,0.0,128.0,56.0,0.0,0.0,0.0,8.0,0.0
0.25,2,gOMP,baseline,3408.0,512.0,2048.0,256.0,0.0,0.0,488.0,56.0,0.0,0.0,0.0,48.0,0.0
0.25,2,gOMP,optimized,960.0,512.0,0.0,256.0,0.0,0.0,128.0,56.0,0.0,0.0,0.0,8.0,0.0
0.25,3,gOMP,baseline,3408.0,512.0,2048.0,256.0,0.0,0.0,488.0,56.0,0.0,0.0,0.0,48.0,0.0
0.25,3,gOMP,optimized,960.0,512.0,0.0,256.0,0.0,0.0,128.0,56.0,0.0,0.0,0.0,8.0,0.0
0.25,4,gOMP,baseline,3408.0,512.0,2048.0,256.0,0.0,0.0,488.0,56.0,0.0,0.0,0.0,48.0,0.0
0.25,4,gOMP,optimized,960.0,512.0,0.0,256.0,0.0,0.0,128.0,56.0,0.0,0.0,0.0,8.0,0.0
0.25,5,gOMP,baseline,3408.0,512.0,2048.0,256.0,0.0,0.0,488.0,56.0,0.0,0.0,0.0,48.0,0.0
0.25,5,gOMP,optimized,960.0,512.0,0.0,256.0,0.0,0.0,128.0,56.0,0.0,0.0,0.0,8.0,0.0
0.25,6,gOMP,baseline,3408.0,512.0,2048.0,256.0,0.0,0.0,488.0,56.0,0.0,0.0,0.0,48.0,0.0
0.25,6,gOMP,optimized,960.0,512.0,0.0,256.0,0.0,0.0,128.0,56.0,0.0,0.0,0.0,8.0,0.0
0.25,7,gOMP,baseline,3408.0,512.0,2048.0,256.0,0.0,0.0,488.0,56.0,0.0,0.0,0.0,48.0,0.0
0.25,7,gOMP,optimized,960.0,512.0,0.0,256.0,0.0,0.0,128.0,56.0,0.0,0.0,0.0,8.0,0.0
0.25,8,gOMP,baseline,3408.0,512.0,2048.0,256.0,0.0,0.0,488.0,56.0,0.0,0.0,0.0,48.0,0.0
0.25,8,gOMP,optimized,960.0,512.0,0.0,256.0,0.0,0.0,128.0,56.0,0.0,0.0,0.0,8.0,0.0
0.25,9,gOMP,baseline,3408.0,512.0,2048.0,256.0,0.0,0.0,488.0,56.0,0.0,0.0,0.0,48.0,0.0
0.25,9,gOMP,optimized,960.0,512.0,0.0,256.0,0.0,0.0,128.0,56.0,0.0,0.0,0.0,8.0,0.0
0.25,10,gOMP,baseline,3408.0,512.0,2048.0,256.0,0.0,0.0,488.0,56.0,0.0,0.0,0.0,48.0,0.0
0.25,10,gOMP,optimized,960.0,512.0,0.0,256.0,0.0,0.0,128.0,56.0,0.0,0.0,0.0,8.0,0.0
0.25,11,gOMP,baseline,3408.0,512.0,2048.0,256.0,0.0,0.0,488.0,56.0,0.0,0.0,0.0,48.0,0.0
0.25,11,gOMP,optimized,960.0,512.0,0.0,256.0,0.0,0.0,128.0,56.0,0.0,0.0,0.0,8.0,0.0
0.25,12,gOMP,baseline,3408.0,512.0,2048.0,256.0,0.0,0.0,488.0,56.0,0.0,0.0,0.0,48.0,0.0
0.25,12,gOMP,optimized,960.0,512.0,0.0,256.0,0.0,0.0,128.0,56.0,0.0,0.0,0.0,8.0,0.0
0.25,13,gOMP,baseline,3408.0,512.0,2048.0,256.0,0.0,0.0,488.0,56.0,0.0,0.0,0.0,48.0,0.0
0.25,13,gOMP,optimized,960.0,512.0,0.0,256.0,0.0,0.0,128.0,56.0,0.0,0.0,0.0,8.0,0.0
0.25,14,gOMP,baseline,3408.0,512.0,2048.0,256.0,0.0,0.0,488.0,56.0,0.0,0.0,0.0,48.0,0.0
0.25,14,gOMP,optimized,960.0,512.0,0.0,256.0,0.0,0.0,128.0,56.0,0.0,0.0,0.0,8.0,0.0
0.25,15,gOMP,baseline,3408.0,512.0,2048.0,256.0,0.0,0.0,488.0,56.0,0.0,0.0,0.0,48.0,0.0
0.25,15,gOMP,optimized,960.0,512.0,0.0,256.0,0.0,0.0,128.0,56.0,0.0,0.0,0.0,8.0,0.0
0.25,16,gOMP,baseline,3408.0,512.0,2048.0,256.0,0.0,0.0,488.0,56.0,0.0,0.0,0.0,48.0,0.0
0.25,16,gOMP,optimized,960.0,512.0,0.0,256.0,0.0,0.0,128.0,56.0,0.0,0.0,0.0,8.0,0.0
0.25,17,gOMP,baseline,3408.0,512.0,2048.0,256.0,0.0,0.0,488.0,56.0,0.0,0.0,0.0,48.0,0.0
0.25,17,gOMP,optimized,960.0,512.0,0.0,256.0,0.0,0.0,128.0,56.0,0.0,0.0,0.0,8.0,0.0
0.25,18,gOMP,baseline,3408.0,512.0,2048.0,256.0,0.0,0.0,488.0,56.0,0.0,0.0,0.0,48.0,0.0
0.25,18,gOMP,optimized,960.0,512.0,0.0,256.0,0.0,0.0,128.0,56.0,0.0,0.0,0.0,8.0,0.0
0.25,19,gOMP,baseline,3408.0,512.0,2048.0,256.0,0.0,0.0,488.0,56.0,0.0,0.0,0.0,48.0,0.0
0.25,19,gOMP,optimized,960.0,512.0,0.0,256.0,0.0,0.0,128.0,56.0,0.0,0.0,0.0,8.0,0.0
0.3125,0,gOMP,baseline,3536.0,640.0,2048.0,256.0,0.0,0.0,488.0,56.0,0.0,0.0,0.0,48.0,0.0
0.3125,0,gOMP,optimized,1088.0,640.0,0.0,256.0,0.0,0.0,128.0,56.0,0.0,0.0,0.0,8.0,0.0
0.3125,1,gOMP,baseline,3536.0,640.0,2048.0,256.0,0.0,0.0,488.0,56.0,0.0,0.0,0.0,48.0,0.0
0.3125,1,gOMP,optimized,1088.0,640.0,0.0,256.0,0.0,0.0,128.0,56.0,0.0,0.0,0.0,8.0,0.0
0.3125,2,gOMP,baseline,3536.0,640.0,2048.0,256.0,0.0,0.0,488.0,56.0,0.0,0.0,0.0,48.0,0.0
0.3125,2,gOMP,optimized,1088.0,640.0,0.0,256.0,0.0,0.0,128.0,56.0,0.0,0.0,0.0,8.0,0.0
0.3125,3,gOMP,baseline,3536.0,640.0,2048.0,256.0,0.0,0.0,488.0,56.0,0.0,0.0,0.0,48.0,0.0
0.3125,3,gOMP,optimized,1088.0,640.0,0.0,256.0,0.0,0.0,128.0,56.0,0.0,0.0,0.0,8.0,0.0
0.3125,4,gOMP,baseline,3536.0,640.0,2048.0,256.0,0.0,0.0,488.0,56.0,0.0,0.0,0.0,48.0,0.0
0.3125,4,gOMP,optimized,1088.0,640.0,0.0,256.0,0.0,0.0,128.0,56.0,0.0,0.0,0.0,8.0,0.0
0.3125,5,gOMP,baseline,3536.0,640.0,2048.0,256.0,0.0,0.0,488.0,56.0,0.0,0.0,0.0,48.0,0.0
0.3125,5,gOMP,optimized,1088.0,640.0,0.0,256.0,0.0,0.0,128.0,56.0,0.0,0.0,0.0,8.0,0.0
0.3125,6,gOMP,baseline,3536.0,640.0,2048.0,256.0,0.0,0.0,488.0,56.0,0.0,0.0,0.0,48.0,0.0
0.3125,6,gOMP,optimized,1088.0,640.0,0.0,256.0,0.0,0.0,128.0,56.0,0.0,0.0,0.0,8.0,0.0
0.3125,7,gOMP,baseline,3536.0,640.0,2048.0,256.0,0.0,0.0,488.0,56.0,0.0,0.0,0.0,48.0,0.0
0.3125,7,gOMP,optimized,1088.0,640.0,0.0,256.0,0.0,0.0,128.0,56.0,0.0,0.0,0.0,8.0,0.0
0.3125,8,gOMP,baseline,3536.0,640.0,2048.0,256.0,0.0,0.0,488.0,56.0,0.0,0.0,0.0,48.0,0.0
0.3125,8,gOMP,optimized,1088.0,640.0,0.0,256.0,0.0,0.0,128.0,56.0,0.0,0.0,0.0,8.0,0.0
0.3125,9,gOMP,baseline,3536.0,640.0,2048.0,256.0,0.0,0.0,488.0,56.0,0.0,0.0,0.0,48.0,0.0
0.3125,9,gOMP,optimized,1088.0,640.0,0.0,256.0,0.0,0.0,128.0,56.0,0.0,0.0,0.0,8.0,0.0
0.3125,10,gOMP,baseline,3536.0,640.0,2048.0,256.0,0.0,0.0,488.0,56.0,0.0,0.0,0.0,48.0,0.0
0.3125,10,gOMP,optimized,1088.0,640.0,0.0,256.0,0.0,0.0,128.0,56.0,0.0,0.0,0.0,8.0,0.0
0.3125,11,gOMP,baseline,3536.0,640.0,2048.0,256.0,0.0,0.0,488.0,56.0,0.0,0.0,0.0,48.0,0.0
0.3125,11,gOMP,optimized,1088.0,640.0,0.0,256.0,0.0,0.0,128.0,56.0,0.0,0.0,0.0,8.0,0.0
0.3125,12,gOMP,baseline,3536.0,640.0,2048.0,256.0,0.0,0.0,488.0,56.0,0.0,0.0,0.0,48.0,0.0
0.3125,12,gOMP,optimized,1088.0,640.0,0.0,256.0,0.0,0.0,128.0,56.0,0.0,0.0,0.0,8.0,0.0
0.3125,13,gOMP,baseline,3536.0,640.0,2048.0,256.0,0.0,0.0,488.0,56.0,0.0,0.0,0.0,48.0,0.0
0.3125,13,gOMP,optimized,1088.0,640.0,0.0,256.0,0.0,0.0,128.0,56.0,0.0,0.0,0.0,8.0,0.0
0.3125,14,gOMP,baseline,3536.0,640.0,2048.0,256.0,0.0,0.0,488.0,56.0,0.0,0.0,0.0,48.0,0.0
0.3125,14,gOMP,optimized,1088.0,640.0,0.0,256.0,0.0,0.0,128.0,56.0,0.0,0.0,0.0,8.0,0.0
0.3125,15,gOMP,baseline,3536.0,640.0,2048.0,256.0,0.0,0.0,488.0,56.0,0.0,0.0,0.0,48.0,0.0
0.3125,15,gOMP,optimized,1088.0,640.0,0.0,256.0,0.0,0.0,128.0,56.0,0.0,0.0,0.0,8.0,0.0
0.3125,16,gOMP,baseline,3536.0,640.0,2048.0,256.0,0.0,0.0,488.0,56.0,0.0,0.0,0.0,48.0,0.0
0.3125,16,gOMP,optimized,1088.0,640.0,0.0,256.0,0.0,0.0,128.0,56.0,0.0,0.0,0.0,8.0,0.0
0.3125,17,gOMP,baseline,3536.0,640.0,2048.0,256.0,0.0,0.0,488.0,56.0,0.0,0.0,0.0,48.0,0.0
0.3125,17,gOMP,optimized,1088.0,640.0,0.0,256.0,0.0,0.0,128.0,56.0,0.0,0.0,0.0,8.0,0.0
0.3125,18,gOMP,baseline,3536.0,640.0,2048.0,256.0,0.0,0.0,488.0,56.0,0.0,0.0,0.0,48.0,0.0
0.3125,18,gOMP,optimized,1088.0,640.0,0.0,256.0,0.0,0.0,128.0,56.0,0.0,0.0,0.0,8.0,0.0
0.3125,19,gOMP,baseline,3536.0,640.0,2048.0,256.0,0.0,0.0,488.0,56.0,0.0,0.0,0.0,48.0,0.0
0.3125,19,gOMP,optimized,1088.0,640.0,0.0,256.0,0.0,0.0,128.0,56.0,0.0,0.0,0.0,8.0,0.0
0.375,0,gOMP,baseline,3664.0,768.0,2048.0,256.0,0.0,0.0,488.0,56.0,0.0,0.0,0.0,48.0,0.0
0.375,0,gOMP,optimized,1216.0,768.0,0.0,256.0,0.0,0.0,128.0,56.0,0.0,0.0,0.0,8.0,0.0
0.375,1,gOMP,baseline,3664.0,768.0,2048.0,256.0,0.0,0.0,488.0,56.0,0.0,0.0,0.0,48.0,0.0
0.375,1,gOMP,optimized,1216.0,768.0,0.0,256.0,0.0,0.0,128.0,56.0,0.0,0.0,0.0,8.0,0.0
0.375,2,gOMP,baseline,3664.0,768.0,2048.0,256.0,0.0,0.0,488.0,56.0,0.0,0.0,0.0,48.0,0.0
0.375,2,gOMP,optimized,1216.0,768.0,0.0,256.0,0.0,0.0,128.0,56.0,0.0,0.0,0.0,8.0,0.0
0.375,3,gOMP,baseline,3664.0,768.0,2048.0,256.0,0.0,0.0,488.0,56.0,0.0,0.0,0.0,48.0,0.0
0.375,3,gOMP,optimized,1216.0,768.0,0.0,256.0,0.0,0.0,128.0,56.0,0.0,0.0,0.0,8.0,0.0
0.375,4,gOMP,baseline,3664.0,768.0,2048.0,256.0,0.0,0.0,488.0,56.0,0.0,0.0,0.0,48.0,0.0
0.375,4,gOMP,optimized,1216.0,768.0,0.0,256.0,0.0,0.0,128.0,56.0,0.0,0.0,0.0,8.0,0.0
0.375,5,gOMP,baseline,3664.0,768.0,2048.0,256.0,0.0,0.0,488.0,56.0,0.0,0.0,0.0,48.0,0.0
0.375,5,gOMP,optimized,1216.0,768.0,0.0,256.0,0.0,0.0,128.0,56.0,0.0,0.0,0.0,8.0,0.0
0.375,6,gOMP,baseline,3664.0,768.0,2048.0,256.0,0.0,0.0,488.0,56.0,0.0,0.0,0.0,48.0,0.0
0.375,6,gOMP,optimized,1216.0,768.0,0.0,256.0,0.0,0.0,128.0,56.0,0.0,0.0,0.0,8.0,0.0
0.375,7,gOMP,baseline,3664.0,768.0,2048.0,256.0,0.0,0.0,488.0,56.0,0.0,0.0,0.0,48.0,0.0
0.375,7,gOMP,optimized,1216.0,768.0,0.0,256.0,0.0,0.0,128.0,56.0,0.0,0.0,0.0,8.0,0.0
0.375,8,gOMP,baseline,3664.0,768.0,2048.0,256.0,0.0,0.0,488.0,56.0,0.0,0.0,0.0,48.0,0.0
0.375,8,gOMP,optimized,1216.0,768.0,0.0,256.0,0.0,0.0,128.0,56.0,0.0,0.0,0.0,8.0,0.0
0.375,9,gOMP,baseline,3664.0,768.0,2048.0,256.0,0.0,0.0,488.0,56.0,0.0,0.0,0.0,48.0,0.0
0.375,9,gOMP,optimized,1216.0,768.0,0.0,256.0,0.0,0.0,128.0,56.0,0.0,0.0,0.0,8.0,0.0
0.375,10,gOMP,baseline,3664.0,768.0,2048.0,256.0,0.0,0.0,488.0,56.0,0.0,0.0,0.0,48.0,0.0
0.375,10,gOMP,optimized,1216.0,768.0,0.0,256.0,0.0,0.0,128.0,56.0,0.0,0.0,0.0,8.0,0.0
0.375,11,gOMP,baseline,3664.0,768.0,2048.0,256.0,0.0,0.0,488.0,56.0,0.0,0.0,0.0,48.0,0.0
0.375,11,gOMP,optimized,1216.0,768.0,0.0,256.0,0.0,0.0,128.0,56.0,0.0,0.0,0.0,8.0,0.0
0.375,12,gOMP,baseline,3664.0,768.0,2048.0,256.0,0.0,0.0,488.0,56.0,0.0,0.0,0.0,48.0,0.0
0.375,12,gOMP,optimized,1216.0,768.0,0.0,256.0,0.0,0.0,128.0,56.0,0.0,0.0,0.0,8.0,0.0
0.375,13,gOMP,baseline,3664.0,768.0,2048.0,256.0,0.0,0.0,488.0,56.0,0.0,0.0,0.0,48.0,0.0
0.375,13,gOMP,optimized,1216.0,768.0,0.0,256.0,0.0,0.0,128.0,56.0,0.0,0.0,0.0,8.0,0.0
0.375,14,gOMP,baseline,3664.0,768.0,2048.0,256.0,0.0,0.0,488.0,56.0,0.0,0.0,0.0,48.0,0.0
0.375,14,gOMP,optimized,1216.0,768.0,0.0,256.0,0.0,0.0,128.0,56.0,0.0,0.0,0.0,8.0,0.0
0.375,15,gOMP,baseline,3664.0,768.0,2048.0,256.0,0.0,0.0,488.0,56.0,0.0,0.0,0.0,48.0,0.0
0.375,15,gOMP,optimized,1216.0,768.0,0.0,256.0,0.0,0.0,128.0,56.0,0.0,0.0,0.0,8.0,0.0
0.375,16,gOMP,baseline,3664.0,768.0,2048.0,256.0,0.0,0.0,488.0,56.0,0.0,0.0,0.0,48.0,0.0
0.375,16,gOMP,optimized,1216.0,768.0,0.0,256.0,0.0,0.0,128.0,56.0,0.0,0.0,0.0,8.0,0.0
0.375,17,gOMP,baseline,3664.0,768.0,2048.0,256.0,0.0,0.0,488.0,56.0,0.0,0.0,0.0,48.0,0.0
0.375,17,gOMP,optimized,1216.0,768.0,0.0,256.0,0.0,0.0,128.0,56.0,0.0,0.0,0.0,8.0,0.0
0.375,18,gOMP,baseline,3664.0,768.0,2048.0,256.0,0.0,0.0,488.0,56.0,0.0,0.0,0.0,48.0,0.0
0.375,18,gOMP,optimized,1216.0,768.0,0.0,256.0,0.0,0.0,128.0,56.0,0.0,0.0,0.0,8.0,0.0
0.375,19,gOMP,baseline,3664.0,768.0,2048.0,256.0,0.0,0.0,488.0,56.0,0.0,0.0,0.0,48.0,0.0
0.375,19,gOMP,optimized,1216.0,768.0,0.0,256.0,0.0,0.0,128.0,56.0,0.0,0.0,0.0,8.0,0.0
0.4375,0,gOMP,baseline,3792.0,896.0,2048.0,256.0,0.0,0.0,488.0,56.0,0.0,0.0,0.0,48.0,0.0
0.4375,0,gOMP,optimized,1344.0,896.0,0.0,256.0,0.0,0.0,128.0,56.0,0.0,0.0,0.0,8.0,0.0
0.4375,1,gOMP,baseline,3792.0,896.0,2048.0,256.0,0.0,0.0,488.0,56.0,0.0,0.0,0.0,48.0,0.0
0.4375,1,gOMP,optimized,1344.0,896.0,0.0,256.0,0.0,0.0,128.0,56.0,0.0,0.0,0.0,8.0,0.0
0.4375,2,gOMP,baseline,3792.0,896.0,2048.0,256.0,0.0,0.0,488.0,56.0,0.0,0.0,0.0,48.0,0.0
0.4375,2,gOMP,optimized,1344.0,896.0,0.0,256.0,0.0,0.0,128.0,56.0,0.0,0.0,0.0,8.0,0.0
0.4375,3,gOMP,baseline,3792.0,896.0,2048.0,256.0,0.0,0.0,488.0,56.0,0.0,0.0,0.0,48.0,0.0
0.4375,3,gOMP,optimized,1344.0,896.0,0.0,256.0,0.0,0.0,128.0,56.0,0.0,0.0,0.0,8.0,0.0
0.4375,4,gOMP,baseline,3792.0,896.0,2048.0,256.0,0.0,0.0,488.0,56.0,0.0,0.0,0.0,48.0,0.0
0.4375,4,gOMP,optimized,1344.0,896.0,0.0,256.0,0.0,0.0,128.0,56.0,0.0,0.0,0.0,8.0,0.0
0.4375,5,gOMP,baseline,3792.0,896.0,2048.0,256.0,0.0,0.0,488.0,56.0,0.0,0.0,0.0,48.0,0.0
0.4375,5,gOMP,optimized,1344.0,896.0,0.0,256.0,0.0,0.0,128.0,56.0,0.0,0.0,0.0,8.0,0.0
0.4375,6,gOMP,baseline,3792.0,896.0,2048.0,256.0,0.0,0.0,488.0,56.0,0.0,0.0,0.0,48.0,0.0
0.4375,6,gOMP,optimized,1344.0,896.0,0.0,256.0,0.0,0.0,128.0,56.0,0.0,0.0,0.0,8.0,0.0
0.4375,7,gOMP,baseline,3792.0,896.0,2048.0,256.0,0.0,0.0,488.0,56.0,0.0,0.0,0.0,48.0,0.0
0.4375,7,gOMP,optimized,1344.0,896.0,0.0,256.0,0.0,0.0,128.0,56.0,0.0,0.0,0.0,8.0,0.0
0.4375,8,gOMP,baseline,3792.0,896.0,2048.0,256.0,0.0,0.0,488.0,56.0,0.0,0.0,0.0,48.0,0.0
0.4375,8,gOMP,optimized,1344.0,896.0,0.0,256.0,0.0,0.0,128.0,56.0,0.0,0.0,0.0,8.0,0.0
0.4375,9,gOMP,baseline,3792.0,896.0,2048.0,256.0,0.0,0.0,488.0,56.0,0.0,0.0,0.0,48.0,0.0
0.4375,9,gOMP,optimized,1344.0,896.0,0.0,256.0,0.0,0.0,128.0,56.0,0.0,0.0,0.0,8.0,0.0
0.4375,10,gOMP,baseline,3792.0,896.0,2048.0,256.0,0.0,0.0,488.0,56.0,0.0,0.0,0.0,48.0,0.0
0.4375,10,gOMP,optimized,1344.0,896.0,0.0,256.0,0.0,0.0,128.0,56.0,0.0,0.0,0.0,8.0,0.0
0.4375,11,gOMP,baseline,3792.0,896.0,2048.0,256.0,0.0,0.0,488.0,56.0,0.0,0.0,0.0,48.0,0.0
0.4375,11,gOMP,optimized,1344.0,896.0,0.0,256.0,0.0,0.0,128.0,56.0,0.0,0.0,0.0,8.0,0.0
0.4375,12,gOMP,baseline,3792.0,896.0,2048.0,256.0,0.0,0.0,488.0,56.0,0.0,0.0,0.0,48.0,0.0
0.4375,12,gOMP,optimized,1344.0,896.0,0.0,256.0,0.0,0.0,128.0,56.0,0.0,0.0,0.0,8.0,0.0
0.4375,13,gOMP,baseline,3792.0,896.0,2048.0,256.0,0.0,0.0,488.0,56.0,0.0,0.0,0.0,48.0,0.0
0.4375,13,gOMP,optimized,1344.0,896.0,0.0,256.0,0.0,0.0,128.0,56.0,0.0,0.0,0.0,8.0,0.0
0.4375,14,gOMP,baseline,3792.0,896.0,2048.0,256.0,0.0,0.0,488.0,56.0,0.0,0.0,0.0,48.0,0.0
0.4375,14,gOMP,optimized,1344.0,896.0,0.0,256.0,0.0,0.0,128.0,56.0,0.0,0.0,0.0,8.0,0.0
0.4375,15,gOMP,baseline,3792.0,896.0,2048.0,256.0,0.0,0.0,488.0,56.0,0.0,0.0,0.0,48.0,0.0
0.4375,15,gOMP,optimized,1344.0,896.0,0.0,256.0,0.0,0.0,128.0,56.0,0.0,0.0,0.0,8.0,0.0
0.4375,16,gOMP,baseline,3792.0,896.0,2048.0,256.0,0.0,0.0,488.0,56.0,0.0,0.0,0.0,48.0,0.0
0.4375,16,gOMP,optimized,1344.0,896.0,0.0,256.0,0.0,0.0,128.0,56.0,0.0,0.0,0.0,8.0,0.0
0.4375,17,gOMP,baseline,3792.0,896.0,2048.0,256.0,0.0,0.0,488.0,56.0,0.0,0.0,0.0,48.0,0.0
0.4375,17,gOMP,optimized,1344.0,896.0,0.0,256.0,0.0,0.0,128.0,56.0,0.0,0.0,0.0,8.0,0.0
0.4375,18,gOMP,baseline,3792.0,896.0,2048.0,256.0,0.0,0.0,488.0,56.0,0.0,0.0,0.0,48.0,0.0
0.4375,18,gOMP,optimized,1344.0,896.0,0.0,256.0,0.0,0.0,128.0,56.0,0.0,0.0,0.0,8.0,0.0
0.4375,19,gOMP,baseline,3792.0,896.0,2048.0,256.0,0.0,0.0,488.0,56.0,0.0,0.0,0.0,48.0,0.0
0.4375,19,gOMP,optimized,1344.0,896.0,0.0,256.0,0.0,0.0,128.0,56.0,0.0,0.0,0.0,8.0,0.0
0.5,0,gOMP,baseline,3920.0,1024.0,2048.0,256.0,0.0,0.0,488.0,56.0,0.0,0.0,0.0,48.0,0.0
0.5,0,gOMP,optimized,1472.0,1024.0,0.0,256.0,0.0,0.0,128.0,56.0,0.0,0.0,0.0,8.0,0.0
0.5,1,gOMP,baseline,3920.0,1024.0,2048.0,256.0,0.0,0.0,488.0,56.0,0.0,0.0,0.0,48.0,0.0
0.5,1,gOMP,optimized,1472.0,1024.0,0.0,256.0,0.0,0.0,128.0,56.0,0.0,0.0,0.0,8.0,0.0
0.5,2,gOMP,baseline,3920.0,1024.0,2048.0,256.0,0.0,0.0,488.0,56.0,0.0,0.0,0.0,48.0,0.0
0.5,2,gOMP,optimized,1472.0,1024.0,0.0,256.0,0.0,0.0,128.0,56.0,0.0,0.0,0.0,8.0,0.0
0.5,3,gOMP,baseline,3920.0,1024.0,2048.0,256.0,0.0,0.0,488.0,56.0,0.0,0.0,0.0,48.0,0.0
0.5,3,gOMP,optimized,1472.0,1024.0,0.0,256.0,0.0,0.0,128.0,56.0,0.0,0.0,0.0,8.0,0.0
0.5,4,gOMP,baseline,3920.0,1024.0,2048.0,256.0,0.0,0.0,488.0,56.0,0.0,0.0,0.0,48.0,0.0
0.5,4,gOMP,optimized,1472.0,1024.0,0.0,256.0,0.0,0.0,128.0,56.0,0.0,0.0,0.0,8.0,0.0
0.5,5,gOMP,baseline,3920.0,1024.0,2048.0,256.0,0.0,0.0,488.0,56.0,0.0,0.0,0.0,48.0,0.0
0.5,5,gOMP,optimized,1472.0,1024.0,0.0,256.0,0.0,0.0,128.0,56.0,0.0,0.0,0.0,8.0,0.0
0.5,6,gOMP,baseline,3920.0,1024.0,2048.0,256.0,0.0,0.0,488.0,56.0,0.0,0.0,0.0,48.0,0.0
0.5,6,gOMP,optimized,1472.0,1024.0,0.0,256.0,0.0,0.0,128.0,56.0,0.0,0.0,0.0,8.0,0.0
0.5,7,gOMP,baseline,3920.0,1024.0,2048.0,256.0,0.0,0.0,488.0,56.0,0.0,0.0,0.0,48.0,0.0
0.5,7,gOMP,optimized,1472.0,1024.0,0.0,256.0,0.0,0.0,128.0,56.0,0.0,0.0,0.0,8.0,0.0
0.5,8,gOMP,baseline,3920.0,1024.0,2048.0,256.0,0.0,0.0,488.0,56.0,0.0,0.0,0.0,48.0,0.0
0.5,8,gOMP,optimized,1472.0,1024.0,0.0,256.0,0.0,0.0,128.0,56.0,0.0,0.0,0.0,8.0,0.0
0.5,9,gOMP,baseline,3920.0,1024.0,2048.0,256.0,0.0,0.0,488.0,56.0,0.0,0.0,0.0,48.0,0.0
0.5,9,gOMP,optimized,1472.0,1024.0,0.0,256.0,0.0,0.0,128.0,56.0,0.0,0.0,0.0,8.0,0.0
0.5,10,gOMP,baseline,3920.0,1024.0,2048.0,256.0,0.0,0.0,488.0,56.0,0.0,0.0,0.0,48.0,0.0
0.5,10,gOMP,optimized,1472.0,1024.0,0.0,256.0,0.0,0.0,128.0,56.0,0.0,0.0,0.0,8.0,0.0
0.5,11,gOMP,baseline,3920.0,1024.0,2048.0,256.0,0.0,0.0,488.0,56.0,0.0,0.0,0.0,48.0,0.0
0.5,11,gOMP,optimized,1472.0,1024.0,0.0,256.0,0.0,0.0,128.0,56.0,0.0,0.0,0.0,8.0,0.0
0.5,12,gOMP,baseline,3920.0,1024.0,2048.0,256.0,0.0,0.0,488.0,56.0,0.0,0.0,0.0,48.0,0.0
0.5,12,gOMP,optimized,1472.0,1024.0,0.0,256.0,0.0,0.0,128.0,56.0,0.0,0.0,0.0,8.0,0.0
0.5,13,gOMP,baseline,3920.0,1024.0,2048.0,256.0,0.0,0.0,488.0,56.0,0.0,0.0,0.0,48.0,0.0
0.5,13,gOMP,optimized,1472.0,1024.0,0.0,256.0,0.0,0.0,128.0,56.0,0.0,0.0,0.0,8.0,0.0
0.5,14,gOMP,baseline,3920.0,1024.0,2048.0,256.0,0.0,0.0,488.0,56.0,0.0,0.0,0.0,48.0,0.0
0.5,14,gOMP,optimized,1472.0,1024.0,0.0,256.0,0.0,0.0,128.0,56.0,0.0,0.0,0.0,8.0,0.0
0.5,15,gOMP,baseline,3920.0,1024.0,2048.0,256.0,0.0,0.0,488.0,56.0,0.0,0.0,0.0,48.0,0.0
0.5,15,gOMP,optimized,1472.0,1024.0,0.0,256.0,0.0,0.0,128.0,56.0,0.0,0.0,0.0,8.0,0.0
0.5,16,gOMP,baseline,3920.0,1024.0,2048.0,256.0,0.0,0.0,488.0,56.0,0.0,0.0,0.0,48.0,0.0
0.5,16,gOMP,optimized,1472.0,1024.0,0.0,256.0,0.0,0.0,128.0,56.0,0.0,0.0,0.0,8.0,0.0
0.5,17,gOMP,baseline,3920.0,1024.0,2048.0,256.0,0.0,0.0,488.0,56.0,0.0,0.0,0.0,48.0,0.0
0.5,17,gOMP,optimized,1472.0,1024.0,0.0,256.0,0.0,0.0,128.0,56.0,0.0,0.0,0.0,8.0,0.0
0.5,18,gOMP,baseline,3920.0,1024.0,2048.0,256.0,0.0,0.0,488.0,56.0,0.0,0.0,0.0,48.0,0.0
0.5,18,gOMP,optimized,1472.0,1024.0,0.0,256.0,0.0,0.0,128.0,56.0,0.0,0.0,0.0,8.0,0.0
0.5,19,gOMP,baseline,3920.0,1024.0,2048.0,256.0,0.0,0.0,488.0,56.0,0.0,0.0,0.0,48.0,0.0
0.5,19,gOMP,optimized,1472.0,1024.0,0.0,256.0,0.0,0.0,128.0,56.0,0.0,0.0,0.0,8.0,0.0
0.5625,0,gOMP,baseline,4048.0,1152.0,2048.0,256.0,0.0,0.0,488.0,56.0,0.0,0.0,0.0,48.0,0.0
0.5625,0,gOMP,optimized,1600.0,1152.0,0.0,256.0,0.0,0.0,128.0,56.0,0.0,0.0,0.0,8.0,0.0
0.5625,1,gOMP,baseline,4048.0,1152.0,2048.0,256.0,0.0,0.0,488.0,56.0,0.0,0.0,0.0,48.0,0.0
0.5625,1,gOMP,optimized,1600.0,1152.0,0.0,256.0,0.0,0.0,128.0,56.0,0.0,0.0,0.0,8.0,0.0
0.5625,2,gOMP,baseline,4048.0,1152.0,2048.0,256.0,0.0,0.0,488.0,56.0,0.0,0.0,0.0,48.0,0.0
0.5625,2,gOMP,optimized,1600.0,1152.0,0.0,256.0,0.0,0.0,128.0,56.0,0.0,0.0,0.0,8.0,0.0
0.5625,3,gOMP,baseline,4048.0,1152.0,2048.0,256.0,0.0,0.0,488.0,56.0,0.0,0.0,0.0,48.0,0.0
0.5625,3,gOMP,optimized,1600.0,1152.0,0.0,256.0,0.0,0.0,128.0,56.0,0.0,0.0,0.0,8.0,0.0
0.5625,4,gOMP,baseline,4048.0,1152.0,2048.0,256.0,0.0,0.0,488.0,56.0,0.0,0.0,0.0,48.0,0.0
0.5625,4,gOMP,optimized,1600.0,1152.0,0.0,256.0,0.0,0.0,128.0,56.0,0.0,0.0,0.0,8.0,0.0
0.5625,5,gOMP,baseline,4048.0,1152.0,2048.0,256.0,0.0,0.0,488.0,56.0,0.0,0.0,0.0,48.0,0.0
0.5625,5,gOMP,optimized,1600.0,1152.0,0.0,256.0,0.0,0.0,128.0,56.0,0.0,0.0,0.0,8.0,0.0
0.5625,6,gOMP,baseline,4048.0,1152.0,2048.0,256.0,0.0,0.0,488.0,56.0,0.0,0.0,0.0,48.0,0.0
0.5625,6,gOMP,optimized,1600.0,1152.0,0.0,256.0,0.0,0.0,128.0,56.0,0.0,0.0,0.0,8.0,0.0
0.5625,7,gOMP,baseline,4048.0,1152.0,2048.0,256.0,0.0,0.0,488.0,56.0,0.0,0.0,0.0,48.0,0.0
0.5625,7,gOMP,optimized,1600.0,1152.0,0.0,256.0,0.0,0.0,128.0,56.0,0.0,0.0,0.0,8.0,0.0
0.5625,8,gOMP,baseline,4048.0,1152.0,2048.0,256.0,0.0,0.0,488.0,56.0,0.0,0.0,0.0,48.0,0.0
0.5625,8,gOMP,optimized,1600.0,1152.0,0.0,256.0,0.0,0.0,128.0,56.0,0.0,0.0,0.0,8.0,0.0
0.5625,9,gOMP,baseline,4048.0,1152.0,2048.0,256.0,0.0,0.0,488.0,56.0,0.0,0.0,0.0,48.0,0.0
0.5625,9,gOMP,optimized,1600.0,1152.0,0.0,256.0,0.0,0.0,128.0,56.0,0.0,0.0,0.0,8.0,0.0
0.5625,10,gOMP,baseline,4048.0,1152.0,2048.0,256.0,0.0,0.0,488.0,56.0,0.0,0.0,0.0,48.0,0.0
0.5625,10,gOMP,optimized,1600.0,1152.0,0.0,256.0,0.0,0.0,128.0,56.0,0.0,0.0,0.0,8.0,0.0
0.5625,11,gOMP,baseline,4048.0,1152.0,2048.0,256.0,0.0,0.0,488.0,56.0,0.0,0.0,0.0,48.0,0.0
0.5625,11,gOMP,optimized,1600.0,1152.0,0.0,256.0,0.0,0.0,128.0,56.0,0.0,0.0,0.0,8.0,0.0
0.5625,12,gOMP,baseline,4048.0,1152.0,2048.0,256.0,0.0,0.0,488.0,56.0,0.0,0.0,0.0,48.0,0.0
0.5625,12,gOMP,optimized,1600.0,1152.0,0.0,256.0,0.0,0.0,128.0,56.0,0.0,0.0,0.0,8.0,0.0
0.5625,13,gOMP,baseline,4048.0,1152.0,2048.0,256.0,0.0,0.0,488.0,56.0,0.0,0.0,0.0,48.0,0.0
0.5625,13,gOMP,optimized,1600.0,1152.0,0.0,256.0,0.0,0.0,128.0,56.0,0.0,0.0,0.0,8.0,0.0
0.5625,14,gOMP,baseline,4048.0,1152.0,2048.0,256.0,0.0,0.0,488.0,56.0,0.0,0.0,0.0,48.0,0.0
0.5625,14,gOMP,optimized,1600.0,1152.0,0.0,256.0,0.0,0.0,128.0,56.0,0.0,0.0,0.0,8.0,0.0
0.5625,15,gOMP,baseline,4048.0,1152.0,2048.0,256.0,0.0,0.0,488.0,56.0,0.0,0.0,0.0,48.0,0.0
0.5625,15,gOMP,optimized,1600.0,1152.0,0.0,256.0,0.0,0.0,128.0,56.0,0.0,0.0,0.0,8.0,0.0
0.5625,16,gOMP,baseline,4048.0,1152.0,2048.0,256.0,0.0,0.0,488.0,56.0,0.0,0.0,0.0,48.0,0.0
0.5625,16,gOMP,optimized,1600.0,1152.0,0.0,256.0,0.0,0.0,128.0,56.0,0.0,0.0,0.0,8.0,0.0
0.5625,17,gOMP,baseline,4048.0,1152.0,2048.0,256.0,0.0,0.0,488.0,56.0,0.0,0.0,0.0,48.0,0.0
0.5625,17,gOMP,optimized,1600.0,1152.0,0.0,256.0,0.0,0.0,128.0,56.0,0.0,0.0,0.0,8.0,0.0
0.5625,18,gOMP,baseline,4048.0,1152.0,2048.0,256.0,0.0,0.0,488.0,56.0,0.0,0.0,0.0,48.0,0.0
0.5625,18,gOMP,optimized,1600.0,1152.0,0.0,256.0,0.0,0.0,128.0,56.0,0.0,0.0,0.0,8.0,0.0
0.5625,19,gOMP,baseline,4048.0,1152.0,2048.0,256.0,0.0,0.0,488.0,56.0,0.0,0.0,0.0,48.0,0.0
0.5625,19,gOMP,optimized,1600.0,1152.0,0.0,256.0,0.0,0.0,128.0,56.0,0.0,0.0,0.0,8.0,0.0
0.625,0,gOMP,baseline,4176.0,1280.0,2048.0,256.0,0.0,0.0,488.0,56.0,0.0,0.0,0.0,48.0,0.0
0.625,0,gOMP,optimized,1728.0,1280.0,0.0,256.0,0.0,0.0,128.0,56.0,0.0,0.0,0.0,8.0,0.0
0.625,1,gOMP,baseline,4176.0,1280.0,2048.0,256.0,0.0,0.0,488.0,56.0,0.0,0.0,0.0,48.0,0.0
0.625,1,gOMP,optimized,1728.0,1280.0,0.0,256.0,0.0,0.0,128.0,56.0,0.0,0.0,0.0,8.0,0.0
0.625,2,gOMP,baseline,4176.0,1280.0,2048.0,256.0,0.0,0.0,488.0,56.0,0.0,0.0,0.0,48.0,0.0
0.625,2,gOMP,optimized,1728.0,1280.0,0.0,256.0,0.0,0.0,128.0,56.0,0.0,0.0,0.0,8.0,0.0
0.625,3,gOMP,baseline,4176.0,1280.0,2048.0,256.0,0.0,0.0,488.0,56.0,0.0,0.0,0.0,48.0,0.0
0.625,3,gOMP,optimized,1728.0,1280.0,0.0,256.0,0.0,0.0,128.0,56.0,0.0,0.0,0.0,8.0,0.0
0.625,4,gOMP,baseline,4176.0,1280.0,2048.0,256.0,0.0,0.0,488.0,56.0,0.0,0.0,0.0,48.0,0.0
0.625,4,gOMP,optimized,1728.0,1280.0,0.0,256.0,0.0,0.0,128.0,56.0,0.0,0.0,0.0,8.0,0.0
0.625,5,gOMP,baseline,4176.0,1280.0,2048.0,256.0,0.0,0.0,488.0,56.0,0.0,0.0,0.0,48.0,0.0
0.625,5,gOMP,optimized,1728.0,1280.0,0.0,256.0,0.0,0.0,128.0,56.0,0.0,0.0,0.0,8.0,0.0
0.625,6,gOMP,baseline,4176.0,1280.0,2048.0,256.0,0.0,0.0,488.0,56.0,0.0,0.0,0.0,48.0,0.0
0.625,6,gOMP,optimized,1728.0,1280.0,0.0,256.0,0.0,0.0,128.0,56.0,0.0,0.0,0.0,8.0,0.0
0.625,7,gOMP,baseline,4176.0,1280.0,2048.0,256.0,0.0,0.0,488.0,56.0,0.0,0.0,0.0,48.0,0.0
0.625,7,gOMP,optimized,1728.0,1280.0,0.0,256.0,0.0,0.0,128.0,56.0,0.0,0.0,0.0,8.0,0.0
0.625,8,gOMP,baseline,4176.0,1280.0,2048.0,256.0,0.0,0.0,488.0,56.0,0.0,0.0,0.0,48.0,0.0
0.625,8,gOMP,optimized,1728.0,1280.0,0.0,256.0,0.0,0.0,128.0,56.0,0.0,0.0,0.0,8.0,0.0
0.625,9,gOMP,baseline,4176.0,1280.0,2048.0,256.0,0.0,0.0,488.0,56.0,0.0,0.0,0.0,48.0,0.0
0.625,9,gOMP,optimized,1728.0,1280.0,0.0,256.0,0.0,0.0,128.0,56.0,0.0,0.0,0.0,8.0,0.0
0.625,10,gOMP,baseline,4176.0,1280.0,2048.0,256.0,0.0,0.0,488.0,56.0,0.0,0.0,0.0,48.0,0.0
0.625,10,gOMP,optimized,1728.0,1280.0,0.0,256.0,0.0,0.0,128.0,56.0,0.0,0.0,0.0,8.0,0.0
0.625,11,gOMP,baseline,4176.0,1280.0,2048.0,256.0,0.0,0.0,488.0,56.0,0.0,0.0,0.0,48.0,0.0
0.625,11,gOMP,optimized,1728.0,1280.0,0.0,256.0,0.0,0.0,128.0,56.0,0.0,0.0,0.0,8.0,0.0
0.625,12,gOMP,baseline,4176.0,1280.0,2048.0,256.0,0.0,0.0,488.0,56.0,0.0,0.0,0.0,48.0,0.0
0.625,12,gOMP,optimized,1728.0,1280.0,0.0,256.0,0.0,0.0,128.0,56.0,0.0,0.0,0.0,8.0,0.0
0.625,13,gOMP,baseline,4176.0,1280.0,2048.0,256.0,0.0,0.0,488.0,56.0,0.0,0.0,0.0,48.0,0.0
0.625,13,gOMP,optimized,1728.0,1280.0,0.0,256.0,0.0,0.0,128.0,56.0,0.0,0.0,0.0,8.0,0.0
0.625,14,gOMP,baseline,4176.0,1280.0,2048.0,256.0,0.0,0.0,488.0,56.0,0.0,0.0,0.0,48.0,0.0
0.625,14,gOMP,optimized,1728.0,1280.0,0.0,256.0,0.0,0.0,128.0,56.0,0.0,0.0,0.0,8.0,0.0
0.625,15,gOMP,baseline,4176.0,1280.0,2048.0,256.0,0.0,0.0,488.0,56.0,0.0,0.0,0.0,48.0,0.0
0.625,15,gOMP,optimized,1728.0,1280.0,0.0,256.0,0.0,0.0,128.0,56.0,0.0,0.0,0.0,8.0,0.0
0.625,16,gOMP,baseline,4176.0,1280.0,2048.0,256.0,0.0,0.0,488.0,56.0,0.0,0.0,0.0,48.0,0.0
0.625,16,gOMP,optimized,1728.0,1280.0,0.0,256.0,0.0,0.0,128.0,56.0,0.0,0.0,0.0,8.0,0.0
0.625,17,gOMP,baseline,4176.0,1280.0,2048.0,256.0,0.0,0.0,488.0,56.0,0.0,0.0,0.0,48.0,0.0
0.625,17,gOMP,optimized,1728.0,1280.0,0.0,256.0,0.0,0.0,128.0,56.0,0.0,0.0,0.0,8.0,0.0
0.625,18,gOMP,baseline,4176.0,1280.0,2048.0,256.0,0.0,0.0,488.0,56.0,0.0,0.0,0.0,48.0,0.0
0.625,18,gOMP,optimized,1728.0,1280.0,0.0,256.0,0.0,0.0,128.0,56.0,0.0,0.0,0.0,8.0,0.0
0.625,19,gOMP,baseline,4176.0,1280.0,2048.0,256.0,0.0,0.0,488.0,56.0,0.0,0.0,0.0,48.0,0.0
0.625,19,gOMP,optimized,1728.0,1280.0,0.0,256.0,0.0,0.0,128.0,56.0,0.0,0.0,0.0,8.0,0.0
