coeff_mode,trial,algorithm,implementation,peak_working_set_bytes,residual_bytes,x_hat_bytes,support_mask_bytes,solver_gram_bytes,solver_rhs_bytes,support_history_bytes,residual_history_bytes,support_size_history_bytes,candidate_size_history_bytes,group_size_history_bytes,support_condition_history_bytes,extra_array_bytes
gaussian,0,gOMP,baseline,3664.0,768.0,2048.0,256.0,0.0,0.0,488.0,56.0,0.0,0.0,0.0,48.0,0.0
gaussian,0,gOMP,optimized,1216.0,768.0,0.0,256.0,0.0,0.0,128.0,56.0,0.0,0.0,0.0,8.0,0.0
gaussian,1,gOMP,baseline,3664.0,768.0,2048.0,256.0,0.0,0.0,488.0,56.0,0.0,0.0,0.0,48.0,0.0
gaussian,1,gOMP,optimized,1216.0,768.0,0.0,256.0,0.0,0.0,128.0,56.0,0.0,0.0,0.0,8.0,0.0
gaussian,2,gOMP,baseline,3664.0,768.0,2048.0,256.0,0.0,0.0,488.0,56.0,0.0,0.0,0.0,48.0,0.0
gaussian,2,gOMP,optimized,1216.0,768.0,0.0,256.0,0.0,0.0,128.0,56.0,0.0,0.0,0.0,8.0,0.0
gaussian,3,gOMP,baseline,3664.0,768.0,2048.0,256.0,0.0,0.0,488.0,56.0,0.0,0.0,0.0,48.0,0.0
gaussian,3,gOMP,optimized,1216.0,768.0,0.0,256.0,0.0,0.0,128.0,56.0,0.0,0.0,0.0,8.0,0.0
gaussian,4,gOMP,baseline,3664.0,768.0,2048.0,256.0,0.0,0.0,488.0,56.0,0.0,0.0,0.0,48.0,0.0
gaussian,4,gOMP,optimized,1216.0,768.0,0.0,256.0,0.0,0.0,128.0,56.0,0.0,0.0,0.0,8.0,0.0
gaussian,5,gOMP,baseline,3664.0,768.0,2048.0,256.0,0.0,0.0,488.0,56.0,0.0,0.0,0.0,48.0,0.0
gaussian,5,gOMP,optimized,1216.0,768.0,0.0,256.0,0.0,0.0,128.0,56.0,0.0,0.0,0.0,8.0,0.0
gaussian,6,gOMP,baseline,3664.0,768.0,2048.0,256.0,0.0,0.0,488.0,56.0,0.0,0.0,0.0,48.0,0.0
gaussian,6,gOMP,optimized,1216.0,768.0,0.0,256.0,0.0,0.0,128.0,56.0,0.0,0.0,0.0,8.0,0.0
gaussian,7,gOMP,baseline,3664.0,768.0,2048.0,256.0,0.0,0.0,488.0,56.0,0.0,0.0,0.0,48.0,0.0
gaussian,7,gOMP,optimized,1216.0,768.0,0.0,256.0,0.0,0.0,128.0,56.0,0.0,0.0,0.0,8.0,0.0
gaussian,8,gOMP,baseline,3664.0,768.0,2048.0,256.0,0.0,0.0,488.0,56.0,0.0,0.0,0.0,48.0,0.0
gaussian,8,gOMP,optimized,1216.0,768.0,0.0,256.0,0.0,0.0,128.0,56.0,0.0,0.0,0.0,8.0,0.0
gaussian,9,gOMP,baseline,3664.0,768.0,2048.0,256.0,0.0,0.0,488.0,56.0,0.0,0.0,0.0,48.0,0.0
gaussian,9,gOMP,optimized,1216.0,768.0,0.0,256.0,0.0,0.0,128.0,56.0,0.0,0.0,0.0,8.0,0.0
gaussian,10,gOMP,baseline,3664.0,768.0,2048.0,256.0,0.0,0.0,488.0,56.0,0.0,0.0,0.0,48.0,0.0
gaussian,10,gOMP,optimized,1216.0,768.0,0.0,256.0,0.0,0.0,128.0,56.0,0.0,0.0,0.0,8.0,0.0
gaussian,11,gOMP,baseline,3664.0,768.0,2048.0,256.0,0.0,0.0,488.0,56.0,0.0,0.0,0.0,48.0,0.0
gaussian,11,gOMP,optimized,1216.0,768.0,0.0,256.0,0.0,0.0,128.0,56.0,0.0,0.0,0.0,8.0,0.0
gaussian,12,gOMP,baseline,3664.0,768.0,2048.0,256.0,0.0,0.0,488.0,56.0,0.0,0.0,0.0,48.0,0.0
gaussian,12,gOMP,optimized,1216.0,768.0,0.0,256.0,0.0,0.0,128.0,56.0,0.0,0.0,0.0,8.0,0.0
gaussian,13,gOMP,baseline,3664.0,768.0,2048.0,256.0,0.0,0.0,488.0,56.0,0.0,0.0,0.0,48.0,0.0
gaussian,13,gOMP,optimized,1216.0,768.0,0.0,256.0,0.0,0.0,128.0,56.0,0.0,0.0,0.0,8.0,0.0
gaussian,14,gOMP,baseline,3664.0,768.0,2048.0,256.0,0.0,0.0,488.0,56.0,0.0,0.0,0.0,48.0,0.0
gaussian,14,gOMP,optimized,1216.0,768.0,0.0,256.0,0.0,0.0,128.0,56.0,0.0,0.0,0.0,8.0,0.0
gaussian,15,gOMP,baseline,3664.0,768.0,2048.0,256.0,0.0,0.0,488.0,56.0,0.0,0.0,0.0,48.0,0.0
gaussian,15,gOMP,optimized,1216.0,768.0,0.0,256.0,0.0,0.0,128.0,56.0,0.0,0.0,0.0,8.0,0.0
gaussian,16,gOMP,baseline,3664.0,768.0,2048.0,256.0,0.0,0.0,488.0,56.0,0.0,0.0,0.0,48.0,0.0
gaussian,16,gOMP,optimized,1216.0,768.0,0.0,256.0,0.0,0.0,128.0,56.0,0.0,0.0,0.0,8.0,0.0
gaussian,17,gOMP,baseline,3664.0,768.0,2048.0,256.0,0.0,0.0,488.0,56.0,0.0,0.0,0.0,48.0,0.0
gaussian,17,gOMP,optimized,1216.0,768.0,0.0,256.0,0.0,0.0,128.0,56.0,0.0,0.0,0.0,8.0,0.0
gaussian,18,gOMP,baseline,3664.0,768.0,2048.0,256.0,0.0,0.0,488.0,56.0,0.0,0.0,0.0,48.0,0.0
gaussian,18,gOMP,optimized,1216.0,768.0,0.0,256.0,0.0,0.0,128.0,56.0,0.0,0.0,0.0,8.0,0.0
gaussian,19,gOMP,baseline,3664.0,768.0,2048.0,256.0,0.0,0.0,488.0,56.0,0.0,0.0,0.0,48.0,0.0
gaussian,19,gOMP,optimized,1216.0,768.0,0.0,256.0,0.0,0.0,128.0,56.0,0.0,0.0,0.0,8.0,0.0
rademacher,0,gOMP,baseline,3664.0,768.0,2048.0,256.0,0.0,0.0,488.0,56.0,0.0,0.0,0.0,48.0,0.0
rademacher,0,gOMP,optimized,1216.0,768.0,0.0,256.0,0.0,0.0,128.0,56.0,0.0,0.0,0.0,8.0,0.0
rademacher,1,gOMP,baseline,3664.0,768.0,2048.0,256.0,0.0,0.0,488.0,56.0,0.0,0.0,0.0,48.0,0.0
rademacher,1,gOMP,optimized,1216.0,768.0,0.0,256.0,0.0,0.0,128.0,56.0,0.0,0.0,0.0,8.0,0.0
rademacher,2,gOMP,baseline,3664.0,768.0,2048.0,256.0,0.0,0.0,488.0,56.0,0.0,0.0,0.0,48.0,0.0
rademacher,2,gOMP,optimized,1216.0,768.0,0.0,256.0,0.0,0.0,128.0,56.0,0.0,0.0,0.0,8.0,0.0
rademacher,3,gOMP,baseline,3664.0,768.0,2048.0,256.0,0.0,0.0,488.0,56.0,0.0,0.0,0.0,48.0,0.0
rademacher,3,gOMP,optimized,1216.0,768.0,0.0,256.0,0.0,0.0,128.0,56.0,0.0,0.0,0.0,8.0,0.0
rademacher,4,gOMP,baseline,3664.0,768.0,2048.0,256.0,0.0,0.0,488.0,56.0,0.0,0.0,0.0,48.0,0.0
rademacher,4,gOMP,optimized,1216.0,768.0,0.0,256.0,0.0,0.0,128.0,56.0,0.0,0.0,0.0,8.0,0.0
rademacher,5,gOMP,baseline,3664.0,768.0,2048.0,256.0,0.0,0.0,488.0,56.0,0.0,0.0,0.0,48.0,0.0
rademacher,5,gOMP,optimized,1216.0,768.0,0.0,256.0,0.0,0.0,128.0,56.0,0.0,0.0,0.0,8.0,0.0
rademacher,6,gOMP,baseline,3664.0,768.0,2048.0,256.0,0.0,0.0,488.0,56.0,0.0,0.0,0.0,48.0,0.0
rademacher,6,gOMP,optimized,1216.0,768.0,0.0,256.0,0.0,0.0,128.0,56.0,0.0,0.0,0.0,8.0,0.0
rademacher,7,gOMP,baseline,3664.0,768.0,2048.0,256.0,0.0,0.0,488.0,56.0,0.0,0.0,0.0,48.0,0.0
rademacher,7,gOMP,optimized,1216.0,768.0,0.0,256.0,0.0,0.0,128.0,56.0,0.0,0.0,0.0,8.0,0.0
rademacher,8,gOMP,baseline,3664.0,768.0,2048.0,256.0,0.0,0.0,488.0,56.0,0.0,0.0,0.0,48.0,0.0
rademacher,8,gOMP,optimized,1216.0,768.0,0.0,256.0,0.0,0.0,128.0,56.0,0.0,0.0,0.0,8.0,0.0
rademacher,9,gOMP,baseline,3664.0,768.0,2048.0,256.0,0.0,0.0,488.0,56.0,0.0,0.0,0.0,48.0,0.0
rademacher,9,gOMP,optimized,1216.0,768.0,0.0,256.0,0.0,0.0,128.0,56.0,0.0,0.0,0.0,8.0,0.0
rademacher,10,gOMP,baseline,3664.0,768.0,2048.0,256.0,0.0,0.0,488.0,56.0,0.0,0.0,0.0,48.0,0.0
rademacher,10,gOMP,optimized,1216.0,768.0,0.0,256.0,0.0,0.0,128.0,56.0,0.0,0.0,0.0,8.0,0.0
rademacher,11,gOMP,baseline,3664.0,768.0,2048.0,256.0,0.0,0.0,488.0,56.0,0.0,0.0,0.0,48.0,0.0
rademacher,11,gOMP,optimized,1216.0,768.0,0.0,256.0,0.0,0.0,128.0,56.0,0.0,0.0,0.0,8.0,0.0
rademacher,12,gOMP,baseline,3664.0,768.0,2048.0,256.0,0.0,0.0,488.0,56.0,0.0,0.0,0.0,48.0,0.0
rademacher,12,gOMP,optimized,1216.0,768.0,0.0,256.0,0.0,0.0,128.0,56.0,0.0,0.0,0.0,8.0,0.0
rademacher,13,gOMP,baseline,3664.0,768.0,2048.0,256.0,0.0,0.0,488.0,56.0,0.0,0.0,0.0,48.0,0.0
rademacher,13,gOMP,optimized,1216.0,768.0,0.0,256.0,0.0,0.0,128.0,56.0,0.0,0.0,0.0,8.0,0.0
rademacher,14,gOMP,baseline,3664.0,768.0,2048.0,256.0,0.0,0.0,488.0,56.0,0.0,0.0,0.0,48.0,0.0
rademacher,14,gOMP,optimized,1216.0,768.0,0.0,256.0,0.0,0.0,128.0,56.0,0.0,0.0,0.0,8.0,0.0
rademacher,15,gOMP,baseline,3664.0,768.0,2048.0,256.0,0.0,0.0,488.0,56.0,0.0,0.0,0.0,48.0,0.0
rademacher,15,gOMP,optimized,1216.0,768.0,0.0,256.0,0.0,0.0,128.0,56.0,0.0,0.0,0.0,8.0,0.0
rademacher,16,gOMP,baseline,3664.0,768.0,2048.0,256.0,0.0,0.0,488.0,56.0,0.0,0.0,0.0,48.0,0.0
rademacher,16,gOMP,optimized,1216.0,768.0,0.0,256.0,0.0,0.0,128.0,56.0,0.0,0.0,0.0,8.0,0.0
rademacher,17,gOMP,baseline,3664.0,768.0,2048.0,256.0,0.0,0.0,488.0,56.0,0.0,0.0,0.0,48.0,0.0
rademacher,17,gOMP,optimized,1216.0,768.0,0.0,256.0,0.0,0.0,128.0,56.0,0.0,0.0,0.0,8.0,0.0
rademacher,18,gOMP,baseline,3664.0,768.0,2048.0,256.0,0.0,0.0,488.0,56.0,0.0,0.0,0.0,48.0,0.0
rademacher,18,gOMP,optimized,1216.0,768.0,0.0,256.0,0.0,0.0,128.0,56.0,0.0,0.0,0.0,8.0,0.0
rademacher,19,gOMP,baseline,3664.0,768.0,2048.0,256.0,0.0,0.0,488.0,56.0,0.0,0.0,0.0,48.0,0.0
rademacher,19,gOMP,optimized,1216.0,768.0,0.0,256.0,0.0,0.0,128.0,56.0,0.0,0.0,0.0,8.0,0.0
uniform,0,gOMP,baseline,3664.0,768.0,2048.0,256.0,0.0,0.0,488.0,56.0,0.0,0.0,0.0,48.0,0.0
uniform,0,gOMP,optimized,1216.0,768.0,0.0,256.0,0.0,0.0,128.0,56.0,0.0,0.0,0.0,8.0,0.0
uniform,1,gOMP,baseline,3664.0,768.0,2048.0,256.0,0.0,0.0,488.0,56.0,0.0,0.0,0.0,48.0,0.0
uniform,1,gOMP,optimized,1216.0,768.0,0.0,256.0,0.0,0.0,128.0,56.0,0.0,0.0,0.0,8.0,0.0
uniform,2,gOMP,baseline,3664.0,768.0,2048.0,256.0,0.0,0.0,488.0,56.0,0.0,0.0,0.0,48.0,0.0
uniform,2,gOMP,optimized,1216.0,768.0,0.0,256.0,0.0,0.0,128.0,56.0,0.0,0.0,0.0,8.0,0.0
uniform,3,gOMP,baseline,3664.0,768.0,2048.0,256.0,0.0,0.0,488.0,56.0,0.0,0.0,0.0,48.0,0.0
uniform,3,gOMP,optimized,1216.0,768.0,0.0,256.0,0.0,0.0,128.0,56.0,0.0,0.0,0.0,8.0,0.0
uniform,4,gOMP,baseline,3664.0,768.0,2048.0,256.0,0.0,0.0,488.0,56.0,0.0,0.0,0.0,48.0,0.0
uniform,4,gOMP,optimized,1216.0,768.0,0.0,256.0,0.0,0.0,128.0,56.0,0.0,0.0,0.0,8.0,0.0
uniform,5,gOMP,baseline,3664.0,768.0,2048.0,256.0,0.0,0.0,488.0,56.0,0.0,0.0,0.0,48.0,0.0
uniform,5,gOMP,optimized,1216.0,768.0,0.0,256.0,0.0,0.0,128.0,56.0,0.0,0.0,0.0,8.0,0.0
uniform,6,gOMP,baseline,3664.0,768.0,2048.0,256.0,0.0,0.0,488.0,56.0,0.0,0.0,0.0,48.0,0.0
uniform,6,gOMP,optimized,1216.0,768.0,0.0,256.0,0.0,0.0,128.0,56.0,0.0,0.0,0.0,8.0,0.0
uniform,7,gOMP,baseline,3664.0,768.0,2048.0,256.0,0.0,0.0,488.0,56.0,0.0,0.0,0.0,48.0,0.0
uniform,7,gOMP,optimized,1216.0,768.0,0.0,256.0,0.0,0.0,128.0,56.0,0.0,0.0,0.0,8.0,0.0
uniform,8,gOMP,baseline,3664.0,768.0,2048.0,256.0,0.0,0.0,488.0,56.0,0.0,0.0,0.0,48.0,0.0
uniform,8,gOMP,optimized,1216.0,768.0,0.0,256.0,0.0,0.0,128.0,56.0,0.0,0.0,0.0,8.0,0.0
uniform,9,gOMP,baseline,3664.0,768.0,2048.0,256.0,0.0,0.0,488.0,56.0,0.0,0.0,0.0,48.0,0.0
uniform,9,gOMP,optimized,1216.0,768.0,0.0,256.0,0.0,0.0,128.0,56.0,0.0,0.0,0.0,8.0,0.0
uniform,10,gOMP,baseline,3664.0,768.0,2048.0,256.0,0.0,0.0,488.0,56.0,0.0,0.0,0.0,48.0,0.0
uniform,10,gOMP,optimized,1216.0,768.0,0.0,256.0,0.0,0.0,128.0,56.0,0.0,0.0,0.0,8.0,0.0
uniform,11,gOMP,baseline,3664.0,768.0,2048.0,256.0,0.0,0.0,488.0,56.0,0.0,0.0,0.0,48.0,0.0
uniform,11,gOMP,optimized,1216.0,768.0,0.0,256.0,0.0,0.0,128.0,56.0,0.0,0.0,0.0,8.0,0.0
uniform,12,gOMP,baseline,3664.0,768.0,2048.0,256.0,0.0,0.0,488.0,56.0,0.0,0.0,0.0,48.0,0.0
uniform,12,gOMP,optimized,1216.0,768.0,0.0,256.0,0.0,0.0,128.0,56.0,0.0,0.0,0.0,8.0,0.0
uniform,13,gOMP,baseline,3664.0,768.0,2048.0,256.0,0.0,0.0,488.0,56.0,0.0,0.0,0.0,48.0,0.0
uniform,13,gOMP,optimized,1216.0,768.0,0.0,256.0,0.0,0.0,128.0,56.0,0.0,0.0,0.0,8.0,0.0
uniform,14,gOMP,baseline,3664.0,768.0,2048.0,256.0,0.0,0.0,488.0,56.0,0.0,0.0,0.0,48.0,0.0
uniform,14,gOMP,optimized,1216.0,768.0,0.0,256.0,0.0,0.0,128.0,56.0,0.0,0.0,0.0,8.0,0.0
uniform,15,gOMP,baseline,3664.0,768.0,2048.0,256.0,0.0,0.0,488.0,56.0,0.0,0.0,0.0,48.0,0.0
uniform,15,gOMP,optimized,1216.0,768.0,0.0,256.0,0.0,0.0,128.0,56.0,0.0,0.0,0.0,8.0,0.0
uniform,16,gOMP,baseline,3664.0,768.0,2048.0,256.0,0.0,0.0,488.0,56.0,0.0,0.0,0.0,48.0,0.0
uniform,16,gOMP,optimized,1216.0,768.0,0.0,256.0,0.0,0.0,128.0,56.0,0.0,0.0,0.0,8.0,0.0
uniform,17,gOMP,baseline,3664.0,768.0,2048.0,256.0,0.0,0.0,488.0,56.0,0.0,0.0,0.0,48.0,0.0
uniform,17,gOMP,optimized,1216.0,768.0,0.0,256.0,0.0,0.0,128.0,56.0,0.0,0.0,0.0,8.0,0.0
uniform,18,gOMP,baseline,3664.0,768.0,2048.0,256.0,0.0,0.0,488.0,56.0,0.0,0.0,0.0,48.0,0.0
uniform,18,gOMP,optimized,1216.0,768.0,0.0,256.0,0.0,0.0,128.0,56.0,0.0,0.0,0.0,8.0,0.0
uniform,19,gOMP,baseline,3664.0,768.0,2048.0,256.0,0.0,0.0,488.0,56.0,0.0,0.0,0.0,48.0,0.0
uniform,19,gOMP,optimized,1216.0,768.0,0.0,256.0,0.0,0.0,128.0,56.0,0.0,0.0,0.0,8.0,0.0
