snr_db,trial,algorithm,implementation,peak_working_set_bytes,residual_bytes,x_hat_bytes,support_mask_bytes,solver_gram_bytes,solver_rhs_bytes,support_history_bytes,residual_history_bytes,support_size_history_bytes,candidate_size_history_bytes,group_size_history_bytes,support_condition_history_bytes,extra_array_bytes
5.0,0,gOMP,baseline,3664.0,768.0,2048.0,256.0,0.0,0.0,488.0,56.0,0.0,0.0,0.0,48.0,0.0
5.0,0,gOMP,optimized,1216.0,768.0,0.0,256.0,0.0,0.0,128.0,56.0,0.0,0.0,0.0,8.0,0.0
5.0,1,gOMP,baseline,3664.0,768.0,2048.0,256.0,0.0,0.0,488.0,56.0,0.0,0.0,0.0,48.0,0.0
5.0,1,gOMP,optimized,1216.0,768.0,0.0,256.0,0.0,0.0,128.0,56.0,0.0,0.0,0.0,8.0,0.0
5.0,2,gOMP,baseline,3664.0,768.0,2048.0,256.0,0.0,0.0,488.0,56.0,0.0,0.0,0.0,48.0,0.0
5.0,2,gOMP,optimized,1216.0,768.0,0.0,256.0,0.0,0.0,128.0,56.0,0.0,0.0,0.0,8.0,0.0
5.0,3,gOMP,baseline,3664.0,768.0,2048.0,256.0,0.0,0.0,488.0,56.0,0.0,0.0,0.0,48.0,0.0
5.0,3,gOMP,optimized,1216.0,768.0,0.0,256.0,0.0,0.0,128.0,56.0,0.0,0.0,0.0,8.0,0.0
5.0,4,gOMP,baseline,3664.0,768.0,2048.0,256.0,0.0,0.0,488.0,56.0,0.0,0.0,0.0,48.0,0.0
5.0,4,gOMP,optimized,1216.0,768.0,0.0,256.0,0.0,0.0,128.0,56.0,0.0,0.0,0.0,8.0,0.0
5.0,5,gOMP,baseline,3664.0,768.0,2048.0,256.0,0.0,0.0,488.0,56.0,0.0,0.0,0.0,48.0,0.0
5.0,5,gOMP,optimized,1216.0,768.0,0.0,256.0,0.0,0.0,128.0,56.0,0.0,0.0,0.0,8.0,0.0
5.0,6,gOMP,baseline,3664.0,768.0,2048.0,256.0,0.0,0.0,488.0,56.0,0.0,0.0,0.0,48.0,0.0
5.0,6,gOMP,optimized,1216.0,768.0,0.0,256.0,0.0,0.0,128.0,56.0,0.0,0.0,0.0,8.0,0.0
5.0,7,gOMP,baseline,3664.0,768.0,2048.0,256.0,0.0,0.0,488.0,56.0,0.0,0.0,0.0,48.0,0.0
5.0,7,gOMP,optimized,1216.0,768.0,0.0,256.0,0.0,0.0,128.0,56.0,0.0,0.0,0.0,8.0,0.0
5.0,8,gOMP,baseline,3664.0,768.0,2048.0,256.0,0.0,0.0,488.0,56.0,0.0,0.0,0.0,48.0,0.0
5.0,8,gOMP,optimized,1216.0,768.0,0.0,256.0,0.0,0.0,128.0,56.0,0.0,0.0,0.0,8.0,0.0
5.0,9,gOMP,baseline,3664.0,768.0,2048.0,256.0,0.0,0.0,488.0,56.0,0.0,0.0,0.0,48.0,0.0
5.0,9,gOMP,optimized,1216.0,768.0,0.0,256.0,0.0,0.0,128.0,56.0,0.0,0.0,0.0,8.0,0.0
5.0,10,gOMP,baseline,3664.0,768.0,2048.0,256.0,0.0,0.0,488.0,56.0,0.0,0.0,0.0,48.0,0.0
5.0,10,gOMP,optimized,1216.0,768.0,0.0,256.0,0.0,0.0,128.0,56.0,0.0,0.0,0.0,8.0,0.0
5.0,11,gOMP,baseline,3664.0,768.0,2048.0,256.0,0.0,0.0,488.0,56.0,0.0,0.0,0.0,48.0,0.0
5.0,11,gOMP,optimized,1216.0,768.0,0.0,256.0,0.0,0.0,128.0,56.0,0.0,0.0,0.0,8.0,0.0
5.0,12,gOMP,baseline,3664.0,768.0,2048.0,256.0,0.0,0.0,488.0,56.0,0.0,0.0,0.0,48.0,0.0
5.0,12,gOMP,optimized,1216.0,768.0,0.0,256.0,0.0,0.0,128.0,56.0,0.0,0.0,0.0,8.0,0.0
5.0,13,gOMP,baseline,3664.0,768.0,2048.0,256.0,0.0,0.0,488.0,56.0,0.0,0.0,0.0,48.0,0.0
5.0,13,gOMP,optimized,1216.0,768.0,0.0,256.0,0.0,0.0,128.0,56.0,0.0,0.0,0.0,8.0,0.0
5.0,14,gOMP,baseline,3664.0,768.0,2048.0,256.0,0.0,0.0,488.0,56.0,0.0,0.0,0.0,48.0,0.0
5.0,14,gOMP,optimized,1216.0,768.0,0.0,256.0,0.0,0.0,128.0,56.0,0.0,0.0,0.0,8.0,0.0
5.0,15,gOMP,baseline,3664.0,768.0,2048.0,256.0,0.0,0.0,488.0,56.0,0.0,0.0,0.0,48.0,0.0
5.0,15,gOMP,optimized,1216.0,768.0,0.0,256.0,0.0,0.0,128.0,56.0,0.0,0.0,0.0,8.0,0.0
5.0,16,gOMP,baseline,3664.0,768.0,2048.0,256.0,0.0,0.0,488.0,56.0,0.0,0.0,0.0,48.0,0.0
5.0,16,gOMP,optimized,1216.0,768.0,0.0,256.0,0.0,0.0,128.0,56.0,0.0,0.0,0.0,8.0,0.0
5.0,17,gOMP,baseline,3664.0,768.0,2048.0,256.0,0.0,0.0,488.0,56.0,0.0,0.0,0.0,48.0,0.0
5.0,17,gOMP,optimized,1216.0,768.0,0.0,256.0,0.0,0.0,128.0,56.0,0.0,0.0,0.0,8.0,0.0
5.0,18,gOMP,baseline,3664.0,768.0,2048.0,256.0,0.0,0.0,488.0,56.0,0.0,0.0,0.0,48.0,0.0
5.0,18,gOMP,optimized,1216.0,768.0,0.0,256.0,0.0,0.0,128.0,56.0,0.0,0.0,0.0,8.0,0.0
5.0,19,gOMP,baseline,3664.0,768.0,2048.0,256.0,0.0,0.0,488.0,56.0,0.0,0.0,0.0,48.0,0.0
5.0,19,gOMP,optimized,1216.0,768.0,0.0,256.0,0.0,0.0,128.0,56.0,0.0,0.0,0.0,8.0,0.0
5.0,20,gOMP,baseline,3664.0,768.0,2048.0,256.0,0.0,0.0,488.0,56.0,0.0,0.0,0.0,48.0,0.0
5.0,20,gOMP,optimized,1216.0,768.0,0.0,256.0,0.0,0.0,128.0,56.0,0.0,0.0,0.0,8.0,0.0
5.0,21,gOMP,baseline,3664.0,768.0,2048.0,256.0,0.0,0.0,488.0,56.0,0.0,0.0,0.0,48.0,0.0
5.0,21,gOMP,optimized,1216.0,768.0,0.0,256.0,0.0,0.0,128.0,56.0,0.0,0.0,0.0,8.0,0.0
5.0,22,gOMP,baseline,3664.0,768.0,2048.0,256.0,0.0,0.0,488.0,56.0,0.0,0.0,0.0,48.0,0.0
5.0,22,gOMP,optimized,1216.0,768.0,0.0,256.0,0.0,0.0,128.0,56.0,0.0,0.0,0.0,8.0,0.0
5.0,23,gOMP,baseline,3664.0,768.0,2048.0,256.0,0.0,0.0,488.0,56.0,0.0,0.0,0.0,48.0,0.0
5.0,23,gOMP,optimized,1216.0,768.0,0.0,256.0,0.0,0.0,128.0,56.0,0.0,0.0,0.0,8.0,0.0
5.0,24,gOMP,baseline,3664.0,768.0,2048.0,256.0,0.0,0.0,488.0,56.0,0.0,0.0,0.0,48.0,0.0
5.0,24,gOMP,optimized,1216.0,768.0,0.0,256.0,0.0,0.0,128.0,56.0,0.0,0.0,0.0,8.0,0.0
5.0,25,gOMP,baseline,3664.0,768.0,2048.0,256.0,0.0,0.0,488.0,56.0,0.0,0.0,0.0,48.0,0.0
5.0,25,gOMP,optimized,1216.0,768.0,0.0,256.0,0.0,0.0,128.0,56.0,0.0,0.0,0.0,8.0,0.0
5.0,26,gOMP,baseline,3664.0,768.0,2048.0,256.0,0.0,0.0,488.0,56.0,0.0,0.0,0.0,48.0,0.0
5.0,26,gOMP,optimized,1216.0,768.0,0.0,256.0,0.0,0.0,128.0,56.0,0.0,0.0,0.0,8.0,0.0
5.0,27,gOMP,baseline,3664.0,768.0,2048.0,256.0,0.0,0.0,488.0,56.0,0.0,0.0,0.0,48.0,0.0
5.0,27,gOMP,optimized,1216.0,768.0,0.0,256.0,0.0,0.0,128.0,56.0,0.0,0.0,0.0,8.0,0.0
5.0,28,gOMP,baseline,3664.0,768.0,2048.0,256.0,0.0,0.0,488.0,56.0,0.0,0.0,0.0,48.0,0.0
5.0,28,gOMP,optimized,1216.0,768.0,0.0,256.0,0.0,0.0,128.0,56.0,0.0,0.0,0.0,8.0,0.0
5.0,29,gOMP,baseline,3664.0,768.0,2048.0,256.0,0.0,0.0,488.0,56.0,0.0,0.0,0.0,48.0,0.0
5.0,29,gOMP,optimized,1216.0,768.0,0.0,256.0,0.0,0.0,128.0,56.0,0.0,0.0,0.0,8.0,0.0
10.0,0,gOMP,baseline,3664.0,768.0,2048.0,256.0,0.0,0.0,488.0,56.0,0.0,0.0,0.0,48.0,0.0
10.0,0,gOMP,optimized,1216.0,768.0,0.0,256.0,0.0,0.0,128.0,56.0,0.0,0.0,0.0,8.0,0.0
10.0,1,gOMP,baseline,3664.0,768.0,2048.0,256.0,0.0,0.0,488.0,56.0,0.0,0.0,0.0,48.0,0.0
10.0,1,gOMP,optimized,1216.0,768.0,0.0,256.0,0.0,0.0,128.0,56.0,0.0,0.0,0.0,8.0,0.0
10.0,2,gOMP,baseline,3664.0,768.0,2048.0,256.0,0.0,0.0,488.0,56.0,0.0,0.0,0.0,48.0,0.0
10.0,2,gOMP,optimized,1216.0,768.0,0.0,256.0,0.0,0.0,128.0,56.0,0.0,0.0,0.0,8.0,0.0
10.0,3,gOMP,baseline,3664.0,768.0,2048.0,256.0,0.0,0.0,488.0,56.0,0.0,0.0,0.0,48.0,0.0
10.0,3,gOMP,optimized,1216.0,768.0,0.0,256.0,0.0,0.0,128.0,56.0,0.0,0.0,0.0,8.0,0.0
10.0,4,gOMP,baseline,3664.0,768.0,2048.0,256.0,0.0,0.0,488.0,56.0,0.0,0.0,0.0,48.0,0.0
10.0,4,gOMP,optimized,1216.0,768.0,0.0,256.0,0.0,0.0,128.0,56.0,0.0,0.0,0.0,8.0,0.0
10.0,5,gOMP,baseline,3664.0,768.0,2048.0,256.0,0.0,0.0,488.0,56.0,0.0,0.0,0.0,48.0,0.0
10.0,5,gOMP,optimized,1216.0,768.0,0.0,256.0,0.0,0.0,128.0,56.0,0.0,0.0,0.0,8.0,0.0
10.0,6,gOMP,baseline,3664.0,768.0,2048.0,256.0,0.0,0.0,488.0,56.0,0.0,0.0,0.0,48.0,0.0
10.0,6,gOMP,optimized,1216.0,768.0,0.0,256.0,0.0,0.0,128.0,56.0,0.0,0.0,0.0,8.0,0.0
10.0,7,gOMP,baseline,3664.0,768.0,2048.0,256.0,0.0,0.0,488.0,56.0,0.0,0.0,0.0,48.0,0.0
10.0,7,gOMP,optimized,1216.0,768.0,0.0,256.0,0.0,0.0,128.0,56.0,0.0,0.0,0.0,8.0,0.0
10.0,8,gOMP,baseline,3664.0,768.0,2048.0,256.0,0.0,0.0,488.0,56.0,0.0,0.0,0.0,48.0,0.0
10.0,8,gOMP,optimized,1216.0,768.0,0.0,256.0,0.0,0.0,128.0,56.0,0.0,0.0,0.0,8.0,0.0
10.0,9,gOMP,baseline,3664.0,768.0,2048.0,256.0,0.0,0.0,488.0,56.0,0.0,0.0,0.0,48.0,0.0
10.0,9,gOMP,optimized,1216.0,768.0,0.0,256.0,0.0,0.0,128.0,56.0,0.0,0.0,0.0,8.0,0.0
10.0,10,gOMP,baseline,3664.0,768.0,2048.0,256.0,0.0,0.0,488.0,56.0,0.0,0.0,0.0,48.0,0.0
10.0,10,gOMP,optimized,1216.0,768.0,0.0,256.0,0.0,0.0,128.0,56.0,0.0,0.0,0.0,8.0,0.0
10.0,11,gOMP,baseline,3664.0,768.0,2048.0,256.0,0.0,0.0,488.0,56.0,0.0,0.0,0.0,48.0,0.0
10.0,11,gOMP,optimized,1216.0,768.0,0.0,256.0,0.0,0.0,128.0,56.0,0.0,0.0,0.0,8.0,0.0
10.0,12,gOMP,baseline,3664.0,768.0,2048.0,256.0,0.0,0.0,488.0,56.0,0.0,0.0,0.0,48.0,0.0
10.0,12,gOMP,optimized,1216.0,768.0,0.0,256.0,0.0,0.0,128.0,56.0,0.0,0.0,0.0,8.0,0.0
10.0,13,gOMP,baseline,3664.0,768.0,2048.0,256.0,0.0,0.0,488.0,56.0,0.0,0.0,0.0,48.0,0.0
10.0,13,gOMP,optimized,1216.0,768.0,0.0,256.0,0.0,0.0,128.0,56.0,0.0,0.0,0.0,8.0,0.0
10.0,14,gOMP,baseline,3664.0,768.0,2048.0,256.0,0.0,0.0,488.0,56.0,0.0,0.0,0.0,48.0,0.0
10.0,14,gOMP,optimized,1216.0,768.0,0.0,256.0,0.0,0.0,128.0,56.0,0.0,0.0,0.0,8.0,0.0
10.0,15,gOMP,baseline,3664.0,768.0,2048.0,256.0,0.0,0.0,488.0,56.0,0.0,0.0,0.0,48.0,0.0
10.0,15,gOMP,optimized,1216.0,768.0,0.0,256.0,0.0,0.0,128.0,56.0,0.0,0.0,0.0,8.0,0.0
10.0,16,gOMP,baseline,3664.0,768.0,2048.0,256.0,0.0,0.0,488.0,56.0,0.0,0.0,0.0,48.0,0.0
10.0,16,gOMP,optimized,1216.0,768.0,0.0,256.0,0.0,0.0,128.0,56.0,0.0,0.0,0.0,8.0,0.0
10.0,17,gOMP,baseline,3664.0,768.0,2048.0,256.0,0.0,0.0,488.0,56.0,0.0,0.0,0.0,48.0,0.0
10.0,17,gOMP,optimized,1216.0,768.0,0.0,256.0,0.0,0.0,128.0,56.0,0.0,0.0,0.0,8.0,0.0
10.0,18,gOMP,baseline,3664.0,768.0,2048.0,256.0,0.0,0.0,488.0,56.0,0.0,0.0,0.0,48.0,0.0
10.0,18,gOMP,optimized,1216.0,768.0,0.0,256.0,0.0,0.0,128.0,56.0,0.0,0.0,0.0,8.0,0.0
10.0,19,gOMP,baseline,3664.0,768.0,2048.0,256.0,0.0,0.0,488.0,56.0,0.0,0.0,0.0,48.0,0.0
10.0,19,gOMP,optimized,1216.0,768.0,0.0,256.0,0.0,0.0,128.0,56.0,0.0,0.0,0.0,8.0,0.0
10.0,20,gOMP,baseline,3664.0,768.0,2048.0,256.0,0.0,0.0,488.0,56.0,0.0,0.0,0.0,48.0,0.0
10.0,20,gOMP,optimized,1216.0,768.0,0.0,256.0,0.0,0.0,128.0,56.0,0.0,0.0,0.0,8.0,0.0
10.0,21,gOMP,baseline,3664.0,768.0,2048.0,256.0,0.0,0.0,488.0,56.0,0.0,0.0,0.0,48.0,0.0
10.0,21,gOMP,optimized,1216.0,768.0,0.0,256.0,0.0,0.0,128.0,56.0,0.0,0.0,0.0,8.0,0.0
10.0,22,gOMP,baseline,3664.0,768.0,2048.0,256.0,0.0,0.0,488.0,56.0,0.0,0.0,0.0,48.0,0.0
10.0,22,gOMP,optimized,1216.0,768.0,0.0,256.0,0.0,0.0,128.0,56.0,0.0,0.0,0.0,8.0,0.0
10.0,23,gOMP,baseline,3664.0,768.0,2048.0,256.0,0.0,0.0,488.0,56.0,0.0,0.0,0.0,48.0,0.0
10.0,23,gOMP,optimized,1216.0,768.0,0.0,256.0,0.0,0.0,128.0,56.0,0.0,0.0,0.0,8.0,0.0
10.0,24,gOMP,baseline,3664.0,768.0,2048.0,256.0,0.0,0.0,488.0,56.0,0.0,0.0,0.0,48.0,0.0
10.0,24,gOMP,optimized,1216.0,768.0,0.0,256.0,0.0,0.0,128.0,56.0,0.0,0.0,0.0,8.0,0.0
10.0,25,gOMP,baseline,3664.0,768.0,2048.0,256.0,0.0,0.0,488.0,56.0,0.0,0.0,0.0,48.0,0.0
10.0,25,gOMP,optimized,1216.0,768.0,0.0,256.0,0.0,0.0,128.0,56.0,0.0,0.0,0.0,8.0,0.0
10.0,26,gOMP,baseline,3664.0,768.0,2048.0,256.0,0.0,0.0,488.0,56.0,0.0,0.0,0.0,48.0,0.0
10.0,26,gOMP,optimized,1216.0,768.0,0.0,256.0,0.0,0.0,128.0,56.0,0.0,0.0,0.0,8.0,0.0
10.0,27,gOMP,baseline,3664.0,768.0,2048.0,256.0,0.0,0.0,488.0,56.0,0.0,0.0,0.0,48.0,0.0
10.0,27,gOMP,optimized,1216.0,768.0,0.0,256.0,0.0,0.0,128.0,56.0,0.0,0.0,0.0,8.0,0.0
10.0,28,gOMP,baseline,3664.0,768.0,2048.0,256.0,0.0,0.0,488.0,56.0,0.0,0.0,0.0,48.0,0.0
10.0,28,gOMP,optimized,1216.0,768.0,0.0,256.0,0.0,0.0,128.0,56.0,0.0,0.0,0.0,8.0,0.0
10.0,29,gOMP,baseline,3664.0,768.0,2048.0,256.0,0.0,0.0,488.0,56.0,0.0,0.0,0.0,48.0,0.0
10.0,29,gOMP,optimized,1216.0,768.0,0.0,256.0,0.0,0.0,128.0,56.0,0.0,0.0,0.0,8.0,0.0
15.0,0,gOMP,baseline,3664.0,768.0,2048.0,256.0,0.0,0.0,488.0,56.0,0.0,0.0,0.0,48.0,0.0
15.0,0,gOMP,optimized,1216.0,768.0,0.0,256.0,0.0,0.0,128.0,56.0,0.0,0.0,0.0,8.0,0.0
15.0,1,gOMP,baseline,3664.0,768.0,2048.0,256.0,0.0,0.0,488.0,56.0,0.0,0.0,0.0,48.0,0.0
15.0,1,gOMP,optimized,1216.0,768.0,0.0,256.0,0.0,0.0,128.0,56.0,0.0,0.0,0.0,8.0,0.0
15.0,2,gOMP,baseline,3664.0,768.0,2048.0,256.0,0.0,0.0,488.0,56.0,0.0,0.0,0.0,48.0,0.0
15.0,2,gOMP,optimized,1216.0,768.0,0.0,256.0,0.0,0.0,128.0,56.0,0.0,0.0,0.0,8.0,0.0
15.0,3,gOMP,baseline,3664.0,768.0,2048.0,256.0,0.0,0.0,488.0,56.0,0.0,0.0,0.0,48.0,0.0
15.0,3,gOMP,optimized,1216.0,768.0,0.0,256.0,0.0,0.0,128.0,56.0,0.0,0.0,0.0,8.0,0.0
15.0,4,gOMP,baseline,3664.0,768.0,2048.0,256.0,0.0,0.0,488.0,56.0,0.0,0.0,0.0,48.0,0.0
15.0,4,gOMP,optimized,1216.0,768.0,0.0,256.0,0.0,0.0,128.0,56.0,0.0,0.0,0.0,8.0,0.0
15.0,5,gOMP,baseline,3664.0,768.0,2048.0,256.0,0.0,0.0,488.0,56.0,0.0,0.0,0.0,48.0,0.0
15.0,5,gOMP,optimized,1216.0,768.0,0.0,256.0,0.0,0.0,128.0,56.0,0.0,0.0,0.0,8.0,0.0
15.0,6,gOMP,baseline,3664.0,768.0,2048.0,256.0,0.0,0.0,488.0,56.0,0.0,0.0,0.0,48.0,0.0
15.0,6,gOMP,optimized,1216.0,768.0,0.0,256.0,0.0,0.0,128.0,56.0,0.0,0.0,0.0,8.0,0.0
15.0,7,gOMP,baseline,3664.0,768.0,2048.0,256.0,0.0,0.0,488.0,56.0,0.0,0.0,0.0,48.0,0.0
15.0,7,gOMP,optimized,1216.0,768.0,0.0,256.0,0.0,0.0,128.0,56.0,0.0,0.0,0.0,8.0,0.0
15.0,8,gOMP,baseline,3664.0,768.0,2048.0,256.0,0.0,0.0,488.0,56.0,0.0,0.0,0.0,48.0,0.0
15.0,8,gOMP,optimized,1216.0,768.0,0.0,256.0,0.0,0.0,128.0,56.0,0.0,0.0,0.0,8.0,0.0
15.0,9,gOMP,baseline,3664.0,768.0,2048.0,256.0,0.0,0.0,488.0,56.0,0.0,0.0,0.0,48.0,0.0
15.0,9,gOMP,optimized,1216.0,768.0,0.0,256.0,0.0,0.0,128.0,56.0,0.0,0.0,0.0,8.0,0.0
15.0,10,gOMP,baseline,3664.0,768.0,2048.0,256.0,0.0,0.0,488.0,56.0,0.0,0.0,0.0,48.0,0.0
15.0,10,gOMP,optimized,1216.0,768.0,0.0,256.0,0.0,0.0,128.0,56.0,0.0,0.0,0.0,8.0,0.0
15.0,11,gOMP,baseline,3664.0,768.0,2048.0,256.0,0.0,0.0,488.0,56.0,0.0,0.0,0.0,48.0,0.0
15.0,11,gOMP,optimized,1216.0,768.0,0.0,256.0,0.0,0.0,128.0,56.0,0.0,0.0,0.0,8.0,0.0
15.0,12,gOMP,baseline,3664.0,768.0,2048.0,256.0,0.0,0.0,488.0,56.0,0.0,0.0,0.0,48.0,0.0
15.0,12,gOMP,optimized,1216.0,768.0,0.0,256.0,0.0,0.0,128.0,56.0,0.0,0.0,0.0,8.0,0.0
15.0,13,gOMP,baseline,3664.0,768.0,2048.0,256.0,0.0,0.0,488.0,56.0,0.0,0.0,0.0,48.0,0.0
15.0,13,gOMP,optimized,1216.0,768.0,0.0,256.0,0.0,0.0,128.0,56.0,0.0,0.0,0.0,8.0,0.0
15.0,14,gOMP,baseline,3664.0,768.0,2048.0,256.0,0.0,0.0,488.0,56.0,0.0,0.0,0.0,48.0,0.0
15.0,14,gOMP,optimized,1216.0,768.0,0.0,256.0,0.0,0.0,128.0,56.0,0.0,0.0,0.0,8.0,0.0
15.0,15,gOMP,baseline,3664.0,768.0,2048.0,256.0,0.0,0.0,488.0,56.0,0.0,0.0,0.0,48.0,0.0
15.0,15,gOMP,optimized,1216.0,768.0,0.0,256.0,0.0,0.0,128.0,56.0,0.0,0.0,0.0,8.0,0.0
15.0,16,gOMP,baseline,3664.0,768.0,2048.0,256.0,0.0,0.0,488.0,56.0,0.0,0.0,0.0,48.0,0.0
15.0,16,gOMP,optimized,1216.0,768.0,0.0,256.0,0.0,0.0,128.0,56.0,0.0,0.0,0.0,8.0,0.0
15.0,17,gOMP,baseline,3664.0,768.0,2048.0,256.0,0.0,0.0,488.0,56.0,0.0,0.0,0.0,48.0,0.0
15.0,17,gOMP,optimized,1216.0,768.0,0.0,256.0,0.0,0.0,128.0,56.0,0.0,0.0,0.0,8.0,0.0
15.0,18,gOMP,baseline,3664.0,768.0,2048.0,256.0,0.0,0.0,488.0,56.0,0.0,0.0,0.0,48.0,0.0
15.0,18,gOMP,optimized,1216.0,768.0,0.0,256.0,0.0,0.0,128.0,56.0,0.0,0.0,0.0,8.0,0.0
15.0,19,gOMP,baseline,3664.0,768.0,2048.0,256.0,0.0,0.0,488.0,56.0,0.0,0.0,0.0,48.0,0.0
15.0,19,gOMP,optimized,1216.0,768.0,0.0,256.0,0.0,0.0,128.0,56.0,0.0,0.0,0.0,8.0,0.0
15.0,20,gOMP,baseline,3664.0,768.0,2048.0,256.0,0.0,0.0,488.0,56.0,0.0,0.0,0.0,48.0,0.0
15.0,20,gOMP,optimized,1216.0,768.0,0.0,256.0,0.0,0.0,128.0,56.0,0.0,0.0,0.0,8.0,0.0
15.0,21,gOMP,baseline,3664.0,768.0,2048.0,256.0,0.0,0.0,488.0,56.0,0.0,0.0,0.0,48.0,0.0
15.0,21,gOMP,optimized,1216.0,768.0,0.0,256.0,0.0,0.0,128.0,56.0,0.0,0.0,0.0,8.0,0.0
15.0,22,gOMP,baseline,3664.0,768.0,2048.0,256.0,0.0,0.0,488.0,56.0,0.0,0.0,0.0,48.0,0.0
15.0,22,gOMP,optimized,1216.0,768.0,0.0,256.0,0.0,0.0,128.0,56.0,0.0,0.0,0.0,8.0,0.0
15.0,23,gOMP,baseline,3664.0,768.0,2048.0,256.0,0.0,0.0,488.0,56.0,0.0,0.0,0.0,48.0,0.0
15.0,23,gOMP,optimized,1216.0,768.0,0.0,256.0,0.0,0.0,128.0,56.0,0.0,0.0,0.0,8.0,0.0
15.0,24,gOMP,baseline,3664.0,768.0,2048.0,256.0,0.0,0.0,488.0,56.0,0.0,0.0,0.0,48.0,0.0
15.0,24,gOMP,optimized,1216.0,768.0,0.0,256.0,0.0,0.0,128.0,56.0,0.0,0.0,0.0,8.0,0.0
15.0,25,gOMP,baseline,3664.0,768.0,2048.0,256.0,0.0,0.0,488.0,56.0,0.0,0.0,0.0,48.0,0.0
15.0,25,gOMP,optimized,1216.0,768.0,0.0,256.0,0.0,0.0,128.0,56.0,0.0,0.0,0.0,8.0,0.0
15.0,26,gOMP,baseline,3664.0,768.0,2048.0,256.0,0.0,0.0,488.0,56.0,0.0,0.0,0.0,48.0,0.0
15.0,26,gOMP,optimized,1216.0,768.0,0.0,256.0,0.0,0.0,128.0,56.0,0.0,0.0,0.0,8.0,0.0
15.0,27,gOMP,baseline,3664.0,768.0,2048.0,256.0,0.0,0.0,488.0,56.0,0.0,0.0,0.0,48.0,0.0
15.0,27,gOMP,optimized,1216.0,768.0,0.0,256.0,0.0,0.0,128.0,56.0,0.0,0.0,0.0,8.0,0.0
15.0,28,gOMP,baseline,3664.0,768.0,2048.0,256.0,0.0,0.0,488.0,56.0,0.0,0.0,0.0,48.0,0.0
15.0,28,gOMP,optimized,1216.0,768.0,0.0,256.0,0.0,0.0,128.0,56.0,0.0,0.0,0.0,8.0,0.0
15.0,29,gOMP,baseline,3664.0,768.0,2048.0,256.0,0.0,0.0,488.0,56.0,0.0,0.0,0.0,48.0,0.0
15.0,29,gOMP,optimized,1216.0,768.0,0.0,256.0,0.0,0.0,128.0,56.0,0.0,0.0,0.0,8.0,0.0
20.0,0,gOMP,baseline,3664.0,768.0,2048.0,256.0,0.0,0.0,488.0,56.0,0.0,0.0,0.0,48.0,0.0
20.0,0,gOMP,optimized,1216.0,768.0,0.0,256.0,0.0,0.0,128.0,56.0,0.0,0.0,0.0,8.0,0.0
20.0,1,gOMP,baseline,3664.0,768.0,2048.0,256.0,0.0,0.0,488.0,56.0,0.0,0.0,0.0,48.0,0.0
20.0,1,gOMP,optimized,1216.0,768.0,0.0,256.0,0.0,0.0,128.0,56.0,0.0,0.0,0.0,8.0,0.0
20.0,2,gOMP,baseline,3664.0,768.0,2048.0,256.0,0.0,0.0,488.0,56.0,0.0,0.0,0.0,48.0,0.0
20.0,2,gOMP,optimized,1216.0,768.0,0.0,256.0,0.0,0.0,128.0,56.0,0.0,0.0,0.0,8.0,0.0
20.0,3,gOMP,baseline,3664.0,768.0,2048.0,256.0,0.0,0.0,488.0,56.0,0.0,0.0,0.0,48.0,0.0
20.0,3,gOMP,optimized,1216.0,768.0,0.0,256.0,0.0,0.0,128.0,56.0,0.0,0.0,0.0,8.0,0.0
20.0,4,gOMP,baseline,3664.0,768.0,2048.0,256.0,0.0,0.0,488.0,56.0,0.0,0.0,0.0,48.0,0.0
20.0,4,gOMP,optimized,1216.0,768.0,0.0,256.0,0.0,0.0,128.0,56.0,0.0,0.0,0.0,8.0,0.0
20.0,5,gOMP,baseline,3664.0,768.0,2048.0,256.0,0.0,0.0,488.0,56.0,0.0,0.0,0.0,48.0,0.0
20.0,5,gOMP,optimized,1216.0,768.0,0.0,256.0,0.0,0.0,128.0,56.0,0.0,0.0,0.0,8.0,0.0
20.0,6,gOMP,baseline,3664.0,768.0,2048.0,256.0,0.0,0.0,488.0,56.0,0.0,0.0,0.0,48.0,0.0
20.0,6,gOMP,optimized,1216.0,768.0,0.0,256.0,0.0,0.0,128.0,56.0,0.0,0.0,0.0,8.0,0.0
20.0,7,gOMP,baseline,3664.0,768.0,2048.0,256.0,0.0,0.0,488.0,56.0,0.0,0.0,0.0,48.0,0.0
20.0,7,gOMP,optimized,1216.0,768.0,0.0,256.0,0.0,0.0,128.0,56.0,0.0,0.0,0.0,8.0,0.0
20.0,8,gOMP,baseline,3664.0,768.0,2048.0,256.0,0.0,0.0,488.0,56.0,0.0,0.0,0.0,48.0,0.0
20.0,8,gOMP,optimized,1216.0,768.0,0.0,256.0,0.0,0.0,128.0,56.0,0.0,0.0,0.0,8.0,0.0
20.0,9,gOMP,baseline,3664.0,768.0,2048.0,256.0,0.0,0.0,488.0,56.0,0.0,0.0,0.0,48.0,0.0
20.0,9,gOMP,optimized,1216.0,768.0,0.0,256.0,0.0,0.0,128.0,56.0,0.0,0.0,0.0,8.0,0.0
20.0,10,gOMP,baseline,3664.0,768.0,2048.0,256.0,0.0,0.0,488.0,56.0,0.0,0.0,0.0,48.0,0.0
20.0,10,gOMP,optimized,1216.0,768.0,0.0,256.0,0.0,0.0,128.0,56.0,0.0,0.0,0.0,8.0,0.0
20.0,11,gOMP,baseline,3664.0,768.0,2048.0,256.0,0.0,0.0,488.0,56.0,0.0,0.0,0.0,48.0,0.0
20.0,11,gOMP,optimized,1216.0,768.0,0.0,256.0,0.0,0.0,128.0,56.0,0.0,0.0,0.0,8.0,0.0
20.0,12,gOMP,baseline,3664.0,768.0,2048.0,256.0,0.0,0.0,488.0,56.0,0.0,0.0,0.0,48.0,0.0
20.0,12,gOMP,optimized,1216.0,768.0,0.0,256.0,0.0,0.0,128.0,56.0,0.0,0.0,0.0,8.0,0.0
20.0,13,gOMP,baseline,3664.0,768.0,2048.0,256.0,0.0,0.0,488.0,56.0,0.0,0.0,0.0,48.0,0.0
20.0,13,gOMP,optimized,1216.0,768.0,0.0,256.0,0.0,0.0,128.0,56.0,0.0,0.0,0.0,8.0,0.0
20.0,14,gOMP,baseline,3664.0,768.0,2048.0,256.0,0.0,0.0,488.0,56.0,0.0,0.0,0.0,48.0,0.0
20.0,14,gOMP,optimized,1216.0,768.0,0.0,256.0,0.0,0.0,128.0,56.0,0.0,0.0,0.0,8.0,0.0
20.0,15,gOMP,baseline,3664.0,768.0,2048.0,256.0,0.0,0.0,488.0,56.0,0.0,0.0,0.0,48.0,0.0
20.0,15,gOMP,optimized,1216.0,768.0,0.0,256.0,0.0,0.0,128.0,56.0,0.0,0.0,0.0,8.0,0.0
20.0,16,gOMP,baseline,3664.0,768.0,2048.0,256.0,0.0,0.0,488.0,56.0,0.0,0.0,0.0,48.0,0.0
20.0,16,gOMP,optimized,1216.0,768.0,0.0,256.0,0.0,0.0,128.0,56.0,0.0,0.0,0.0,8.0,0.0
20.0,17,gOMP,baseline,3664.0,768.0,2048.0,256.0,0.0,0.0,488.0,56.0,0.0,0.0,0.0,48.0,0.0
20.0,17,gOMP,optimized,1216.0,768.0,0.0,256.0,0.0,0.0,128.0,56.0,0.0,0.0,0.0,8.0,0.0
20.0,18,gOMP,baseline,3664.0,768.0,2048.0,256.0,0.0,0.0,488.0,56.0,0.0,0.0,0.0,48.0,0.0
20.0,18,gOMP,optimized,1216.0,768.0,0.0,256.0,0.0,0.0,128.0,56.0,0.0,0.0,0.0,8.0,0.0
20.0,19,gOMP,baseline,3664.0,768.0,2048.0,256.0,0.0,0.0,488.0,56.0,0.0,0.0,0.0,48.0,0.0
20.0,19,gOMP,optimized,1216.0,768.0,0.0,256.0,0.0,0.0,128.0,56.0,0.0,0.0,0.0,8.0,0.0
20.0,20,gOMP,baseline,3664.0,768.0,2048.0,256.0,0.0,0.0,488.0,56.0,0.0,0.0,0.0,48.0,0.0
20.0,20,gOMP,optimized,1216.0,768.0,0.0,256.0,0.0,0.0,128.0,56.0,0.0,0.0,0.0,8.0,0.0
20.0,21,gOMP,baseline,3664.0,768.0,2048.0,256.0,0.0,0.0,488.0,56.0,0.0,0.0,0.0,48.0,0.0
20.0,21,gOMP,optimized,1216.0,768.0,0.0,256.0,0.0,0.0,128.0,56.0,0.0,0.0,0.0,8.0,0.0
20.0,22,gOMP,baseline,3664.0,768.0,2048.0,256.0,0.0,0.0,488.0,56.0,0.0,0.0,0.0,48.0,0.0
20.0,22,gOMP,optimized,1216.0,768.0,0.0,256.0,0.0,0.0,128.0,56.0,0.0,0.0,0.0,8.0,0.0
20.0,23,gOMP,baseline,3664.0,768.0,2048.0,256.0,0.0,0.0,488.0,56.0,0.0,0.0,0.0,48.0,0.0
20.0,23,gOMP,optimized,1216.0,768.0,0.0,256.0,0.0,0.0,128.0,56.0,0.0,0.0,0.0,8.0,0.0
20.0,24,gOMP,baseline,3664.0,768.0,2048.0,256.0,0.0,0.0,488.0,56.0,0.0,0.0,0.0,48.0,0.0
20.0,24,gOMP,optimized,1216.0,768.0,0.0,256.0,0.0,0.0,128.0,56.0,0.0,0.0,0.0,8.0,0.0
20.0,25,gOMP,baseline,3664.0,768.0,2048.0,256.0,0.0,0.0,488.0,56.0,0.0,0.0,0.0,48.0,0.0
20.0,25,gOMP,optimized,1216.0,768.0,0.0,256.0,0.0,0.0,128.0,56.0,0.0,0.0,0.0,8.0,0.0
20.0,26,gOMP,baseline,3664.0,768.0,2048.0,256.0,0.0,0.0,488.0,56.0,0.0,0.0,0.0,48.0,0.0
20.0,26,gOMP,optimized,1216.0,768.0,0.0,256.0,0.0,0.0,128.0,56.0,0.0,0.0,0.0,8.0,0.0
20.0,27,gOMP,baseline,3664.0,768.0,2048.0,256.0,0.0,0.0,488.0,56.0,0.0,0.0,0.0,48.0,0.0
20.0,27,gOMP,optimized,1216.0,768.0,0.0,256.0,0.0,0.0,128.0,56.0,0.0,0.0,0.0,8.0,0.0
20.0,28,gOMP,baseline,3664.0,768.0,2048.0,256.0,0.0,0.0,488.0,56.0,0.0,0.0,0.0,48.0,0.0
20.0,28,gOMP,optimized,1216.0,768.0,0.0,256.0,0.0,0.0,128.0,56.0,0.0,0.0,0.0,8.0,0.0
20.0,29,gOMP,baseline,3664.0,768.0,2048.0,256.0,0.0,0.0,488.0,56.0,0.0,0.0,0.0,48.0,0.0
20.0,29,gOMP,optimized,1216.0,768.0,0.0,256.0,0.0,0.0,128.0,56.0,0.0,0.0,0.0,8.0,0.0
25.0,0,gOMP,baseline,3664.0,768.0,2048.0,256.0,0.0,0.0,488.0,56.0,0.0,0.0,0.0,48.0,0.0
25.0,0,gOMP,optimized,1216.0,768.0,0.0,256.0,0.0,0.0,128.0,56.0,0.0,0.0,0.0,8.0,0.0
25.0,1,gOMP,baseline,3664.0,768.0,2048.0,256.0,0.0,0.0,488.0,56.0,0.0,0.0,0.0,48.0,0.0
25.0,1,gOMP,optimized,1216.0,768.0,0.0,256.0,0.0,0.0,128.0,56.0,0.0,0.0,0.0,8.0,0.0
25.0,2,gOMP,baseline,3664.0,768.0,2048.0,256.0,0.0,0.0,488.0,56.0,0.0,0.0,0.0,48.0,0.0
25.0,2,gOMP,optimized,1216.0,768.0,0.0,256.0,0.0,0.0,128.0,56.0,0.0,0.0,0.0,8.0,0.0
25.0,3,gOMP,baseline,3664.0,768.0,2048.0,256.0,0.0,0.0,488.0,56.0,0.0,0.0,0.0,48.0,0.0
25.0,3,gOMP,optimized,1216.0,768.0,0.0,256.0,0.0,0.0,128.0,56.0,0.0,0.0,0.0,8.0,0.0
25.0,4,gOMP,baseline,3664.0,768.0,2048.0,256.0,0.0,0.0,488.0,56.0,0.0,0.0,0.0,48.0,0.0
25.0,4,gOMP,optimized,1216.0,768.0,0.0,256.0,0.0,0.0,128.0,56.0,0.0,0.0,0.0,8.0,0.0
25.0,5,gOMP,baseline,3664.0,768.0,2048.0,256.0,0.0,0.0,488.0,56.0,0.0,0.0,0.0,48.0,0.0
25.0,5,gOMP,optimized,1216.0,768.0,0.0,256.0,0.0,0.0,128.0,56.0,0.0,0.0,0.0,8.0,0.0
25.0,6,gOMP,baseline,3664.0,768.0,2048.0,256.0,0.0,0.0,488.0,56.0,0.0,0.0,0.0,48.0,0.0
25.0,6,gOMP,optimized,1216.0,768.0,0.0,256.0,0.0,0.0,128.0,56.0,0.0,0.0,0.0,8.0,0.0
25.0,7,gOMP,baseline,3664.0,768.0,2048.0,256.0,0.0,0.0,488.0,56.0,0.0,0.0,0.0,48.0,0.0
25.0,7,gOMP,optimized,1216.0,768.0,0.0,256.0,0.0,0.0,128.0,56.0,0.0,0.0,0.0,8.0,0.0
25.0,8,gOMP,baseline,3664.0,768.0,2048.0,256.0,0.0,0.0,488.0,56.0,0.0,0.0,0.0,48.0,0.0
25.0,8,gOMP,optimized,1216.0,768.0,0.0,256.0,0.0,0.0,128.0,56.0,0.0,0.0,0.0,8.0,0.0
25.0,9,gOMP,baseline,3664.0,768.0,2048.0,256.0,0.0,0.0,488.0,56.0,0.0,0.0,0.0,48.0,0.0
25.0,9,gOMP,optimized,1216.0,768.0,0.0,256.0,0.0,0.0,128.0,56.0,0.0,0.0,0.0,8.0,0.0
25.0,10,gOMP,baseline,3664.0,768.0,2048.0,256.0,0.0,0.0,488.0,56.0,0.0,0.0,0.0,48.0,0.0
25.0,10,gOMP,optimized,1216.0,768.0,0.0,256.0,0.0,0.0,128.0,56.0,0.0,0.0,0.0,8.0,0.0
25.0,11,gOMP,baseline,3664.0,768.0,2048.0,256.0,0.0,0.0,488.0,56.0,0.0,0.0,0.0,48.0,0.0
25.0,11,gOMP,optimized,1216.0,768.0,0.0,256.0,0.0,0.0,128.0,56.0,0.0,0.0,0.0,8.0,0.0
25.0,12,gOMP,baseline,3664.0,768.0,2048.0,256.0,0.0,0.0,488.0,56.0,0.0,0.0,0.0,48.0,0.0
25.0,12,gOMP,optimized,1216.0,768.0,0.0,256.0,0.0,0.0,128.0,56.0,0.0,0.0,0.0,8.0,0.0
25.0,13,gOMP,baseline,3664.0,768.0,2048.0,256.0,0.0,0.0,488.0,56.0,0.0,0.0,0.0,48.0,0.0
25.0,13,gOMP,optimized,1216.0,768.0,0.0,256.0,0.0,0.0,128.0,56.0,0.0,0.0,0.0,8.0,0.0
25.0,14,gOMP,baseline,3664.0,768.0,2048.0,256.0,0.0,0.0,488.0,56.0,0.0,0.0,0.0,48.0,0.0
25.0,14,gOMP,optimized,1216.0,768.0,0.0,256.0,0.0,0.0,128.0,56.0,0.0,0.0,0.0,8.0,0.0
25.0,15,gOMP,baseline,3664.0,768.0,2048.0,256.0,0.0,0.0,488.0,56.0,0.0,0.0,0.0,48.0,0.0
25.0,15,gOMP,optimized,1216.0,768.0,0.0,256.0,0.0,0.0,128.0,56.0,0.0,0.0,0.0,8.0,0.0
25.0,16,gOMP,baseline,3664.0,768.0,2048.0,256.0,0.0,0.0,488.0,56.0,0.0,0.0,0.0,48.0,0.0
25.0,16,gOMP,optimized,1216.0,768.0,0.0,256.0,0.0,0.0,128.0,56.0,0.0,0.0,0.0,8.0,0.0
25.0,17,gOMP,baseline,3664.0,768.0,2048.0,256.0,0.0,0.0,488.0,56.0,0.0,0.0,0.0,48.0,0.0
25.0,17,gOMP,optimized,1216.0,768.0,0.0,256.0,0.0,0.0,128.0,56.0,0.0,0.0,0.0,8.0,0.0
25.0,18,gOMP,baseline,3664.0,768.0,2048.0,256.0,0.0,0.0,488.0,56.0,0.0,0.0,0.0,48.0,0.0
25.0,18,gOMP,optimized,1216.0,768.0,0.0,256.0,0.0,0.0,128.0,56.0,0.0,0.0,0.0,8.0,0.0
25.0,19,gOMP,baseline,3664.0,768.0,2048.0,256.0,0.0,0.0,488.0,56.0,0.0,0.0,0.0,48.0,0.0
25.0,19,gOMP,optimized,1216.0,768.0,0.0,256.0,0.0,0.0,128.0,56.0,0.0,0.0,0.0,8.0,0.0
25.0,20,gOMP,baseline,3664.0,768.0,2048.0,256.0,0.0,0.0,488.0,56.0,0.0,0.0,0.0,48.0,0.0
25.0,20,gOMP,optimized,1216.0,768.0,0.0,256.0,0.0,0.0,128.0,56.0,0.0,0.0,0.0,8.0,0.0
25.0,21,gOMP,baseline,3664.0,768.0,2048.0,256.0,0.0,0.0,488.0,56.0,0.0,0.0,0.0,48.0,0.0
25.0,21,gOMP,optimized,1216.0,768.0,0.0,256.0,0.0,0.0,128.0,56.0,0.0,0.0,0.0,8.0,0.0
25.0,22,gOMP,baseline,3664.0,768.0,2048.0,256.0,0.0,0.0,488.0,56.0,0.0,0.0,0.0,48.0,0.0
25.0,22,gOMP,optimized,1216.0,768.0,0.0,256.0,0.0,0.0,128.0,56.0,0.0,0.0,0.0,8.0,0.0
25.0,23,gOMP,baseline,3664.0,768.0,2048.0,256.0,0.0,0.0,488.0,56.0,0.0,0.0,0.0,48.0,0.0
25.0,23,gOMP,optimized,1216.0,768.0,0.0,256.0,0.0,0.0,128.0,56.0,0.0,0.0,0.0,8.0,0.0
25.0,24,gOMP,baseline,3664.0,768.0,2048.0,256.0,0.0,0.0,488.0,56.0,0.0,0.0,0.0,48.0,0.0
25.0,24,gOMP,optimized,1216.0,768.0,0.0,256.0,0.0,0.0,128.0,56.0,0.0,0.0,0.0,8.0,0.0
25.0,25,gOMP,baseline,3664.0,768.0,2048.0,256.0,0.0,0.0,488.0,56.0,0.0,0.0,0.0,48.0,0.0
25.0,25,gOMP,optimized,1216.0,768.0,0.0,256.0,0.0,0.0,128.0,56.0,0.0,0.0,0.0,8.0,0.0
25.0,26,gOMP,baseline,3664.0,768.0,2048.0,256.0,0.0,0.0,488.0,56.0,0.0,0.0,0.0,48.0,0.0
25.0,26,gOMP,optimized,1216.0,768.0,0.0,256.0,0.0,0.0,128.0,56.0,0.0,0.0,0.0,8.0,0.0
25.0,27,gOMP,baseline,3664.0,768.0,2048.0,256.0,0.0,0.0,488.0,56.0,0.0,0.0,0.0,48.0,0.0
25.0,27,gOMP,optimized,1216.0,768.0,0.0,256.0,0.0,0.0,128.0,56.0,0.0,0.0,0.0,8.0,0.0
25.0,28,gOMP,baseline,3664.0,768.0,2048.0,256.0,0.0,0.0,488.0,56.0,0.0,0.0,0.0,48.0,0.0
25.0,28,gOMP,optimized,1216.0,768.0,0.0,256.0,0.0,0.0,128.0,56.0,0.0,0.0,0.0,8.0,0.0
25.0,29,gOMP,baseline,3664.0,768.0,2048.0,256.0,0.0,0.0,488.0,56.0,0.0,0.0,0.0,48.0,0.0
25.0,29,gOMP,optimized,1216.0,768.0,0.0,256.0,0.0,0.0,128.0,56.0,0.0,0.0,0.0,8.0,0.0
30.0,0,gOMP,baseline,3664.0,768.0,2048.0,256.0,0.0,0.0,488.0,56.0,0.0,0.0,0.0,48.0,0.0
30.0,0,gOMP,optimized,1216.0,768.0,0.0,256.0,0.0,0.0,128.0,56.0,0.0,0.0,0.0,8.0,0.0
30.0,1,gOMP,baseline,3664.0,768.0,2048.0,256.0,0.0,0.0,488.0,56.0,0.0,0.0,0.0,48.0,0.0
30.0,1,gOMP,optimized,1216.0,768.0,0.0,256.0,0.0,0.0,128.0,56.0,0.0,0.0,0.0,8.0,0.0
30.0,2,gOMP,baseline,3664.0,768.0,2048.0,256.0,0.0,0.0,488.0,56.0,0.0,0.0,0.0,48.0,0.0
30.0,2,gOMP,optimized,1216.0,768.0,0.0,256.0,0.0,0.0,128.0,56.0,0.0,0.0,0.0,8.0,0.0
30.0,3,gOMP,baseline,3664.0,768.0,2048.0,256.0,0.0,0.0,488.0,56.0,0.0,0.0,0.0,48.0,0.0
30.0,3,gOMP,optimized,1216.0,768.0,0.0,256.0,0.0,0.0,128.0,56.0,0.0,0.0,0.0,8.0,0.0
30.0,4,gOMP,baseline,3664.0,768.0,2048.0,256.0,0.0,0.0,488.0,56.0,0.0,0.0,0.0,48.0,0.0
30.0,4,gOMP,optimized,1216.0,768.0,0.0,256.0,0.0,0.0,128.0,56.0,0.0,0.0,0.0,8.0,0.0
30.0,5,gOMP,baseline,3664.0,768.0,2048.0,256.0,0.0,0.0,488.0,56.0,0.0,0.0,0.0,48.0,0.0
30.0,5,gOMP,optimized,1216.0,768.0,0.0,256.0,0.0,0.0,128.0,56.0,0.0,0.0,0.0,8.0,0.0
30.0,6,gOMP,baseline,3664.0,768.0,2048.0,256.0,0.0,0.0,488.0,56.0,0.0,0.0,0.0,48.0,0.0
30.0,6,gOMP,optimized,1216.0,768.0,0.0,256.0,0.0,0.0,128.0,56.0,0.0,0.0,0.0,8.0,0.0
30.0,7,gOMP,baseline,3664.0,768.0,2048.0,256.0,0.0,0.0,488.0,56.0,0.0,0.0,0.0,48.0,0.0
30.0,7,gOMP,optimized,1216.0,768.0,0.0,256.0,0.0,0.0,128.0,56.0,0.0,0.0,0.0,8.0,0.0
30.0,8,gOMP,baseline,3664.0,768.0,2048.0,256.0,0.0,0.0,488.0,56.0,0.0,0.0,0.0,48.0,0.0
30.0,8,gOMP,optimized,1216.0,768.0,0.0,256.0,0.0,0.0,128.0,56.0,0.0,0.0,0.0,8.0,0.0
30.0,9,gOMP,baseline,3664.0,768.0,2048.0,256.0,0.0,0.0,488.0,56.0,0.0,0.0,0.0,48.0,0.0
30.0,9,gOMP,optimized,1216.0,768.0,0.0,256.0,0.0,0.0,128.0,56.0,0.0,0.0,0.0,8.0,0.0
30.0,10,gOMP,baseline,3664.0,768.0,2048.0,256.0,0.0,0.0,488.0,56.0,0.0,0.0,0.0,48.0,0.0
30.0,10,gOMP,optimized,1216.0,768.0,0.0,256.0,0.0,0.0,128.0,56.0,0.0,0.0,0.0,8.0,0.0
30.0,11,gOMP,baseline,3664.0,768.0,2048.0,256.0,0.0,0.0,488.0,56.0,0.0,0.0,0.0,48.0,0.0
30.0,11,gOMP,optimized,1216.0,768.0,0.0,256.0,0.0,0.0,128.0,56.0,0.0,0.0,0.0,8.0,0.0
30.0,12,gOMP,baseline,3664.0,768.0,2048.0,256.0,0.0,0.0,488.0,56.0,0.0,0.0,0.0,48.0,0.0
30.0,12,gOMP,optimized,1216.0,768.0,0.0,256.0,0.0,0.0,128.0,56.0,0.0,0.0,0.0,8.0,0.0
30.0,13,gOMP,baseline,3664.0,768.0,2048.0,256.0,0.0,0.0,488.0,56.0,0.0,0.0,0.0,48.0,0.0
30.0,13,gOMP,optimized,1216.0,768.0,0.0,256.0,0.0,0.0,128.0,56.0,0.0,0.0,0.0,8.0,0.0
30.0,14,gOMP,baseline,3664.0,768.0,2048.0,256.0,0.0,0.0,488.0,56.0,0.0,0.0,0.0,48.0,0.0
30.0,14,gOMP,optimized,1216.0,768.0,0.0,256.0,0.0,0.0,128.0,56.0,0.0,0.0,0.0,8.0,0.0
30.0,15,gOMP,baseline,3664.0,768.0,2048.0,256.0,0.0,0.0,488.0,56.0,0.0,0.0,0.0,48.0,0.0
30.0,15,gOMP,optimized,1216.0,768.0,0.0,256.0,0.0,0.0,128.0,56.0,0.0,0.0,0.0,8.0,0.0
30.0,16,gOMP,baseline,3664.0,768.0,2048.0,256.0,0.0,0.0,488.0,56.0,0.0,0.0,0.0,48.0,0.0
30.0,16,gOMP,optimized,1216.0,768.0,0.0,256.0,0.0,0.0,128.0,56.0,0.0,0.0,0.0,8.0,0.0
30.0,17,gOMP,baseline,3664.0,768.0,2048.0,256.0,0.0,0.0,488.0,56.0,0.0,0.0,0.0,48.0,0.0
30.0,17,gOMP,optimized,1216.0,768.0,0.0,256.0,0.0,0.0,128.0,56.0,0.0,0.0,0.0,8.0,0.0
30.0,18,gOMP,baseline,3664.0,768.0,2048.0,256.0,0.0,0.0,488.0,56.0,0.0,0.0,0.0,48.0,0.0
30.0,18,gOMP,optimized,1216.0,768.0,0.0,256.0,0.0,0.0,128.0,56.0,0.0,0.0,0.0,8.0,0.0
30.0,19,gOMP,baseline,3664.0,768.0,2048.0,256.0,0.0,0.0,488.0,56.0,0.0,0.0,0.0,48.0,0.0
30.0,19,gOMP,optimized,1216.0,768.0,0.0,256.0,0.0,0.0,128.0,56.0,0.0,0.0,0.0,8.0,0.0
30.0,20,gOMP,baseline,3664.0,768.0,2048.0,256.0,0.0,0.0,488.0,56.0,0.0,0.0,0.0,48.0,0.0
30.0,20,gOMP,optimized,1216.0,768.0,0.0,256.0,0.0,0.0,128.0,56.0,0.0,0.0,0.0,8.0,0.0
30.0,21,gOMP,baseline,3664.0,768.0,2048.0,256.0,0.0,0.0,488.0,56.0,0.0,0.0,0.0,48.0,0.0
30.0,21,gOMP,optimized,1216.0,768.0,0.0,256.0,0.0,0.0,128.0,56.0,0.0,0.0,0.0,8.0,0.0
30.0,22,gOMP,baseline,3664.0,768.0,2048.0,256.0,0.0,0.0,488.0,56.0,0.0,0.0,0.0,48.0,0.0
30.0,22,gOMP,optimized,1216.0,768.0,0.0,256.0,0.0,0.0,128.0,56.0,0.0,0.0,0.0,8.0,0.0
30.0,23,gOMP,baseline,3664.0,768.0,2048.0,256.0,0.0,0.0,488.0,56.0,0.0,0.0,0.0,48.0,0.0
30.0,23,gOMP,optimized,1216.0,768.0,0.0,256.0,0.0,0.0,128.0,56.0,0.0,0.0,0.0,8.0,0.0
30.0,24,gOMP,baseline,3664.0,768.0,2048.0,256.0,0.0,0.0,488.0,56.0,0.0,0.0,0.0,48.0,0.0
30.0,24,gOMP,optimized,1216.0,768.0,0.0,256.0,0.0,0.0,128.0,56.0,0.0,0.0,0.0,8.0,0.0
30.0,25,gOMP,baseline,3664.0,768.0,2048.0,256.0,0.0,0.0,488.0,56.0,0.0,0.0,0.0,48.0,0.0
30.0,25,gOMP,optimized,1216.0,768.0,0.0,256.0,0.0,0.0,128.0,56.0,0.0,0.0,0.0,8.0,0.0
30.0,26,gOMP,baseline,3664.0,768.0,2048.0,256.0,0.0,0.0,488.0,56.0,0.0,0.0,0.0,48.0,0.0
30.0,26,gOMP,optimized,1216.0,768.0,0.0,256.0,0.0,0.0,128.0,56.0,0.0,0.0,0.0,8.0,0.0
30.0,27,gOMP,baseline,3664.0,768.0,2048.0,256.0,0.0,0.0,488.0,56.0,0.0,0.0,0.0,48.0,0.0
30.0,27,gOMP,optimized,1216.0,768.0,0.0,256.0,0.0,0.0,128.0,56.0,0.0,0.0,0.0,8.0,0.0
30.0,28,gOMP,baseline,3664.0,768.0,2048.0,256.0,0.0,0.0,488.0,56.0,0.0,0.0,0.0,48.0,0.0
30.0,28,gOMP,optimized,1216.0,768.0,0.0,256.0,0.0,0.0,128.0,56.0,0.0,0.0,0.0,8.0,0.0
30.0,29,gOMP,baseline,3664.0,768.0,2048.0,256.0,0.0,0.0,488.0,56.0,0.0,0.0,0.0,48.0,0.0
30.0,29,gOMP,optimized,1216.0,768.0,0.0,256.0,0.0,0.0,128.0,56.0,0.0,0.0,0.0,8.0,0.0
40.0,0,gOMP,baseline,3664.0,768.0,2048.0,256.0,0.0,0.0,488.0,56.0,0.0,0.0,0.0,48.0,0.0
40.0,0,gOMP,optimized,1216.0,768.0,0.0,256.0,0.0,0.0,128.0,56.0,0.0,0.0,0.0,8.0,0.0
40.0,1,gOMP,baseline,3664.0,768.0,2048.0,256.0,0.0,0.0,488.0,56.0,0.0,0.0,0.0,48.0,0.0
40.0,1,gOMP,optimized,1216.0,768.0,0.0,256.0,0.0,0.0,128.0,56.0,0.0,0.0,0.0,8.0,0.0
40.0,2,gOMP,baseline,3664.0,768.0,2048.0,256.0,0.0,0.0,488.0,56.0,0.0,0.0,0.0,48.0,0.0
40.0,2,gOMP,optimized,1216.0,768.0,0.0,256.0,0.0,0.0,128.0,56.0,0.0,0.0,0.0,8.0,0.0
40.0,3,gOMP,baseline,3664.0,768.0,2048.0,256.0,0.0,0.0,488.0,56.0,0.0,0.0,0.0,48.0,0.0
40.0,3,gOMP,optimized,1216.0,768.0,0.0,256.0,0.0,0.0,128.0,56.0,0.0,0.0,0.0,8.0,0.0
40.0,4,gOMP,baseline,3664.0,768.0,2048.0,256.0,0.0,0.0,488.0,56.0,0.0,0.0,0.0,48.0,0.0
40.0,4,gOMP,optimized,1216.0,768.0,0.0,256.0,0.0,0.0,128.0,56.0,0.0,0.0,0.0,8.0,0.0
40.0,5,gOMP,baseline,3664.0,768.0,2048.0,256.0,0.0,0.0,488.0,56.0,0.0,0.0,0.0,48.0,0.0
40.0,5,gOMP,optimized,1216.0,768.0,0.0,256.0,0.0,0.0,128.0,56.0,0.0,0.0,0.0,8.0,0.0
40.0,6,gOMP,baseline,3664.0,768.0,2048.0,256.0,0.0,0.0,488.0,56.0,0.0,0.0,0.0,48.0,0.0
40.0,6,gOMP,optimized,1216.0,768.0,0.0,256.0,0.0,0.0,128.0,56.0,0.0,0.0,0.0,8.0,0.0
40.0,7,gOMP,baseline,3664.0,768.0,2048.0,256.0,0.0,0.0,488.0,56.0,0.0,0.0,0.0,48.0,0.0
40.0,7,gOMP,optimized,1216.0,768.0,0.0,256.0,0.0,0.0,128.0,56.0,0.0,0.0,0.0,8.0,0.0
40.0,8,gOMP,baseline,3664.0,768.0,2048.0,256.0,0.0,0.0,488.0,56.0,0.0,0.0,0.0,48.0,0.0
40.0,8,gOMP,optimized,1216.0,768.0,0.0,256.0,0.0,0.0,128.0,56.0,0.0,0.0,0.0,8.0,0.0
40.0,9,gOMP,baseline,3664.0,768.0,2048.0,256.0,0.0,0.0,488.0,56.0,0.0,0.0,0.0,48.0,0.0
40.0,9,gOMP,optimized,1216.0,768.0,0.0,256.0,0.0,0.0,128.0,56.0,0.0,0.0,0.0,8.0,0.0
40.0,10,gOMP,baseline,3664.0,768.0,2048.0,256.0,0.0,0.0,488.0,56.0,0.0,0.0,0.0,48.0,0.0
40.0,10,gOMP,optimized,1216.0,768.0,0.0,256.0,0.0,0.0,128.0,56.0,0.0,0.0,0.0,8.0,0.0
40.0,11,gOMP,baseline,3664.0,768.0,2048.0,256.0,0.0,0.0,488.0,56.0,0.0,0.0,0.0,48.0,0.0
40.0,11,gOMP,optimized,1216.0,768.0,0.0,256.0,0.0,0.0,128.0,56.0,0.0,0.0,0.0,8.0,0.0
40.0,12,gOMP,baseline,3664.0,768.0,2048.0,256.0,0.0,0.0,488.0,56.0,0.0,0.0,0.0,48.0,0.0
40.0,12,gOMP,optimized,1216.0,768.0,0.0,256.0,0.0,0.0,128.0,56.0,0.0,0.0,0.0,8.0,0.0
40.0,13,gOMP,baseline,3664.0,768.0,2048.0,256.0,0.0,0.0,488.0,56.0,0.0,0.0,0.0,48.0,0.0
40.0,13,gOMP,optimized,1216.0,768.0,0.0,256.0,0.0,0.0,128.0,56.0,0.0,0.0,0.0,8.0,0.0
40.0,14,gOMP,baseline,3664.0,768.0,2048.0,256.0,0.0,0.0,488.0,56.0,0.0,0.0,0.0,48.0,0.0
40.0,14,gOMP,optimized,1216.0,768.0,0.0,256.0,0.0,0.0,128.0,56.0,0.0,0.0,0.0,8.0,0.0
40.0,15,gOMP,baseline,3664.0,768.0,2048.0,256.0,0.0,0.0,488.0,56.0,0.0,0.0,0.0,48.0,0.0
40.0,15,gOMP,optimized,1216.0,768.0,0.0,256.0,0.0,0.0,128.0,56.0,0.0,0.0,0.0,8.0,0.0
40.0,16,gOMP,baseline,3664.0,768.0,2048.0,256.0,0.0,0.0,488.0,56.0,0.0,0.0,0.0,48.0,0.0
40.0,16,gOMP,optimized,1216.0,768.0,0.0,256.0,0.0,0.0,128.0,56.0,0.0,0.0,0.0,8.0,0.0
40.0,17,gOMP,baseline,3664.0,768.0,2048.0,256.0,0.0,0.0,488.0,56.0,0.0,0.0,0.0,48.0,0.0
40.0,17,gOMP,optimized,1216.0,768.0,0.0,256.0,0.0,0.0,128.0,56.0,0.0,0.0,0.0,8.0,0.0
40.0,18,gOMP,baseline,3664.0,768.0,2048.0,256.0,0.0,0.0,488.0,56.0,0.0,0.0,0.0,48.0,0.0
40.0,18,gOMP,optimized,1216.0,768.0,0.0,256.0,0.0,0.0,128.0,56.0,0.0,0.0,0.0,8.0,0.0
40.0,19,gOMP,baseline,3664.0,768.0,2048.0,256.0,0.0,0.0,488.0,56.0,0.0,0.0,0.0,48.0,0.0
40.0,19,gOMP,optimized,1216.0,768.0,0.0,256.0,0.0,0.0,128.0,56.0,0.0,0.0,0.0,8.0,0.0
40.0,20,gOMP,baseline,3664.0,768.0,2048.0,256.0,0.0,0.0,488.0,56.0,0.0,0.0,0.0,48.0,0.0
40.0,20,gOMP,optimized,1216.0,768.0,0.0,256.0,0.0,0.0,128.0,56.0,0.0,0.0,0.0,8.0,0.0
40.0,21,gOMP,baseline,3664.0,768.0,2048.0,256.0,0.0,0.0,488.0,56.0,0.0,0.0,0.0,48.0,0.0
40.0,21,gOMP,optimized,1216.0,768.0,0.0,256.0,0.0,0.0,128.0,56.0,0.0,0.0,0.0,8.0,0.0
40.0,22,gOMP,baseline,3664.0,768.0,2048.0,256.0,0.0,0.0,488.0,56.0,0.0,0.0,0.0,48.0,0.0
40.0,22,gOMP,optimized,1216.0,768.0,0.0,256.0,0.0,0.0,128.0,56.0,0.0,0.0,0.0,8.0,0.0
40.0,23,gOMP,baseline,3664.0,768.0,2048.0,256.0,0.0,0.0,488.0,56.0,0.0,0.0,0.0,48.0,0.0
40.0,23,gOMP,optimized,1216.0,768.0,0.0,256.0,0.0,0.0,128.0,56.0,0.0,0.0,0.0,8.0,0.0
40.0,24,gOMP,baseline,3664.0,768.0,2048.0,256.0,0.0,0.0,488.0,56.0,0.0,0.0,0.0,48.0,0.0
40.0,24,gOMP,optimized,1216.0,768.0,0.0,256.0,0.0,0.0,128.0,56.0,0.0,0.0,0.0,8.0,0.0
40.0,25,gOMP,baseline,3664.0,768.0,2048.0,256.0,0.0,0.0,488.0,56.0,0.0,0.0,0.0,48.0,0.0
40.0,25,gOMP,optimized,1216.0,768.0,0.0,256.0,0.0,0.0,128.0,56.0,0.0,0.0,0.0,8.0,0.0
40.0,26,gOMP,baseline,3664.0,768.0,2048.0,256.0,0.0,0.0,488.0,56.0,0.0,0.0,0.0,48.0,0.0
40.0,26,gOMP,optimized,1216.0,768.0,0.0,256.0,0.0,0.0,128.0,56.0,0.0,0.0,0.0,8.0,0.0
40.0,27,gOMP,baseline,3664.0,768.0,2048.0,256.0,0.0,0.0,488.0,56.0,0.0,0.0,0.0,48.0,0.0
40.0,27,gOMP,optimized,1216.0,768.0,0.0,256.0,0.0,0.0,128.0,56.0,0.0,0.0,0.0,8.0,0.0
40.0,28,gOMP,baseline,3664.0,768.0,2048.0,256.0,0.0,0.0,488.0,56.0,0.0,0.0,0.0,48.0,0.0
40.0,28,gOMP,optimized,1216.0,768.0,0.0,256.0,0.0,0.0,128.0,56.0,0.0,0.0,0.0,8.0,0.0
40.0,29,gOMP,baseline,3664.0,768.0,2048.0,256.0,0.0,0.0,488.0,56.0,0.0,0.0,0.0,48.0,0.0
40.0,29,gOMP,optimized,1216.0,768.0,0.0,256.0,0.0,0.0,128.0,56.0,0.0,0.0,0.0,8.0,0.0
clean,0,gOMP,baseline,3664.0,768.0,2048.0,256.0,0.0,0.0,488.0,56.0,0.0,0.0,0.0,48.0,0.0
clean,0,gOMP,optimized,1216.0,768.0,0.0,256.0,0.0,0.0,128.0,56.0,0.0,0.0,0.0,8.0,0.0
clean,1,gOMP,baseline,3664.0,768.0,2048.0,256.0,0.0,0.0,488.0,56.0,0.0,0.0,0.0,48.0,0.0
clean,1,gOMP,optimized,1216.0,768.0,0.0,256.0,0.0,0.0,128.0,56.0,0.0,0.0,0.0,8.0,0.0
clean,2,gOMP,baseline,3664.0,768.0,2048.0,256.0,0.0,0.0,488.0,56.0,0.0,0.0,0.0,48.0,0.0
clean,2,gOMP,optimized,1216.0,768.0,0.0,256.0,0.0,0.0,128.0,56.0,0.0,0.0,0.0,8.0,0.0
clean,3,gOMP,baseline,3664.0,768.0,2048.0,256.0,0.0,0.0,488.0,56.0,0.0,0.0,0.0,48.0,0.0
clean,3,gOMP,optimized,1216.0,768.0,0.0,256.0,0.0,0.0,128.0,56.0,0.0,0.0,0.0,8.0,0.0
clean,4,gOMP,baseline,3664.0,768.0,2048.0,256.0,0.0,0.0,488.0,56.0,0.0,0.0,0.0,48.0,0.0
clean,4,gOMP,optimized,1216.0,768.0,0.0,256.0,0.0,0.0,128.0,56.0,0.0,0.0,0.0,8.0,0.0
clean,5,gOMP,baseline,3664.0,768.0,2048.0,256.0,0.0,0.0,488.0,56.0,0.0,0.0,0.0,48.0,0.0
clean,5,gOMP,optimized,1216.0,768.0,0.0,256.0,0.0,0.0,128.0,56.0,0.0,0.0,0.0,8.0,0.0
clean,6,gOMP,baseline,3664.0,768.0,2048.0,256.0,0.0,0.0,488.0,56.0,0.0,0.0,0.0,48.0,0.0
clean,6,gOMP,optimized,1216.0,768.0,0.0,256.0,0.0,0.0,128.0,56.0,0.0,0.0,0.0,8.0,0.0
clean,7,gOMP,baseline,3664.0,768.0,2048.0,256.0,0.0,0.0,488.0,56.0,0.0,0.0,0.0,48.0,0.0
clean,7,gOMP,optimized,1216.0,768.0,0.0,256.0,0.0,0.0,128.0,56.0,0.0,0.0,0.0,8.0,0.0
clean,8,gOMP,baseline,3664.0,768.0,2048.0,256.0,0.0,0.0,488.0,56.0,0.0,0.0,0.0,48.0,0.0
clean,8,gOMP,optimized,1216.0,768.0,0.0,256.0,0.0,0.0,128.0,56.0,0.0,0.0,0.0,8.0,0.0
clean,9,gOMP,baseline,3664.0,768.0,2048.0,256.0,0.0,0.0,488.0,56.0,0.0,0.0,0.0,48.0,0.0
clean,9,gOMP,optimized,1216.0,768.0,0.0,256.0,0.0,0.0,128.0,56.0,0.0,0.0,0.0,8.0,0.0
clean,10,gOMP,baseline,3664.0,768.0,2048.0,256.0,0.0,0.0,488.0,56.0,0.0,0.0,0.0,48.0,0.0
clean,10,gOMP,optimized,1216.0,768.0,0.0,256.0,0.0,0.0,128.0,56.0,0.0,0.0,0.0,8.0,0.0
clean,11,gOMP,baseline,3664.0,768.0,2048.0,256.0,0.0,0.0,488.0,56.0,0.0,0.0,0.0,48.0,0.0
clean,11,gOMP,optimized,1216.0,768.0,0.0,256.0,0.0,0.0,128.0,56.0,0.0,0.0,0.0,8.0,0.0
clean,12,gOMP,baseline,3664.0,768.0,2048.0,256.0,0.0,0.0,488.0,56.0,0.0,0.0,0.0,48.0,0.0
clean,12,gOMP,optimized,1216.0,768.0,0.0,256.0,0.0,0.0,128.0,56.0,0.0,0.0,0.0,8.0,0.0
clean,13,gOMP,baseline,3664.0,768.0,2048.0,256.0,0.0,0.0,488.0,56.0,0.0,0.0,0.0,48.0,0.0
clean,13,gOMP,optimized,1216.0,768.0,0.0,256.0,0.0,0.0,128.0,56.0,0.0,0.0,0.0,8.0,0.0
clean,14,gOMP,baseline,3664.0,768.0,2048.0,256.0,0.0,0.0,488.0,56.0,0.0,0.0,0.0,48.0,0.0
clean,14,gOMP,optimized,1216.0,768.0,0.0,256.0,0.0,0.0,128.0,56.0,0.0,0.0,0.0,8.0,0.0
clean,15,gOMP,baseline,3664.0,768.0,2048.0,256.0,0.0,0.0,488.0,56.0,0.0,0.0,0.0,48.0,0.0
clean,15,gOMP,optimized,1216.0,768.0,0.0,256.0,0.0,0.0,128.0,56.0,0.0,0.0,0.0,8.0,0.0
clean,16,gOMP,baseline,3664.0,768.0,2048.0,256.0,0.0,0.0,488.0,56.0,0.0,0.0,0.0,48.0,0.0
clean,16,gOMP,optimized,1216.0,768.0,0.0,256.0,0.0,0.0,128.0,56.0,0.0,0.0,0.0,8.0,0.0
clean,17,gOMP,baseline,3664.0,768.0,2048.0,256.0,0.0,0.0,488.0,56.0,0.0,0.0,0.0,48.0,0.0
clean,17,gOMP,optimized,1216.0,768.0,0.0,256.0,0.0,0.0,128.0,56.0,0.0,0.0,0.0,8.0,0.0
clean,18,gOMP,baseline,3664.0,768.0,2048.0,256.0,0.0,0.0,488.0,56.0,0.0,0.0,0.0,48.0,0.0
clean,18,gOMP,optimized,1216.0,768.0,0.0,256.0,0.0,0.0,128.0,56.0,0.0,0.0,0.0,8.0,0.0
clean,19,gOMP,baseline,3664.0,768.0,2048.0,256.0,0.0,0.0,488.0,56.0,0.0,0.0,0.0,48.0,0.0
clean,19,gOMP,optimized,1216.0,768.0,0.0,256.0,0.0,0.0,128.0,56.0,0.0,0.0,0.0,8.0,0.0
clean,20,gOMP,baseline,3664.0,768.0,2048.0,256.0,0.0,0.0,488.0,56.0,0.0,0.0,0.0,48.0,0.0
clean,20,gOMP,optimized,1216.0,768.0,0.0,256.0,0.0,0.0,128.0,56.0,0.0,0.0,0.0,8.0,0.0
clean,21,gOMP,baseline,3664.0,768.0,2048.0,256.0,0.0,0.0,488.0,56.0,0.0,0.0,0.0,48.0,0.0
clean,21,gOMP,optimized,1216.0,768.0,0.0,256.0,0.0,0.0,128.0,56.0,0.0,0.0,0.0,8.0,0.0
clean,22,gOMP,baseline,3664.0,768.0,2048.0,256.0,0.0,0.0,488.0,56.0,0.0,0.0,0.0,48.0,0.0
clean,22,gOMP,optimized,1216.0,768.0,0.0,256.0,0.0,0.0,128.0,56.0,0.0,0.0,0.0,8.0,0.0
clean,23,gOMP,baseline,3664.0,768.0,2048.0,256.0,0.0,0.0,488.0,56.0,0.0,0.0,0.0,48.0,0.0
clean,23,gOMP,optimized,1216.0,768.0,0.0,256.0,0.0,0.0,128.0,56.0,0.0,0.0,0.0,8.0,0.0
clean,24,gOMP,baseline,3664.0,768.0,2048.0,256.0,0.0,0.0,488.0,56.0,0.0,0.0,0.0,48.0,0.0
clean,24,gOMP,optimized,1216.0,768.0,0.0,256.0,0.0,0.0,128.0,56.0,0.0,0.0,0.0,8.0,0.0
clean,25,gOMP,baseline,3664.0,768.0,2048.0,256.0,0.0,0.0,488.0,56.0,0.0,0.0,0.0,48.0,0.0
clean,25,gOMP,optimized,1216.0,768.0,0.0,256.0,0.0,0.0,128.0,56.0,0.0,0.0,0.0,8.0,0.0
clean,26,gOMP,baseline,3664.0,768.0,2048.0,256.0,0.0,0.0,488.0,56.0,0.0,0.0,0.0,48.0,0.0
clean,26,gOMP,optimized,1216.0,768.0,0.0,256.0,0.0,0.0,128.0,56.0,0.0,0.0,0.0,8.0,0.0
clean,27,gOMP,baseline,3664.0,768.0,2048.0,256.0,0.0,0.0,488.0,56.0,0.0,0.0,0.0,48.0,0.0
clean,27,gOMP,optimized,1216.0,768.0,0.0,256.0,0.0,0.0,128.0,56.0,0.0,0.0,0.0,8.0,0.0
clean,28,gOMP,baseline,3664.0,768.0,2048.0,256.0,0.0,0.0,488.0,56.0,0.0,0.0,0.0,48.0,0.0
clean,28,gOMP,optimized,1216.0,768.0,0.0,256.0,0.0,0.0,128.0,56.0,0.0,0.0,0.0,8.0,0.0
clean,29,gOMP,baseline,3664.0,768.0,2048.0,256.0,0.0,0.0,488.0,56.0,0.0,0.0,0.0,48.0,0.0
clean,29,gOMP,optimized,1216.0,768.0,0.0,256.0,0.0,0.0,128.0,56.0,0.0,0.0,0.0,8.0,0.0
