snr_db,trial,algorithm,implementation,runtime_sec,correlation_time_sec,selection_time_sec,solve_time_sec,residual_update_time_sec,support_refinement_time_sec
5.0,0,Improved-gOMP,baseline,0.0017693910012894776,2.8748996555805206e-05,0.0013254439982119948,0.00010204200225416571,2.5016997824423015e-05,3.203000233042985e-06
5.0,0,Improved-gOMP,optimized,0.001142678000178421,1.756699930410832e-05,0.0007367969956248999,0.00021378200835897587,2.90019997919444e-05,2.5749977794475853e-06
5.0,1,Improved-gOMP,baseline,0.001348312998743495,1.6860001778695732e-05,0.0010207239902229048,9.47720036492683e-05,2.3511001927545294e-05,2.154003595933318e-06
5.0,1,Improved-gOMP,optimized,0.0004951600021740887,1.1337000614730641e-05,0.0002728019971982576,0.00011722399722202681,1.752200478222221e-05,1.5410005289595574e-06
5.0,2,Improved-gOMP,baseline,0.0007935400026326533,1.1883003026014194e-05,0.0005955730011919513,5.6852000852813944e-05,1.657299799262546e-05,1.5259975043591112e-06
5.0,2,Improved-gOMP,optimized,0.00049583800137043,1.1024003470083699e-05,0.0002693560018087737,0.0001232169997820165,1.7868002032628283e-05,1.4750039554201066e-06
5.0,3,Improved-gOMP,baseline,0.0008355610007129144,1.3772998499916866e-05,0.0006228759993973654,5.883999983780086e-05,1.6895002772798762e-05,1.6569974832236767e-06
5.0,3,Improved-gOMP,optimized,0.0004754209985549096,1.3376004062592983e-05,0.00026008700297097676,0.00011278699821559712,1.79049966391176e-05,1.395997969666496e-06
5.0,4,Improved-gOMP,baseline,0.0008325950002472382,1.1945998267037794e-05,0.000627840003289748,5.604599937214516e-05,1.5500998415518552e-05,1.7330021364614367e-06
5.0,4,Improved-gOMP,optimized,0.0003332149972266052,6.924998160684481e-06,0.000179745999048464,7.935300163808279e-05,1.2866996257798746e-05,1.0499970812816173e-06
5.0,5,Improved-gOMP,baseline,0.0005919079994782805,8.821996743790805e-06,0.00045113099986338057,3.608000042731874e-05,1.1132000508951023e-05,1.077001797966659e-06
5.0,5,Improved-gOMP,optimized,0.0003410839999560267,7.336999260587618e-06,0.00016722299915272743,7.75439984863624e-05,2.5663997803349048e-05,1.043998054228723e-06
5.0,6,Improved-gOMP,baseline,0.0011600510006246623,1.7444002878619358e-05,0.0008399480029765982,0.00012059800064889714,2.5201003154506907e-05,2.020999090746045e-06
5.0,6,Improved-gOMP,optimized,0.0004973779978172388,1.2344000424491242e-05,0.0002648720001161564,0.0001291170046897605,1.8964001355925575e-05,1.348002115264535e-06
5.0,7,Improved-gOMP,baseline,0.0008852430000843015,1.2582997442223132e-05,0.0006710130001010839,5.72280005144421e-05,1.546800194773823e-05,1.59599949256517e-06
5.0,7,Improved-gOMP,optimized,0.00048615400010021403,1.0905001545324922e-05,0.00025606700364733115,0.0001111310011765454,1.6701000276952982e-05,1.468000846216455e-06
5.0,8,Improved-gOMP,baseline,0.001263049998669885,1.8982998881256208e-05,0.0009400150011060759,9.807300375541672e-05,2.4134998966474086e-05,2.0169973140582442e-06
5.0,8,Improved-gOMP,optimized,0.0003140110020467546,8.12299913377501e-06,0.00016117999984999187,7.567699867649935e-05,1.2424996384652331e-05,1.000997144728899e-06
5.0,9,Improved-gOMP,baseline,0.0012931669989484362,1.6363002941943705e-05,0.0010354480000387412,7.023199941613711e-05,1.9006998627446592e-05,2.176999259972945e-06
5.0,9,Improved-gOMP,optimized,0.0006432560003304388,1.5819001419004053e-05,0.0003552330017555505,0.00013308499910635874,2.1055999241070822e-05,1.6459962353110313e-06
5.0,10,Improved-gOMP,baseline,0.0011603999992075842,1.8184000509791076e-05,0.0008761780009081122,8.299099499708973e-05,2.1740001102443784e-05,2.0519983081612736e-06
5.0,10,Improved-gOMP,optimized,0.00048508899999433197,1.2193995644338429e-05,0.00027465700259199366,0.00010991799717885442,1.857500319601968e-05,1.4020006346981972e-06
5.0,11,Improved-gOMP,baseline,0.0015315290002035908,1.87539953913074e-05,0.0012054929975420237,9.959899762179703e-05,2.6048001018352807e-05,2.4890068743843585e-06
5.0,11,Improved-gOMP,optimized,0.0007270089990925044,1.6024005162762478e-05,0.00039101500078686513,0.0001687520016275812,2.729799598455429e-05,2.0260013116057962e-06
5.0,12,Improved-gOMP,baseline,0.001136881001002621,1.8022998119704425e-05,0.0008578549968660809,8.581600195611827e-05,2.2824002371635288e-05,2.0030020095873624e-06
5.0,12,Improved-gOMP,optimized,0.000764885000535287,1.9645001884782687e-05,0.0004195419969619252,0.00018531699970480986,3.533800190780312e-05,2.086995664285496e-06
5.0,13,Improved-gOMP,baseline,0.0007680890012125019,1.1252999684074894e-05,0.0005652949985233136,5.3902000217931345e-05,1.483699816162698e-05,1.4279976312536746e-06
5.0,13,Improved-gOMP,optimized,0.00045914400106994435,1.0867996024899185e-05,0.00025392599854967557,0.00010928699703072198,1.6547997802263126e-05,1.4809993444941938e-06
5.0,14,Improved-gOMP,baseline,0.0008126040011120494,1.280799915548414e-05,0.0006144850012788083,5.621700256597251e-05,1.644100120756775e-05,1.4939978427719325e-06
5.0,14,Improved-gOMP,optimized,0.0004704329985543154,1.242099460796453e-05,0.0002592750024632551,0.00011279800310148858,1.7677000869298354e-05,1.448002876713872e-06
5.0,15,Improved-gOMP,baseline,0.0012461799997254275,1.539599907118827e-05,0.0009682759991846979,8.516300295013934e-05,2.0876002963632345e-05,2.0129991753492504e-06
5.0,15,Improved-gOMP,optimized,0.00045762899753754027,1.0399999155197293e-05,0.0002503949981473852,0.00010769400250865147,1.6299003618769348e-05,1.3969984138384461e-06
5.0,16,Improved-gOMP,baseline,0.0033417880003980827,4.728200292447582e-05,0.0027395099968998693,0.00018638499750522897,4.9592996219871566e-05,3.3610012906137854e-06
5.0,16,Improved-gOMP,optimized,0.001296450001973426,2.6337998860981315e-05,0.0007715929968981072,0.0003056840068893507,4.5455002691596746e-05,3.1130039133131504e-06
5.0,17,Improved-gOMP,baseline,0.001183549000415951,1.571000029798597e-05,0.0009015269970404916,8.556899774703197e-05,2.1623000066028908e-05,2.0889965526293963e-06
5.0,17,Improved-gOMP,optimized,0.0006888110001455061,1.5070996596477926e-05,0.0003869120009767357,0.0001689119999355171,2.414199843769893e-05,2.0049992599524558e-06
5.0,18,Improved-gOMP,baseline,0.0011532600001373794,1.7501999536762014e-05,0.0008829339967633132,8.29800010251347e-05,2.295800732099451e-05,1.7929996829479933e-06
5.0,18,Improved-gOMP,optimized,0.0004930719987896737,1.204199725179933e-05,0.0002830820012604818,0.00011017600263585337,1.8703998648561537e-05,1.334996341029182e-06
5.0,19,Improved-gOMP,baseline,0.0007861599988245871,1.2242002412676811e-05,0.0005961889983154833,5.250499816611409e-05,1.5592995623592287e-05,1.4610013749916106e-06
5.0,19,Improved-gOMP,optimized,0.000304469998809509,7.654998626094311e-06,0.00015574200006085448,7.542099774582312e-05,1.235599847859703e-05,9.479954314883798e-07
5.0,20,Improved-gOMP,baseline,0.0008520949995727278,1.2780998076777905e-05,0.0006117849989095703,8.258400339400396e-05,1.9478007743600756e-05,1.667995093157515e-06
5.0,20,Improved-gOMP,optimized,0.0007651080013602041,1.4681001630378887e-05,0.0004669699992518872,0.00016121400039992295,2.414600021438673e-05,2.0830048015341163e-06
5.0,21,Improved-gOMP,baseline,0.0007461200002580881,1.1052004992961884e-05,0.0005597000017587561,5.3498999477596954e-05,1.4338998880703002e-05,1.5360019460786134e-06
5.0,21,Improved-gOMP,optimized,0.0005467109986057039,1.1686999641824514e-05,0.00030440499904216267,0.00012783100100932643,1.893599983304739e-05,1.5179975889623165e-06
5.0,22,Improved-gOMP,baseline,0.000813995000498835,1.3507997209671885e-05,0.000617205001617549,5.535699528991245e-05,1.6913996660150588e-05,1.4829965948592871e-06
5.0,22,Improved-gOMP,optimized,0.0005470180003612768,1.2798998795915395e-05,0.00031840899464441463,0.00011995400200248696,2.031999611062929e-05,1.5600016922689974e-06
5.0,23,Improved-gOMP,baseline,0.0004820260000997223,8.08499680715613e-06,0.00036130599983152933,3.258800279581919e-05,1.036200046655722e-05,9.659997886046767e-07
5.0,23,Improved-gOMP,optimized,0.0003002160010510124,1.487800182076171e-05,0.00015115199857973494,7.21159995009657e-05,1.1667998478515074e-05,9.2400296125561e-07
5.0,24,Improved-gOMP,baseline,0.0008242580006481148,1.1829000868601725e-05,0.0006242989984457381,5.7634999393485487e-05,1.605199577170424e-05,1.5030018403194845e-06
5.0,24,Improved-gOMP,optimized,0.0004950279981130734,1.0448002285556868e-05,0.00026079799863509834,0.0001319250040978659,1.8915998225566e-05,1.4329998521134257e-06
5.0,25,Improved-gOMP,baseline,0.0010926069990091491,1.7056005162885413e-05,0.0008237040019594133,8.231399988289922e-05,2.1938001736998558e-05,1.8989994714502245e-06
5.0,25,Improved-gOMP,optimized,0.0008028689990169369,1.9871000404236838e-05,0.00046127399764372967,0.00017066000145860016,2.847799623850733e-05,2.221993781859055e-06
5.0,26,Improved-gOMP,baseline,0.0008585739997215569,1.3059001503279433e-05,0.0006322359949990641,5.786600013379939e-05,2.7123001927975565e-05,1.5559962776023895e-06
5.0,26,Improved-gOMP,optimized,0.00038806100201327354,7.621001714142039e-06,0.0002069590009341482,9.446599869988859e-05,1.9551000150386244e-05,1.0440016922075301e-06
5.0,27,Improved-gOMP,baseline,0.0007876399977249093,1.4452001778408885e-05,0.0005833509967487771,5.3259998821886256e-05,1.6013000276871026e-05,1.4659999578725547e-06
5.0,27,Improved-gOMP,optimized,0.00030084899844950996,8.184997568605468e-06,0.00015566799629596062,7.464100053766742e-05,1.237299875356257e-05,1.0039984772447497e-06
5.0,28,Improved-gOMP,baseline,0.0008499300020048395,1.255300230695866e-05,0.0006482149983639829,5.661899922415614e-05,1.5239002095768228e-05,1.5550031093880534e-06
5.0,28,Improved-gOMP,optimized,0.0004983780017937534,1.0731993825174868e-05,0.00026779200561577454,0.00011990400162176229,1.8469003407517448e-05,1.4459983503911644e-06
5.0,29,Improved-gOMP,baseline,0.0014845690020592883,2.1325002308003604e-05,0.0011272420015302487,0.00011281299885013141,2.602800668682903e-05,2.2849999368190765e-06
5.0,29,Improved-gOMP,optimized,0.0007268539993674494,1.702599911368452e-05,0.0004093039970030077,0.00017184299940709025,3.828899934887886e-05,1.8179998733103275e-06
10.0,0,Improved-gOMP,baseline,0.0022185939997143578,2.5802004529396072e-05,0.0015765059979457874,0.00012637899635592476,3.124500290141441e-05,0.00014455099517363124
10.0,0,Improved-gOMP,optimized,0.0010339299988118,2.1036998077761382e-05,0.0004756320013257209,0.00023118999888538383,3.318300150567666e-05,0.00013054000373813324
10.0,1,Improved-gOMP,baseline,0.0011397259986551944,1.7648002540227026e-05,0.0008697350021975581,7.956700210343115e-05,2.0972998754587024e-05,1.9229955796618015e-06
10.0,1,Improved-gOMP,optimized,0.0005945550001342781,1.619400063646026e-05,0.0003365199991094414,0.0001355560016236268,2.3535005311714485e-05,1.8660030036699027e-06
10.0,2,Improved-gOMP,baseline,0.0011393860004318412,1.7362999642500654e-05,0.0008618140018370468,8.530299965059385e-05,2.1062998712295666e-05,1.9139988580718637e-06
10.0,2,Improved-gOMP,optimized,0.0007224319997476414,1.719599822536111e-05,0.00042391600072733127,0.0001516660013294313,3.7374997191363946e-05,6.10899951425381e-06
10.0,3,Improved-gOMP,baseline,0.0027107759997306857,3.1661995308240876e-05,0.0018598899987409823,0.00016113299716380425,3.4462998883100227e-05,0.0003258459983044304
10.0,3,Improved-gOMP,optimized,0.000984321999567328,2.09560057555791e-05,0.0004853939972235821,0.00021006599490647204,3.107399970758706e-05,0.00011728800018317997
10.0,4,Improved-gOMP,baseline,0.0016624439995212015,2.1746003767475486e-05,0.0011561249993974343,0.0001151489959738683,2.595000114524737e-05,0.00012077499923179857
10.0,4,Improved-gOMP,optimized,0.0009271540002373513,2.01479961106088e-05,0.00047296400225604884,0.00018327199722989462,2.8129001293564215e-05,0.0001106609997805208
10.0,5,Improved-gOMP,baseline,0.0017250620003324002,2.2415999410441145e-05,0.0011631779962044675,0.00012931800665683113,3.052300598938018e-05,0.00014203899991116486
10.0,5,Improved-gOMP,optimized,0.0006531019971589558,1.6150999726960436e-05,0.00036828600423177704,0.00014818800627836026,2.7869999030372128e-05,1.911997969727963e-06
10.0,6,Improved-gOMP,baseline,0.0011861349994433112,1.873999644885771e-05,0.0008933239951147698,8.918199819163419e-05,2.4245000531664118e-05,1.9260005501564592e-06
10.0,6,Improved-gOMP,optimized,0.0007332590030273423,1.6982998204184696e-05,0.0004440119992068503,0.0001552660069137346,2.5605997507227585e-05,1.89200000022538e-06
10.0,7,Improved-gOMP,baseline,0.001443289002054371,1.7526999727124348e-05,0.0011480739958642516,8.795100075076334e-05,2.2667001758236438e-05,2.063996362267062e-06
10.0,7,Improved-gOMP,optimized,0.0007276469987118617,1.7700993339531124e-05,0.00041008100015460514,0.00017946899970411323,2.5645000278018415e-05,1.8980026652570814e-06
10.0,8,Improved-gOMP,baseline,0.0009654649984440766,1.6680998669471592e-05,0.0007402149931294844,6.3213003159035e-05,1.8710994481807575e-05,1.6559970390517265e-06
10.0,8,Improved-gOMP,optimized,0.00045552899973699823,1.2110001989640296e-05,0.0002526890020817518,0.00010581199967418797,1.8033002561423928e-05,1.3600001693703234e-06
10.0,9,Improved-gOMP,baseline,0.0012048710013914388,1.7726997612044215e-05,0.0009241959996870719,8.400999649893492e-05,2.1345003915484995e-05,2.1079977159388363e-06
10.0,9,Improved-gOMP,optimized,0.0006391139977495186,1.6462996427435428e-05,0.000359076995664509,0.0001456299978599418,2.5115998141700402e-05,1.901000359794125e-06
10.0,10,Improved-gOMP,baseline,0.0020798929981538095,4.8450998292537406e-05,0.0013951200016890652,0.0001412880010320805,3.2885000109672546e-05,0.00015489599536522292
10.0,10,Improved-gOMP,optimized,0.0009780190011952072,2.1412000933196396e-05,0.0004917539990856312,0.00020675899577327073,3.1440999009646475e-05,0.00010279200432705693
10.0,11,Improved-gOMP,baseline,0.0017503290000604466,2.2197004000190645e-05,0.001221452999743633,0.00011881099999300204,2.7794001653091982e-05,0.00012419800259522162
10.0,11,Improved-gOMP,optimized,0.0010834439999598544,2.283699723193422e-05,0.0005744360023527406,0.00021682900114683434,3.837800250039436e-05,0.00010513000233913772
10.0,12,Improved-gOMP,baseline,0.0011625330007518642,1.801899998099543e-05,0.0008789569983491674,9.034000686369836e-05,2.2149004507809877e-05,1.909007551148534e-06
10.0,12,Improved-gOMP,optimized,0.0006784129982406739,1.609999526408501e-05,0.00039993600148591213,0.0001498199999332428,2.408300497336313e-05,1.824999344535172e-06
10.0,13,Improved-gOMP,baseline,0.001881665000837529,2.7540001610759646e-05,0.0013060060045972932,0.00012676399637712166,3.128199386992492e-05,0.00013535500329453498
10.0,13,Improved-gOMP,optimized,0.0009080449999601115,2.019300518441014e-05,0.00046790699707344174,0.0001794499985408038,2.908799797296524e-05,9.837099787546322e-05
10.0,14,Improved-gOMP,baseline,0.0017008120012178551,2.1805000869790092e-05,0.001193649004562758,0.0001134570011345204,2.6587003958411515e-05,0.00012290400263736956
10.0,14,Improved-gOMP,optimized,0.0009473089994571637,2.1099000150570646e-05,0.0004878189938608557,0.00018321400420973077,3.346499943290837e-05,0.00010749599823611788
10.0,15,Improved-gOMP,baseline,0.0018404670008749235,2.4859000404831022e-05,0.0012677920021815225,0.00012485299521358684,2.8787002520402893e-05,0.00012334300117800012
10.0,15,Improved-gOMP,optimized,0.0010005910007748753,2.393700196989812e-05,0.000518024004122708,0.00019905600129277445,3.986799856647849e-05,0.00010209699757979251
10.0,16,Improved-gOMP,baseline,0.0009111709987337235,1.4217999705579132e-05,0.0006966589971852954,5.8644003729568794e-05,1.7515998479211703e-05,1.6229969332925975e-06
10.0,16,Improved-gOMP,optimized,0.000672156998916762,1.739800427458249e-05,0.00038013499579392374,0.00015713700122432783,2.654800482559949e-05,1.8930004443973303e-06
10.0,17,Improved-gOMP,baseline,0.0017779400004656054,2.4038003175519407e-05,0.0012223779922351241,0.00011705300494213589,2.8455997380660847e-05,0.00014583000302081928
10.0,17,Improved-gOMP,optimized,0.0006455650000134483,1.5949000953696668e-05,0.00036856000224361196,0.00014848200225969777,2.369299909332767e-05,1.8070022633764893e-06
10.0,18,Improved-gOMP,baseline,0.0011751370002457406,1.7290996765950695e-05,0.0009013870039780159,8.297599561046809e-05,2.1893007215112448e-05,2.006003342103213e-06
10.0,18,Improved-gOMP,optimized,0.0006616930004383903,1.5957000869093463e-05,0.0003869079992000479,0.0001448740003979765,2.4941007723100483e-05,1.8519967852625996e-06
10.0,19,Improved-gOMP,baseline,0.002171278996684123,3.0101000447757542e-05,0.0014981320018705446,0.0001576350005052518,3.47380009770859e-05,0.00015330199312302284
10.0,19,Improved-gOMP,optimized,0.0011757419997593388,2.4520999431842938e-05,0.0006012280064169317,0.00023586699899169616,3.4827000490622595e-05,0.0001493400013714563
10.0,20,Improved-gOMP,baseline,0.001132615998358233,1.677599357208237e-05,0.000854982001328608,8.3989005361218e-05,2.5020999601110816e-05,1.901997165987268e-06
10.0,20,Improved-gOMP,optimized,0.0009137850029219408,2.6206995244137943e-05,0.0005132400001457427,0.0001941740010806825,5.1759994676103815e-05,2.3909924493636936e-06
10.0,21,Improved-gOMP,baseline,0.0011854309996124357,1.792699913494289e-05,0.0008926359951146878,8.411999806412496e-05,2.289300027769059e-05,2.0570005290210247e-06
10.0,21,Improved-gOMP,optimized,0.0006282749964157119,1.6331003280356526e-05,0.00035530499371816404,0.00014483300037682056,2.3675998818362132e-05,1.8090031517203897e-06
10.0,22,Improved-gOMP,baseline,0.0010829509992618114,1.6905003576539457e-05,0.0008212720022129361,7.86239979788661e-05,2.0843002857873216e-05,1.925007381942123e-06
10.0,22,Improved-gOMP,optimized,0.0006313429985311814,1.6404999769292772e-05,0.00034872400647145696,0.00015559700113954023,2.507100361981429e-05,1.9859980966430157e-06
10.0,23,Improved-gOMP,baseline,0.001782571998774074,2.4903994926717132e-05,0.0012301349997869693,0.00011251600153627805,2.6530997274676338e-05,0.00012597400200320408
10.0,23,Improved-gOMP,optimized,0.0009120000031543896,2.0350998966023326e-05,0.0004519460017036181,0.00017646099877310917,3.054600165341981e-05,9.957199654309079e-05
10.0,24,Improved-gOMP,baseline,0.0008477349983877502,1.3228000170784071e-05,0.0006435470022552181,5.803499880130403e-05,1.6598998627159745e-05,1.7629936337471008e-06
10.0,24,Improved-gOMP,optimized,0.0005038140006945468,1.2495002010837197e-05,0.00027010600024368614,0.00012718099969788454,1.896000321721658e-05,1.4219949662219733e-06
10.0,25,Improved-gOMP,baseline,0.0017246659990632907,2.261299596284516e-05,0.0012089729971194174,0.00010941899745375849,2.7650003175949678e-05,0.00012651599899982102
10.0,25,Improved-gOMP,optimized,0.000670549001370091,1.6304999007843435e-05,0.00038501399831147864,0.00014746000306331553,2.6134002837352455e-05,1.92900188267231e-06
10.0,26,Improved-gOMP,baseline,0.0012921210000058636,1.8094997358275577e-05,0.0009772269950190093,8.735100345802493e-05,2.265300281578675e-05,2.0789993868675083e-06
10.0,26,Improved-gOMP,optimized,0.0007099180002114736,1.7869002476800233e-05,0.0003974760002165567,0.00017106100494856946,2.6531000912655145e-05,2.0030020095873624e-06
10.0,27,Improved-gOMP,baseline,0.00119781899775262,1.7734000721247867e-05,0.0009139370049524587,8.515399895259179e-05,2.0622999727493152e-05,2.095006493618712e-06
10.0,27,Improved-gOMP,optimized,0.0011302989987598266,2.1673000446753576e-05,0.0006282039976213127,0.000204490999749396,3.336800364195369e-05,0.00011331400310155004
10.0,28,Improved-gOMP,baseline,0.0013426209989120252,2.1156003640498966e-05,0.0009735459971125238,8.84709988895338e-05,2.3856002371758223e-05,2.2120002540759742e-06
10.0,28,Improved-gOMP,optimized,0.0005403590002970304,1.5332996554207057e-05,0.000296879999950761,0.00011990999337285757,2.0536004740279168e-05,1.4859979273751378e-06
10.0,29,Improved-gOMP,baseline,0.0016114509999169968,2.2709999029757455e-05,0.0012787509986083023,9.140299880527891e-05,4.1948005673475564e-05,2.291002601850778e-06
10.0,29,Improved-gOMP,optimized,0.0006658099991909694,1.789499947335571e-05,0.0003733449993887916,0.00015444699602085166,2.358599886065349e-05,1.839005562942475e-06
15.0,0,Improved-gOMP,baseline,0.002124896000168519,2.698100433917716e-05,0.0014824829922872595,0.00014776699754293077,3.341800402267836e-05,0.00013866499648429453
15.0,0,Improved-gOMP,optimized,0.0008790280007815454,2.278900137753226e-05,0.0005154240025149193,0.00019204700220143422,3.4174994652858004e-05,3.1720010156277567e-06
15.0,1,Improved-gOMP,baseline,0.0018672450023586862,3.2946994906524196e-05,0.0012599939982465003,0.00012889699792140163,2.6782996428664774e-05,0.0001349930025753565
15.0,1,Improved-gOMP,optimized,0.0006225739998626523,1.4616005501011387e-05,0.00034490900361561216,0.00014016500063007697,2.524100273149088e-05,1.8929968064185232e-06
15.0,2,Improved-gOMP,baseline,0.001465486999222776,2.1738997020293027e-05,0.0011129930026072543,0.00010698100231820717,2.639800004544668e-05,2.3749998945277184e-06
15.0,2,Improved-gOMP,optimized,0.0007643009994353633,1.9984996470157057e-05,0.0004436249982973095,0.00017078799282899126,2.8297999961068854e-05,2.1949927031528205e-06
15.0,3,Improved-gOMP,baseline,0.002171718002500711,2.6196008548140526e-05,0.0015658409975003451,0.0001478629965276923,3.012499655596912e-05,0.00012509000225691125
15.0,3,Improved-gOMP,optimized,0.0010191860019403975,2.1389998437371105e-05,0.0005352730004233308,0.00020146500173723325,3.218800338800065e-05,0.00010438199387863278
15.0,4,Improved-gOMP,baseline,0.00148157299918239,2.562300142017193e-05,0.0011252320000494365,0.00010741699952632189,2.7920999855268747e-05,2.4860019038897008e-06
15.0,4,Improved-gOMP,optimized,0.0010232350032310933,2.379600118729286e-05,0.000647213000775082,0.00019887799862772226,3.6107998312218115e-05,2.506003511371091e-06
15.0,5,Improved-gOMP,baseline,0.0023331529991992284,2.776899782475084e-05,0.0016450530019938014,0.0001628279969736468,3.440199725446291e-05,0.00013851999756298028
15.0,5,Improved-gOMP,optimized,0.0007685040000069421,1.8074995750794187e-05,0.0004436710005393252,0.00017604499953449704,2.8230002499185503e-05,2.2980020730756223e-06
15.0,6,Improved-gOMP,baseline,0.0015117149996513035,2.2458993043983355e-05,0.0011527040041983128,0.00011527300375746563,2.772899460978806e-05,2.5670015020295978e-06
15.0,6,Improved-gOMP,optimized,0.000777805002144305,2.0829997083637863e-05,0.00044256999899516813,0.00018079699657391757,3.183100125170313e-05,2.2700041881762445e-06
15.0,7,Improved-gOMP,baseline,0.001972111000213772,2.1256993932183832e-05,0.0015386389968625735,0.00014052099140826613,3.6265999369788915e-05,2.9670009098481387e-06
15.0,7,Improved-gOMP,optimized,0.0007128009965526871,3.641200237325393e-05,0.0003943590018025134,0.00015947299834806472,2.4586999643361196e-05,2.1239939087536186e-06
15.0,8,Improved-gOMP,baseline,0.0015952190005918965,2.270600089104846e-05,0.0011742679998860694,0.00014915299834683537,3.214900061720982e-05,2.5569970603100955e-06
15.0,8,Improved-gOMP,optimized,0.0008810209983494133,2.1885996829951182e-05,0.0005196450001676567,0.00019226400036131963,3.757900049095042e-05,2.3509965103585273e-06
15.0,9,Improved-gOMP,baseline,0.0032213790000241715,3.3772001188481227e-05,0.00206417599474662,0.00016331900042132474,7.421600093948655e-05,0.0004107059976377059
15.0,9,Improved-gOMP,optimized,0.0013843900014762767,2.3974000214366242e-05,0.000788914996519452,0.00026520899336901493,4.070999420946464e-05,0.00010798099901876412
15.0,10,Improved-gOMP,baseline,0.0021051140029157978,2.7432000933913514e-05,0.0014831949993094895,0.00014735999866388738,3.302800178062171e-05,0.00012810900079784915
15.0,10,Improved-gOMP,optimized,0.000891018000402255,3.410499630263075e-05,0.0004970439949829597,0.00019675399744301103,3.445300171733834e-05,2.5190020096488297e-06
15.0,11,Improved-gOMP,baseline,0.0014679140003863722,1.880000127130188e-05,0.001121781999245286,0.00010986600318574347,2.4822995328577235e-05,2.5219997041858733e-06
15.0,11,Improved-gOMP,optimized,0.0007823360028851312,1.779500234988518e-05,0.0004421149969857652,0.00018316499699722044,2.766299803624861e-05,2.278997271787375e-06
15.0,12,Improved-gOMP,baseline,0.0011825779984064866,1.8613001884659752e-05,0.0008929000032367185,8.523699943907559e-05,2.1858995751244947e-05,2.064000000245869e-06
15.0,12,Improved-gOMP,optimized,0.0006427460029954091,1.6130998119479045e-05,0.00037001500095357187,0.00014481199832516722,2.3833999875932932e-05,1.972999598365277e-06
15.0,13,Improved-gOMP,baseline,0.0031810410000616685,3.863299571094103e-05,0.002245005001896061,0.00017522100461064838,0.0001326260025962256,0.0001388830060022883
15.0,13,Improved-gOMP,optimized,0.0008466730032523628,1.8852995708584785e-05,0.0004745030018966645,0.00021073400057503022,2.9030998121015728e-05,2.2759995772503316e-06
15.0,14,Improved-gOMP,baseline,0.0016132069977174979,2.276899613207206e-05,0.0012383899920678232,0.00011177500346093439,2.7048001356888562e-05,2.5800072762649506e-06
15.0,14,Improved-gOMP,optimized,0.0008403770007134881,2.3546002921648324e-05,0.0004947439992974978,0.00018474900207365863,3.091600228799507e-05,2.415003109490499e-06
15.0,15,Improved-gOMP,baseline,0.0017490850004833192,2.7354002668289468e-05,0.001325508997979341,0.00012247499762452208,3.1138006306719035e-05,2.8759968699887395e-06
15.0,15,Improved-gOMP,optimized,0.0008147270018525887,1.8583999917609617e-05,0.00047829300456214696,0.00018197800091002136,2.7785001293523237e-05,2.3650027287658304e-06
15.0,16,Improved-gOMP,baseline,0.001438750001398148,2.3078002413967624e-05,0.001083767998352414,0.00010252999709337018,2.659300298546441e-05,2.4910004867706448e-06
15.0,16,Improved-gOMP,optimized,0.0007738559979770798,2.0337000023573637e-05,0.00043560400445130654,0.00017120900520239957,3.148900214000605e-05,2.9419970815069973e-06
15.0,17,Improved-gOMP,baseline,0.002578335999714909,2.378300268901512e-05,0.0017316139965259936,0.0001589819985383656,2.9978997190482914e-05,0.000336331006110413
15.0,17,Improved-gOMP,optimized,0.0012774089991580695,2.4523007596144453e-05,0.0006943110056454316,0.00024594299975433387,3.6986006307415664e-05,0.00011982200885540806
15.0,18,Improved-gOMP,baseline,0.0018326110002817586,2.4319997464772314e-05,0.0012454220013751183,0.00012365300062811002,2.6918005460174754e-05,0.00013695699090021662
15.0,18,Improved-gOMP,optimized,0.0009763220004970208,2.2733001969754696e-05,0.0005810449983982835,0.00022073500440455973,3.690300218295306e-05,2.544002200011164e-06
15.0,19,Improved-gOMP,baseline,0.0027017859974876046,2.5299999833805487e-05,0.001840598000853788,0.0001566969986015465,3.237899727537297e-05,0.0003407849981158506
15.0,19,Improved-gOMP,optimized,0.0009837249999691267,1.8291993910679594e-05,0.0004960210026183631,0.00019186699864803813,2.8135997126810253e-05,0.00012319099914748222
15.0,20,Improved-gOMP,baseline,0.001627492001716746,2.160900112357922e-05,0.0012522449978860095,0.00011412600360927172,2.6776993763633072e-05,2.4079963623080403e-06
15.0,20,Improved-gOMP,optimized,0.0008309670010930859,2.1453997760545462e-05,0.00047453899969696067,0.00020126100207562558,2.952499926323071e-05,2.2899948817212135e-06
15.0,21,Improved-gOMP,baseline,0.0017371899994031992,2.17749948205892e-05,0.0013337149975995999,0.00011854999684146605,2.6443001843290403e-05,2.5509980332572013e-06
15.0,21,Improved-gOMP,optimized,0.0007501149993913714,1.7758997273631394e-05,0.0004310020049160812,0.00017111100169131532,2.6542998966760933e-05,2.2999993234407157e-06
15.0,22,Improved-gOMP,baseline,0.0023943579981278162,6.806500459788367e-05,0.0015869339986238629,0.00012804400103050284,3.3580003218958154e-05,0.00015352699483628385
15.0,22,Improved-gOMP,optimized,0.0009776400002010632,2.4300006771227345e-05,0.0005707969976356253,0.00021758500588475727,4.585400165524334e-05,2.7320056688040495e-06
15.0,23,Improved-gOMP,baseline,0.0007952899977681227,1.3585999113274738e-05,0.0005899690040678252,5.263000275590457e-05,1.3913999282522127e-05,1.486998371547088e-06
15.0,23,Improved-gOMP,optimized,0.0006303500013018493,1.4045996067579836e-05,0.00034821500230464153,0.00015585500295856036,2.685400249902159e-05,1.7140009731519967e-06
15.0,24,Improved-gOMP,baseline,0.0017381819998263381,2.5440000172238797e-05,0.0012303899966354948,0.00010950299838441424,0.0001228789951710496,3.3809992601163685e-06
15.0,24,Improved-gOMP,optimized,0.0007963249991007615,2.094799856422469e-05,0.000460915998701239,0.00017683199985185638,2.9873994208173826e-05,2.396001946181059e-06
15.0,25,Improved-gOMP,baseline,0.0015404339974338654,2.223399860667996e-05,0.0011487710071378388,0.0001121829918702133,2.5036999431904405e-05,2.435997885186225e-06
15.0,25,Improved-gOMP,optimized,0.0007501239997509401,1.762000101734884e-05,0.0004374270029074978,0.0001697859916021116,2.6179994165431708e-05,2.1470004867296666e-06
15.0,26,Improved-gOMP,baseline,0.0015452949992322829,2.2780001017963514e-05,0.0011544050030352082,0.00012406300083966926,3.1146999390330166e-05,2.706001396290958e-06
15.0,26,Improved-gOMP,optimized,0.0007518889979110099,2.110900095431134e-05,0.0004167869919911027,0.00016197900549741462,4.02469995606225e-05,2.2070016711950302e-06
15.0,27,Improved-gOMP,baseline,0.0016260600023088045,1.907499972730875e-05,0.0011114769986306783,0.00010959300198010169,2.4035001843003556e-05,0.0001370979989587795
15.0,27,Improved-gOMP,optimized,0.0008908169984351844,1.851900015026331e-05,0.00045717899411101826,0.00017657399803283624,2.6417998014949262e-05,0.00010081700384034775
15.0,28,Improved-gOMP,baseline,0.0011947379971388727,1.836500086938031e-05,0.0009095379973587114,8.969800182967447e-05,2.260500332340598e-05,2.072996721835807e-06
15.0,28,Improved-gOMP,optimized,0.001006359001621604,6.238399510039017e-05,0.0005593320056505036,0.0002322569998796098,3.708499934873544e-05,2.314998710062355e-06
15.0,29,Improved-gOMP,baseline,0.0019728150000446476,2.213500556536019e-05,0.001329355000052601,0.00016116599726956338,3.583399666240439e-05,0.00013604500418296084
15.0,29,Improved-gOMP,optimized,0.0008770169988565613,1.7626003682380542e-05,0.0004451849999895785,0.00017734800348989666,2.63639994955156e-05,9.85730039246846e-05
20.0,0,Improved-gOMP,baseline,0.0028388649989210535,3.178300175932236e-05,0.0018753309996100143,0.0002787140037980862,6.21129984210711e-05,0.00018715999613050371
20.0,0,Improved-gOMP,optimized,0.0013939689997641835,3.3821001125033945e-05,0.0007491759970434941,0.00028318899421719834,5.228500231169164e-05,0.00010648199895513244
20.0,1,Improved-gOMP,baseline,0.002045940000243718,2.809499710565433e-05,0.0014534329966409132,0.00014102000568527728,3.198600097675808e-05,0.0001267709994863253
20.0,1,Improved-gOMP,optimized,0.0010669210023479536,2.4426000891253352e-05,0.0005165889997442719,0.00020306999795138836,3.5348999517736956e-05,0.00014767599714105017
20.0,2,Improved-gOMP,baseline,0.0028647629987972323,2.600500374683179e-05,0.001747725997120142,0.00019145600163028575,3.629399725468829e-05,0.0005360360009944998
20.0,2,Improved-gOMP,optimized,0.001597681999555789,2.6579000405035913e-05,0.0009497690007265192,0.00029064900445519015,4.2200997995678335e-05,0.00011997400360996835
20.0,3,Improved-gOMP,baseline,0.002004367001063656,2.8990994906052947e-05,0.0013855400029569864,0.00013547799972002394,3.294700218248181e-05,0.0001195699987874832
20.0,3,Improved-gOMP,optimized,0.0010107210000569467,2.433500048937276e-05,0.0005081420022179373,0.0001971829988178797,3.5524000850273296e-05,0.00012261699885129929
20.0,4,Improved-gOMP,baseline,0.0026955389985232614,2.6402994990348816e-05,0.0019276050006737933,0.00022667199664283544,4.152699693804607e-05,0.00015804899157956243
20.0,4,Improved-gOMP,optimized,0.0014429930015467107,3.006099723279476e-05,0.000838404997921316,0.0002484499964339193,3.8893002056283876e-05,0.00011630200242507271
20.0,5,Improved-gOMP,baseline,0.0016264059995592106,2.301199856447056e-05,0.0012395320118230302,0.00011609599823714234,2.828100332408212e-05,2.4909968487918377e-06
20.0,5,Improved-gOMP,optimized,0.0007827800000086427,2.1241994545562193e-05,0.00045779999345541,0.00017294300050707534,3.0233004508772865e-05,2.149005013052374e-06
20.0,6,Improved-gOMP,baseline,0.003343919997860212,3.166500027873553e-05,0.00239840599897434,0.0002510090016585309,0.00013724699965678155,0.0001425849986844696
20.0,6,Improved-gOMP,optimized,0.0008436150019406341,1.889699706225656e-05,0.0004804520031029824,0.0002043169952230528,2.8973998269066215e-05,2.3649990907870233e-06
20.0,7,Improved-gOMP,baseline,0.002181171999836806,2.8910995752085e-05,0.001493810999818379,0.00015543599511147477,3.561999983503483e-05,0.0001638670037209522
20.0,7,Improved-gOMP,optimized,0.0010492800029169302,3.5678000131156296e-05,0.0005374130014388356,0.00020374100131448358,3.462500171735883e-05,0.00010442999700899236
20.0,8,Improved-gOMP,baseline,0.0020782030005648267,2.3307005903916433e-05,0.0014878540023346432,0.00014297800225904211,3.0077000701567158e-05,0.00012945599519298412
20.0,8,Improved-gOMP,optimized,0.0010242179996566847,2.0999003027100116e-05,0.0005290279987093527,0.00020120700355619192,3.1263996788766235e-05,9.990200123866089e-05
20.0,9,Improved-gOMP,baseline,0.0024814319986035116,2.695900184335187e-05,0.0016428819981229026,0.00014747200111742131,3.206999826943502e-05,0.0003518350022204686
20.0,9,Improved-gOMP,optimized,0.0011395980000088457,2.6357000024290755e-05,0.0005958520050626248,0.00023094699645298533,4.079899372300133e-05,0.00010890999328694306
20.0,10,Improved-gOMP,baseline,0.0030913490008970257,3.7726000300608575e-05,0.002211188002547715,0.00021722599922213703,4.438299947651103e-05,0.00015130600513657555
20.0,10,Improved-gOMP,optimized,0.0010394169985374901,2.2836004063719884e-05,0.0005341249961929861,0.00020649300495279022,3.400800051167607e-05,0.0001093360006052535
20.0,11,Improved-gOMP,baseline,0.0020807229993806686,2.7821002731798217e-05,0.001468795002438128,0.00014526699305861257,3.366299642948434e-05,0.00013392399705480784
20.0,11,Improved-gOMP,optimized,0.0010588879995339084,2.453100387356244e-05,0.0005293790018185973,0.00020890499581582844,4.6858003770466894e-05,0.00011559799531823955
20.0,12,Improved-gOMP,baseline,0.002102529997500824,2.4387009034398943e-05,0.0014881529968988616,0.00014429799921344966,2.9440998332574964e-05,0.00013950200082035735
20.0,12,Improved-gOMP,optimized,0.0010619370004860684,2.089199551846832e-05,0.0005304069964040536,0.000201860999368364,3.1821997254155576e-05,0.00014149400158203207
20.0,13,Improved-gOMP,baseline,0.0014971550008340273,2.1308002033038065e-05,0.0011502010020194575,9.932399916579016e-05,2.664500061655417e-05,2.5199951778631657e-06
20.0,13,Improved-gOMP,optimized,0.000755924000259256,1.9978997443104163e-05,0.0004197210000711493,0.00018315299530513585,2.9463000828400254e-05,2.2659987735096365e-06
20.0,14,Improved-gOMP,baseline,0.002451521002512891,2.4752007448114455e-05,0.0016144420042110141,0.0001453039985790383,2.8853995900135487e-05,0.00034765400050673634
20.0,14,Improved-gOMP,optimized,0.0010720319987740368,2.147100167348981e-05,0.0005664749987772666,0.00020729899551952258,3.6641995393438265e-05,0.00010243800352327526
20.0,15,Improved-gOMP,baseline,0.003484681001282297,3.3487998734926805e-05,0.002342977993976092,0.00022125000396044925,5.6824006605893373e-05,0.00044415700176614337
20.0,15,Improved-gOMP,optimized,0.0011007569992216304,2.5200002710334957e-05,0.0005461539985844865,0.000237774002016522,3.7232006434351206e-05,0.00011814299432444386
20.0,16,Improved-gOMP,baseline,0.0020399170025484636,2.4925997422542423e-05,0.0014159370039124042,0.00014243799887481146,2.9389997507678345e-05,0.00012790499749826267
20.0,16,Improved-gOMP,optimized,0.0010651289994711988,2.165699697798118e-05,0.0005648099941026885,0.00021334199846023694,3.2582996936980635e-05,0.00010521399963181466
20.0,17,Improved-gOMP,baseline,0.0035963810005341657,4.019600237370469e-05,0.0022891039989190176,0.00035383599606575444,0.00010477600153535604,0.0003563920072338078
20.0,17,Improved-gOMP,optimized,0.0010515540016058367,2.50710072577931e-05,0.0005371709994506091,0.00022198999431566335,3.639599890448153e-05,0.0001017949944071006
20.0,18,Improved-gOMP,baseline,0.0024500930012436584,2.3736000002827495e-05,0.0016156679994310252,0.00016423499619122595,3.183399894624017e-05,0.00033491400245111436
20.0,18,Improved-gOMP,optimized,0.001360776001092745,2.2045998775865883e-05,0.0006083759944885969,0.00022400400121114217,3.65330015483778e-05,0.00031490800392930396
20.0,19,Improved-gOMP,baseline,0.0025756590002856683,2.8974998713238165e-05,0.0016889539983822033,0.00016482699720654637,5.7680997997522354e-05,0.0003384489973541349
20.0,19,Improved-gOMP,optimized,0.0014091360026213806,2.510500416974537e-05,0.000568662002478959,0.00023910800155135803,4.5641001634066924e-05,0.0003996079940407071
20.0,20,Improved-gOMP,baseline,0.0022935240012884606,2.3089000023901463e-05,0.001619496997591341,0.00014604600073653273,3.049700171686709e-05,0.00015465500473510474
20.0,20,Improved-gOMP,optimized,0.0015094900008989498,2.348099951632321e-05,0.0007892190042184666,0.0003168379989801906,4.02349978685379e-05,0.0001370819991279859
20.0,21,Improved-gOMP,baseline,0.0020227999993949197,2.7002992283087224e-05,0.0014062589980312623,0.0001588300001458265,3.616699541453272e-05,0.00013202500122133642
20.0,21,Improved-gOMP,optimized,0.0007576399984827731,1.9743001757888123e-05,0.0004365229979157448,0.00016584799959673546,3.4512999263824895e-05,2.377000782871619e-06
20.0,22,Improved-gOMP,baseline,0.0021754490007879212,2.8087997634429485e-05,0.0014694110031996388,0.00014144499800750054,3.065100099775009e-05,0.00012456399417715147
20.0,22,Improved-gOMP,optimized,0.0007500689971493557,1.7908001609612256e-05,0.000434288005635608,0.00016893499923753552,2.6186993636656553e-05,2.063006832031533e-06
20.0,23,Improved-gOMP,baseline,0.0025153920032607857,2.660399695741944e-05,0.00166879799508024,0.00016727599722798914,3.5601005947683007e-05,0.00034025100467260927
20.0,23,Improved-gOMP,optimized,0.001379542998620309,2.7400001272326335e-05,0.0006349850009428337,0.00022183900364325382,3.9159996958915144e-05,0.00031559699345962144
20.0,24,Improved-gOMP,baseline,0.0022942639989196323,2.93140001303982e-05,0.0016171960050996859,0.0001707419978629332,3.728100273292512e-05,0.00013343300088308752
20.0,24,Improved-gOMP,optimized,0.0010281920003762934,2.132100416929461e-05,0.000527533997228602,0.00021857300089322962,3.39030048053246e-05,9.854699965217151e-05
20.0,25,Improved-gOMP,baseline,0.002791984999930719,3.1350995413959026e-05,0.0018729610019363463,0.00017628899877308868,3.952299812226556e-05,0.0003391370009921957
20.0,25,Improved-gOMP,optimized,0.0016123299974424299,3.1744006264489144e-05,0.0007691789978707675,0.0002928079993580468,4.556900239549577e-05,0.00030558599974028766
20.0,26,Improved-gOMP,baseline,0.002060947001155,2.508200122974813e-05,0.0014625149997300468,0.00014904300405760296,2.9618000553455204e-05,0.0001244469931407366
20.0,26,Improved-gOMP,optimized,0.001007241000479553,2.1497999114217237e-05,0.0005239809979684651,0.0002018369996221736,3.2205000024987385e-05,9.885199688142166e-05
20.0,27,Improved-gOMP,baseline,0.0015024370004539378,3.652400118880905e-05,0.001142224995419383,0.00010334500257158652,2.7165999199496582e-05,2.6140005502384156e-06
20.0,27,Improved-gOMP,optimized,0.0009421619979548268,2.3859000066295266e-05,0.0004686379979830235,0.00030413900094572455,3.6627996450988576e-05,2.3080028768163174e-06
20.0,28,Improved-gOMP,baseline,0.002213556999777211,2.5956996978493407e-05,0.0015195240011962596,0.0001533859976916574,3.0819002859061584e-05,0.0002001470056711696
20.0,28,Improved-gOMP,optimized,0.0007683099975110963,1.8206003005616367e-05,0.00044441599675337784,0.00017353600560454652,2.7157002477906644e-05,2.321001375094056e-06
20.0,29,Improved-gOMP,baseline,0.0022105579992057756,2.8065998776583e-05,0.0015804680006112903,0.00015038299898151308,3.3558000723132864e-05,0.00013358599971979856
20.0,29,Improved-gOMP,optimized,0.0010383509979874361,2.3721000616205856e-05,0.0005195519988774322,0.00020657100321841426,3.9064001612132415e-05,0.00012250501094968058
25.0,0,Improved-gOMP,baseline,0.0021785910030303057,2.4674998712725937e-05,0.0015362290032499004,0.00014518799798679538,2.971499998238869e-05,0.00015459299902431667
25.0,0,Improved-gOMP,optimized,0.00135734300056356,2.5332003133371472e-05,0.0007759299951430876,0.0002567710034782067,4.2716994357760996e-05,0.00010714898962760344
25.0,1,Improved-gOMP,baseline,0.0021473420019901823,3.029100116691552e-05,0.0014947039999242406,0.00014606499826186337,4.355999772087671e-05,0.00014146299872663803
25.0,1,Improved-gOMP,optimized,0.0012270410006749444,2.663799750735052e-05,0.0006225330034794752,0.00024080800358206034,4.357099533081055e-05,0.0001493639974796679
25.0,2,Improved-gOMP,baseline,0.002052943000308005,2.392799433437176e-05,0.0014521670018439181,0.00013933199807070196,3.940100214094855e-05,0.00012528899969765916
25.0,2,Improved-gOMP,optimized,0.0012080619999323972,2.4421005946351215e-05,0.0005833649956912268,0.0002736629903665744,5.707600575988181e-05,0.0001213590003317222
25.0,3,Improved-gOMP,baseline,0.0025420470010431018,2.8217993531143293e-05,0.0016941150024649687,0.00014723099957336672,3.2443997042719275e-05,0.00034741500348900445
25.0,3,Improved-gOMP,optimized,0.0010525830002734438,2.431599932606332e-05,0.0005395150001277216,0.00020350799604784697,3.617500624386594e-05,0.00011805999747593887
25.0,4,Improved-gOMP,baseline,0.0021923380008956883,3.44179970852565e-05,0.0013797440005873796,0.00013279900304041803,2.8766000468749553e-05,0.0003395789972273633
25.0,4,Improved-gOMP,optimized,0.0011389090032025706,2.5163004465866834e-05,0.0005832829920109361,0.00023703999613644555,3.949799793190323e-05,0.00011754299703170545
25.0,5,Improved-gOMP,baseline,0.0020911040010105353,2.996300463564694e-05,0.0014362170004460495,0.00014568200276698917,4.096200063941069e-05,0.0001437110076949466
25.0,5,Improved-gOMP,optimized,0.001067745000909781,2.5098997866734862e-05,0.0005498950049513951,0.0002027670016104821,4.0052000258583575e-05,0.00011767999967560172
25.0,6,Improved-gOMP,baseline,0.002459307997924043,2.366699482081458e-05,0.0016354869985661935,0.00016782500460976735,3.290899621788412e-05,0.0003185179994034115
25.0,6,Improved-gOMP,optimized,0.0010285429998475593,2.152399974875152e-05,0.0005444329981401097,0.00020257399592082947,3.31920018652454e-05,0.00010164100240217522
25.0,7,Improved-gOMP,baseline,0.002006509002967505,2.7898000553250313e-05,0.0013813209989166353,0.0001423090034222696,3.294800262665376e-05,0.0001487199988332577
25.0,7,Improved-gOMP,optimized,0.0010689189984987024,2.5656998332124203e-05,0.0005734469996241387,0.00020676900385296904,3.5190998460166156e-05,0.00010044699956779368
25.0,8,Improved-gOMP,baseline,0.0029383719993347768,3.981900226790458e-05,0.0019306599970150273,0.00015293199612642638,3.152399949613027e-05,0.00046121099876472726
25.0,8,Improved-gOMP,optimized,0.0013380570017034188,2.110199784510769e-05,0.0005557290023716632,0.0002099679986713454,3.31759947584942e-05,0.00037446999340318143
25.0,9,Improved-gOMP,baseline,0.0020397070002218243,2.686799780349247e-05,0.001397455002006609,0.00015438400441780686,3.297699731774628e-05,0.00012085200432920828
25.0,9,Improved-gOMP,optimized,0.0007851089976611547,2.1082003513583913e-05,0.000454621000244515,0.0001751589952618815,3.151700002490543e-05,2.3890024749562144e-06
25.0,10,Improved-gOMP,baseline,0.0025663790001999587,2.8554997697938234e-05,0.0018291390006197616,0.00018068001008941792,3.6740002542501315e-05,0.00014702100088470615
25.0,10,Improved-gOMP,optimized,0.0013259570005175192,2.181299714720808e-05,0.000552883000636939,0.00021042200387455523,3.27059933624696e-05,0.00037886900463490747
25.0,11,Improved-gOMP,baseline,0.0024914229979913216,2.623999898787588e-05,0.0016799039949546568,0.0001446150017727632,3.2420004572486505e-05,0.000330928000039421
25.0,11,Improved-gOMP,optimized,0.0011677340007736348,2.731999848037958e-05,0.0005366679943108466,0.0002554180027800612,4.955199983669445e-05,0.0001304320030612871
25.0,12,Improved-gOMP,baseline,0.0015346619984484278,1.8583003111416474e-05,0.0011740410045604222,0.00010754600225482136,2.5501998607069254e-05,2.5759982236195356e-06
25.0,12,Improved-gOMP,optimized,0.0008490410000376869,1.8594997527543455e-05,0.00047549100054311566,0.0002061500053969212,2.983499871334061e-05,2.430999302305281e-06
25.0,13,Improved-gOMP,baseline,0.0031165619984676596,3.8326998037518933e-05,0.0020107840027776547,0.00044069600335205905,7.256900062202476e-05,0.00016033099382184446
25.0,13,Improved-gOMP,optimized,0.001224731000547763,2.6117999368580058e-05,0.0006438280070142355,0.00024851000125636347,3.955500142183155e-05,0.00012154399883002043
25.0,14,Improved-gOMP,baseline,0.0027899759988940787,3.221799852326512e-05,0.002012542994634714,0.00019312900258228183,4.175799767835997e-05,0.0001415839979017619
25.0,14,Improved-gOMP,optimized,0.001088217002688907,2.2134998289402574e-05,0.0005504460095835384,0.0002245190044050105,3.3829994208645076e-05,0.00010712999210227281
25.0,15,Improved-gOMP,baseline,0.0020799230005650315,2.7673999284161255e-05,0.0014563620025001,0.00015260000509442762,3.3472999348305166e-05,0.00012900200090371072
25.0,15,Improved-gOMP,optimized,0.0015767629993206356,3.592999928514473e-05,0.0008740829980524722,0.0002868029987439513,4.329799776314758e-05,0.00016501500067533925
25.0,16,Improved-gOMP,baseline,0.0026826129978871904,2.506500095478259e-05,0.0017741660012688953,0.0001538600008643698,3.0955998227000237e-05,0.0003829400011454709
25.0,16,Improved-gOMP,optimized,0.0013427900012175087,2.1964999177725986e-05,0.0005561929974646773,0.00020706999930553138,3.3147003705380484e-05,0.0003959070018026978
25.0,17,Improved-gOMP,baseline,0.002441988999635214,2.6149002223974094e-05,0.0016304230011883192,0.00014776000534766354,3.183100125170313e-05,0.00034152900116168894
25.0,17,Improved-gOMP,optimized,0.0010909160009759944,2.484999640728347e-05,0.0005873480040463619,0.00020786199820577167,3.5556000511860475e-05,0.0001020239942590706
25.0,18,Improved-gOMP,baseline,0.0020282450022932608,2.4330001906491816e-05,0.001407296000252245,0.0001336899986199569,3.259900040575303e-05,0.0001299119867326226
25.0,18,Improved-gOMP,optimized,0.001117239000450354,2.2413001715904102e-05,0.0005803639978694264,0.00020384900562930852,3.5745000786846504e-05,0.0001398029999108985
25.0,19,Improved-gOMP,baseline,0.003245691998017719,3.606999962357804e-05,0.0020273700029065367,0.0002558049964136444,5.87760005146265e-05,0.000479073994938517
25.0,19,Improved-gOMP,optimized,0.0011504270005389117,2.6499994419282302e-05,0.0005824300060339738,0.00023671599774388596,3.83280057576485e-05,0.00012614799925358966
25.0,20,Improved-gOMP,baseline,0.0028496649974840693,3.0779996450291947e-05,0.001919913000165252,0.0001818959972297307,3.8133006455609575e-05,0.00034494900319259614
25.0,20,Improved-gOMP,optimized,0.001298053000937216,2.5747998734004796e-05,0.000621664003119804,0.00032615300006000325,4.478099799598567e-05,0.00011800900028902106
25.0,21,Improved-gOMP,baseline,0.002158308998332359,2.643600237206556e-05,0.0015521049972448964,0.00014467499931924976,3.2149997423402965e-05,0.00013749000572715886
25.0,21,Improved-gOMP,optimized,0.0010278900008415803,2.454700370435603e-05,0.0005253359995549545,0.00021314900732249953,3.512899638735689e-05,0.00010026399831986055
25.0,22,Improved-gOMP,baseline,0.003063014999497682,3.589500192902051e-05,0.0018700639957387466,0.00016425300418632105,3.2080995879368857e-05,0.0006229249920579605
25.0,22,Improved-gOMP,optimized,0.0016330399994330946,4.658000761992298e-05,0.000849157997436123,0.0003038549984921701,5.2653002057923004e-05,0.00011112300489912741
25.0,23,Improved-gOMP,baseline,0.0022887929990247358,3.0241000786190853e-05,0.0014160680038912687,0.0002551100005803164,7.45510078559164e-05,0.0001421209999534767
25.0,23,Improved-gOMP,optimized,0.001096803000109503,2.4722001398913562e-05,0.0005664249983965419,0.00020839200078626163,3.6120996810495853e-05,0.0001247120017069392
25.0,24,Improved-gOMP,baseline,0.002665803000127198,2.819699511746876e-05,0.0019564950052881613,0.00017743799253366888,3.21870029438287e-05,0.00014837300113867968
25.0,24,Improved-gOMP,optimized,0.001304426998103736,2.623100226628594e-05,0.0007013960057520308,0.000245554001594428,4.214699947624467e-05,0.00011295600415905938
25.0,25,Improved-gOMP,baseline,0.001521759000752354,2.3369997506961226e-05,0.0011608649947447702,0.00011044799248338677,2.763099837466143e-05,2.3280044842977077e-06
25.0,25,Improved-gOMP,optimized,0.0007902729994384572,2.0340994524303824e-05,0.0004637259953597095,0.0001748369977576658,2.9067003197269514e-05,5.300000339047983e-06
25.0,26,Improved-gOMP,baseline,0.002575679998699343,2.7781003154814243e-05,0.0018167789930885192,0.00016996899648802355,3.519000529195182e-05,0.00013457699969876558
25.0,26,Improved-gOMP,optimized,0.001177875998109812,2.3997999960556626e-05,0.0006112500013841782,0.00024503700115019456,3.617200127337128e-05,0.0001119820044550579
25.0,27,Improved-gOMP,baseline,0.0026086690013471525,3.178099723299965e-05,0.0017056999968190212,0.00015930299923638813,4.21739969169721e-05,0.00032338500022888184
25.0,27,Improved-gOMP,optimized,0.0013803430010739248,2.6604004233377054e-05,0.0005620969968731515,0.00021804699645144865,3.5338995076017454e-05,0.0003817630022240337
25.0,28,Improved-gOMP,baseline,0.0035843030018440913,3.4507007512729615e-05,0.002367178996792063,0.0002781430084723979,5.956399763817899e-05,0.00044084000182920136
25.0,28,Improved-gOMP,optimized,0.0016534839996893425,2.8585996915353462e-05,0.0008937100028560963,0.0003702990034071263,6.435800605686381e-05,0.00011710999751812778
25.0,29,Improved-gOMP,baseline,0.0020871250017080456,2.9290000384207815e-05,0.0014715600009367336,0.00014482900587609038,3.437599661992863e-05,0.0001266450017283205
25.0,29,Improved-gOMP,optimized,0.0010713049996411428,2.404100087005645e-05,0.0005585740000242367,0.00021639500118908472,3.633199230534956e-05,0.00010651699994923547
30.0,0,Improved-gOMP,baseline,0.0022876570001244545,2.9221999284345657e-05,0.0015987549995770678,0.00017972400019061752,4.127499778405763e-05,0.00014705100329592824
30.0,0,Improved-gOMP,optimized,0.0014444420012296177,2.9380000341916457e-05,0.0007437149979523383,0.00033105400143540464,5.096200402476825e-05,0.00012426900138962083
30.0,1,Improved-gOMP,baseline,0.0021938270001555793,2.396399577264674e-05,0.0014821460026723798,0.00015123499542823993,3.596900205593556e-05,0.00015390100088552572
30.0,1,Improved-gOMP,optimized,0.0010335589977330528,2.0798994228243828e-05,0.0005326270002115052,0.00021081299928482622,3.314399873488583e-05,0.00010859200119739398
30.0,2,Improved-gOMP,baseline,0.0025583389979146887,2.6969002647092566e-05,0.0017401469995093066,0.00015063599857967347,3.146599920000881e-05,0.0003318619928904809
30.0,2,Improved-gOMP,optimized,0.0012005460012005642,2.548500197008252e-05,0.0005497819984157104,0.00020899399896734394,3.504100095597096e-05,0.00023309299285756424
30.0,3,Improved-gOMP,baseline,0.002875167003367096,0.0001073909988917876,0.0018416839993733447,0.00015380300101242028,3.363299765624106e-05,0.00037126900133443996
30.0,3,Improved-gOMP,optimized,0.0013645969993376639,2.2690997866448015e-05,0.0005537860015465412,0.0002163889912480954,3.485699926386587e-05,0.00040554699444328435
30.0,4,Improved-gOMP,baseline,0.0027085610017820727,3.085299613303505e-05,0.001948037006513914,0.00017824600217863917,4.1940998926293105e-05,0.00015195899322861806
30.0,4,Improved-gOMP,optimized,0.0015944129991112277,3.0112001695670187e-05,0.0008105880006041843,0.0003112999984296039,6.010199649608694e-05,0.00013866799054085277
30.0,5,Improved-gOMP,baseline,0.002317575999768451,3.858199488604441e-05,0.0016839850031828973,0.00014298499445430934,2.9585997253889218e-05,0.000130342992633814
30.0,5,Improved-gOMP,optimized,0.001053302999935113,2.113899972755462e-05,0.0005612210006802343,0.0002089789959427435,3.247499989811331e-05,0.00010033499711425975
30.0,6,Improved-gOMP,baseline,0.0028944030018465128,2.6426001568324864e-05,0.0014710289979120716,0.0001401089975843206,3.14050012093503e-05,0.0004316220001783222
30.0,6,Improved-gOMP,optimized,0.0013168420009606052,2.7939004212385044e-05,0.0007274399977177382,0.00024399799804086797,4.042900036438368e-05,0.00012460300786187872
30.0,7,Improved-gOMP,baseline,0.0023431670015270356,2.744400262599811e-05,0.0016694570040272083,0.00016215599316637963,3.4525997762102634e-05,0.0001458589977119118
30.0,7,Improved-gOMP,optimized,0.001567939998494694,3.010299406014383e-05,0.0006626690046687145,0.00026781899941852316,4.2075997043866664e-05,0.00040501799594494514
30.0,8,Improved-gOMP,baseline,0.0026098230009665713,2.8662001568591222e-05,0.0018380240035185125,0.0001686709983914625,3.729499439941719e-05,0.00022743999579688534
30.0,8,Improved-gOMP,optimized,0.0018159489991376176,3.098400338785723e-05,0.0010910369965131395,0.00035395599843468517,4.7751997044542804e-05,0.0001121360037359409
30.0,9,Improved-gOMP,baseline,0.0022428030024457257,2.5244000426027924e-05,0.0016247980020125397,0.00014630800069426186,3.0654995498480275e-05,0.0001316070010943804
30.0,9,Improved-gOMP,optimized,0.00105139299921575,2.1521002054214478e-05,0.0005627140017168131,0.0002058790014416445,3.250399822718464e-05,9.86259983619675e-05
30.0,10,Improved-gOMP,baseline,0.0023992649985302705,2.7021003916161135e-05,0.0016087539952422958,0.00014679199375677854,3.1139996281126514e-05,0.00032209699929808266
30.0,10,Improved-gOMP,optimized,0.001461437001125887,2.507000681362115e-05,0.0005691770020348486,0.0002381590020377189,4.166500366409309e-05,0.00042729500273708254
30.0,11,Improved-gOMP,baseline,0.0031801149998500478,3.0765000701649114e-05,0.0021089290021336637,0.00018961200112244114,3.497599027468823e-05,0.0004567399955703877
30.0,11,Improved-gOMP,optimized,0.001329244998487411,5.899099778616801e-05,0.0006506239988084417,0.00023898099243524484,3.668799399747513e-05,0.00012006600081804208
30.0,12,Improved-gOMP,baseline,0.0021439140000438783,2.7442998543847352e-05,0.0015137660011532716,0.0001477369987696875,4.679999256040901e-05,0.00013339799625100568
30.0,12,Improved-gOMP,optimized,0.0011127480029244907,2.4351003958145157e-05,0.0005696939988411032,0.00021269599892548285,3.636500332504511e-05,0.00012436900215107016
30.0,13,Improved-gOMP,baseline,0.0025384770015079994,3.0334002076415345e-05,0.0017060299978766125,0.0002643750012794044,5.800799772259779e-05,0.00015620700651197694
30.0,13,Improved-gOMP,optimized,0.0010630010001477785,2.267599120386876e-05,0.0005569969944190234,0.00021377700250013731,3.23129934258759e-05,0.0001054720014508348
30.0,14,Improved-gOMP,baseline,0.002131769000698114,2.7084999601356685e-05,0.001493470001150854,0.00016721499923733063,3.6025001463713124e-05,0.00013564600521931425
30.0,14,Improved-gOMP,optimized,0.0010810339990712237,2.5480003387201577e-05,0.0005627059945254587,0.00022269300097832456,3.4996999602299184e-05,0.00010329999349778518
30.0,15,Improved-gOMP,baseline,0.0025613110010453966,2.579200008767657e-05,0.001688620999630075,0.00015094599439180456,2.9697002901230007e-05,0.00034803299786290154
30.0,15,Improved-gOMP,optimized,0.0010439640027470887,2.128700361936353e-05,0.0005559210039791651,0.00020443500034161843,3.1995998142519966e-05,0.00010258800466544926
30.0,16,Improved-gOMP,baseline,0.002976492996822344,2.7866000891663134e-05,0.001988737996725831,0.00016878099995665252,4.0388993511442095e-05,0.00040994300434249453
30.0,16,Improved-gOMP,optimized,0.0019442170014372095,2.826799391186796e-05,0.0008372549964406062,0.00029794900183333084,4.655100201489404e-05,0.0005748980038333684
30.0,17,Improved-gOMP,baseline,0.0022247009983402677,2.7730002329917625e-05,0.0015871539981162641,0.00016124200192280114,3.4934000723296776e-05,0.0001272570043511223
30.0,17,Improved-gOMP,optimized,0.0010840389986697119,2.337599653401412e-05,0.0005479010033013765,0.00022257900491240434,5.157599662197754e-05,0.00010775099872262217
30.0,18,Improved-gOMP,baseline,0.0028398110007401556,6.590000339201652e-05,0.0018426670067128725,0.0002892519987653941,6.748199666617438e-05,0.00018479699429008178
30.0,18,Improved-gOMP,optimized,0.0012965370005986188,2.7930997021030635e-05,0.0006834719970356673,0.0002705730003071949,4.357500438345596e-05,0.00011851899762405083
30.0,19,Improved-gOMP,baseline,0.002687764001166215,2.4145996576407924e-05,0.0019002520020876545,0.0001619850008864887,3.586100137908943e-05,0.0002457980008330196
30.0,19,Improved-gOMP,optimized,0.0015689399988332298,2.8942002245457843e-05,0.0008841419985401444,0.0003057830035686493,4.467700273380615e-05,0.00011791200449806638
30.0,20,Improved-gOMP,baseline,0.002174193999962881,2.8397993446560577e-05,0.0015430519997607917,0.00014627400014433078,3.568700049072504e-05,0.00013148500511306338
30.0,20,Improved-gOMP,optimized,0.0014554090012097731,2.9910006560385227e-05,0.0006290240053203888,0.00022863999402034096,4.3619005737127736e-05,0.00038177399983396754
30.0,21,Improved-gOMP,baseline,0.002430429001833545,2.587699782452546e-05,0.0017091439985961188,0.00015656599498470314,3.090199606958777e-05,0.00015381599951069802
30.0,21,Improved-gOMP,optimized,0.001386976000503637,2.5127999833784997e-05,0.0007106500015652273,0.00025126300170086324,4.3052998080383986e-05,0.0001301240008615423
30.0,22,Improved-gOMP,baseline,0.0026448870012245607,2.6260004233336076e-05,0.0016324310017807875,0.00015120100215426646,3.2097996154334396e-05,0.000500489000842208
30.0,22,Improved-gOMP,optimized,0.0013341349986148998,2.757800029939972e-05,0.0006442689918912947,0.00026179699852946214,4.852200436289422e-05,0.0001869449988589622
30.0,23,Improved-gOMP,baseline,0.0022265490006248,2.4949000362539664e-05,0.0015992150001693517,0.00015014999735285528,3.1409002986038104e-05,0.00013848400340066291
30.0,23,Improved-gOMP,optimized,0.0012813310022465885,2.3031003365758806e-05,0.0007207670023490209,0.0002512210048735142,3.696100247907452e-05,0.00010976099292747676
30.0,24,Improved-gOMP,baseline,0.0026271649985574186,2.9686998459510505e-05,0.0017632010021770839,0.00016862499614944682,3.812999784713611e-05,0.0003303019948361907
30.0,24,Improved-gOMP,optimized,0.0014510839973809198,2.693900023587048e-05,0.0006146319974504877,0.0002408660038781818,4.111800080863759e-05,0.0003806570020969957
30.0,25,Improved-gOMP,baseline,0.0024506600020686164,2.484700598870404e-05,0.0017860580046544783,0.00015649699707864784,3.230699439882301e-05,0.00015135900321183726
30.0,25,Improved-gOMP,optimized,0.0010989470029016957,2.2484000510303304e-05,0.0005693260027328506,0.00022030200125300325,3.4049004170810804e-05,0.00010755699622677639
30.0,26,Improved-gOMP,baseline,0.0022640200004389044,2.967000546050258e-05,0.0015347520020441152,0.00016718499318812974,4.036499740323052e-05,0.00015259300562320277
30.0,26,Improved-gOMP,optimized,0.0010754790018836502,2.4227003450505435e-05,0.0005752730030508246,0.00021107699649292044,3.459999425103888e-05,0.00010106299669132568
30.0,27,Improved-gOMP,baseline,0.0023671960007050075,2.3545999283669516e-05,0.0015856000027270056,0.000146075999509776,2.9178994736867025e-05,0.0003221700026188046
30.0,27,Improved-gOMP,optimized,0.0018334189990127925,2.536000101827085e-05,0.0006696369964629412,0.0003853880043607205,4.189500032225624e-05,0.0005353170054149814
30.0,28,Improved-gOMP,baseline,0.002356622997467639,3.3702002838253975e-05,0.0016072719954536296,0.00018734699915512465,6.07450092502404e-05,0.00014145900058792904
30.0,28,Improved-gOMP,optimized,0.001088879998860648,2.5530003767926246e-05,0.0005636360037897248,0.00021603899949695915,3.6868997995043173e-05,0.00011427000208641402
30.0,29,Improved-gOMP,baseline,0.00249430399708217,2.3307002265937626e-05,0.0016009710052458104,0.0001504199972259812,2.8916008886881173e-05,0.0003455679980106652
30.0,29,Improved-gOMP,optimized,0.001156862999778241,2.2013995476299897e-05,0.000564055000722874,0.0002230809986940585,3.561699850251898e-05,0.00017586300600669347
40.0,0,Improved-gOMP,baseline,0.002031248001003405,2.4060998839559034e-05,0.0014206279956852086,0.0001444080007786397,3.0066006729612127e-05,0.00013951799701317213
40.0,0,Improved-gOMP,optimized,0.0010695709970605094,2.24069990508724e-05,0.0005575250033871271,0.00022350300059770234,3.358199683134444e-05,0.00010221900447504595
40.0,1,Improved-gOMP,baseline,0.0021705349972762633,2.713799403863959e-05,0.0015019679995020851,0.00015510899902437814,3.4677002986427397e-05,0.00015671399523853324
40.0,1,Improved-gOMP,optimized,0.001494381001975853,2.9852995794499293e-05,0.0006785560035496019,0.00041402399801881984,6.881800072733313e-05,0.0001266370054509025
40.0,2,Improved-gOMP,baseline,0.0031417200007126667,2.998899799422361e-05,0.0021761880016129,0.00017512399426777847,3.556699812179431e-05,0.0003750550022232346
40.0,2,Improved-gOMP,optimized,0.0014755740012333263,2.4957989808171988e-05,0.0006131939917395357,0.00023291699835681356,3.766700319829397e-05,0.00041763500121305697
40.0,3,Improved-gOMP,baseline,0.0021385330001066905,2.7111003873869777e-05,0.0015249720017891377,0.00014801799625274725,3.179499617544934e-05,0.0001322980024269782
40.0,3,Improved-gOMP,optimized,0.0011537560021679383,2.6064000849146396e-05,0.0005925580007897224,0.00021988000298733823,3.83950027753599e-05,0.00014018500223755836
40.0,4,Improved-gOMP,baseline,0.0020503369996731635,2.369300273130648e-05,0.0014462409999396186,0.00014274100249167532,2.930200207629241e-05,0.0001402099987899419
40.0,4,Improved-gOMP,optimized,0.0010753189999377355,2.2332998923957348e-05,0.0005665750068146735,0.00020835000395891257,4.699999772128649e-05,0.00010185499559156597
40.0,5,Improved-gOMP,baseline,0.002038149999862071,2.663899795152247e-05,0.0014142229993012734,0.00014273099804995582,3.260700395912863e-05,0.00015777301086927764
40.0,5,Improved-gOMP,optimized,0.0010718570010794792,2.516499807825312e-05,0.0005616759954136796,0.00021204399672569707,3.5577002563513815e-05,0.00011062300109188072
40.0,6,Improved-gOMP,baseline,0.0020711149991257116,2.304100780747831e-05,0.0014800140015722718,0.00014668800213257782,2.9896000341977924e-05,0.00012924300244776532
40.0,6,Improved-gOMP,optimized,0.0013778270003967918,2.1785999706480652e-05,0.0007259679987328127,0.00024187599774450064,3.494900374789722e-05,0.00021320200539776124
40.0,7,Improved-gOMP,baseline,0.0025469729989708867,2.8758000553352758e-05,0.0018366919975960627,0.0001702089939499274,3.604099765652791e-05,0.00013044699153397232
40.0,7,Improved-gOMP,optimized,0.001377335996949114,3.0746999982511625e-05,0.0006041729902790394,0.00022804800391895697,6.658799611614086e-05,0.00029732500115642324
40.0,8,Improved-gOMP,baseline,0.002100764999340754,2.3776003217790276e-05,0.001474127006076742,0.0001497429984738119,3.29389949911274e-05,0.00014177900084177963
40.0,8,Improved-gOMP,optimized,0.0010500009993847925,2.1452004148159176e-05,0.0005601740012934897,0.0002033910022873897,3.371400453033857e-05,0.0001050729988492094
40.0,9,Improved-gOMP,baseline,0.004040332998556551,4.929900387651287e-05,0.002778972004307434,0.0002245699943159707,4.5026998122921214e-05,0.0003464049987087492
40.0,9,Improved-gOMP,optimized,0.0013947610023024026,2.8480004402808845e-05,0.0006218859998625703,0.00023243699979502708,4.1019997297553346e-05,0.0003245450061513111
40.0,10,Improved-gOMP,baseline,0.002084335999825271,2.696899900911376e-05,0.0014159569946059491,0.00015854800221859477,3.3814998460002244e-05,0.00015313200128730386
40.0,10,Improved-gOMP,optimized,0.00108471600105986,2.183900141972117e-05,0.0005397970016929321,0.000241348006966291,3.45090011251159e-05,0.00011459999223006889
40.0,11,Improved-gOMP,baseline,0.002294890000484884,4.9553993449080735e-05,0.0016253250032605138,0.00015336800424847752,3.55320044036489e-05,0.00013079700147500262
40.0,11,Improved-gOMP,optimized,0.001109808999899542,2.547399708419107e-05,0.000556310002139071,0.00023766500453348272,4.2167997889919207e-05,0.00010487400140846148
40.0,12,Improved-gOMP,baseline,0.00216111999907298,2.6752008125185966e-05,0.001423944006091915,0.00014747900422662497,2.9481998353730887e-05,0.00022374699983629398
40.0,12,Improved-gOMP,optimized,0.0012894669998786412,3.744999776245095e-05,0.0006672809977317229,0.00024248400222859345,3.678600114653818e-05,0.0001343039984931238
40.0,13,Improved-gOMP,baseline,0.002582492998044472,2.7403002604842186e-05,0.0017589169983693864,0.00014905899661243893,3.7824007449671626e-05,0.0003179660016030539
40.0,13,Improved-gOMP,optimized,0.0010526930018386338,2.5023000489454716e-05,0.0005345129975466989,0.0002193060026911553,3.643700256361626e-05,0.00010974600445479155
40.0,14,Improved-gOMP,baseline,0.002271441997436341,2.525400122976862e-05,0.001581320000695996,0.00016249599866569042,3.40389997290913e-05,0.00015513999460381456
40.0,14,Improved-gOMP,optimized,0.0016738819977035746,2.4897999537643045e-05,0.0006300769964582287,0.00026467599673196673,5.211699681240134e-05,0.0005114470077387523
40.0,15,Improved-gOMP,baseline,0.003841470999759622,3.1247996957972646e-05,0.0028297400058363564,0.00019345199325471185,4.2554001993266866e-05,0.00038364299325621687
40.0,15,Improved-gOMP,optimized,0.0015543810004601255,2.5889992684824392e-05,0.0006395749987859745,0.00030600499667343684,4.021800123155117e-05,0.00040146999890566804
40.0,16,Improved-gOMP,baseline,0.0019884600005752873,2.3089996830094606e-05,0.0013919700031692628,0.00015099399388418533,2.9758997698081657e-05,0.00013094200039631687
40.0,16,Improved-gOMP,optimized,0.0015547589973721188,2.4428001779597253e-05,0.0009225570065609645,0.00026716799766290933,4.331500531407073e-05,0.00012457799311960116
40.0,17,Improved-gOMP,baseline,0.0025702079983602744,2.7622001653071493e-05,0.0017259279957215767,0.00015473199891857803,3.318700328236446e-05,0.0003328380007587839
40.0,17,Improved-gOMP,optimized,0.001110607998271007,2.5830995582509786e-05,0.00055912500465638,0.0002148650019080378,3.5740995372179896e-05,0.0001362490002065897
40.0,18,Improved-gOMP,baseline,0.0027524349970917683,2.779400529107079e-05,0.0018592339947645087,0.00018254300084663555,3.668400313472375e-05,0.000331778013787698
40.0,18,Improved-gOMP,optimized,0.0016816919996927027,3.0016995879122987e-05,0.000818473010440357,0.00028228699738974683,5.350799619918689e-05,0.0003285809980297927
40.0,19,Improved-gOMP,baseline,0.003601560998504283,5.001400495530106e-05,0.0024311000015586615,0.0002027040063694585,4.7826000809436664e-05,0.00034674299604375847
40.0,19,Improved-gOMP,optimized,0.0014455989985435735,2.8121998184360564e-05,0.000602404004894197,0.0002312119941052515,4.0470000385539606e-05,0.0003860400101984851
40.0,20,Improved-gOMP,baseline,0.0021540909983741585,2.468000093358569e-05,0.0014937119958631229,0.00014834200555924326,3.041300078621134e-05,0.00017357899560010992
40.0,20,Improved-gOMP,optimized,0.0011167640004714485,2.362300074310042e-05,0.0005850020024809055,0.00022224099302547984,4.0544004150433466e-05,0.00010849400132428855
40.0,21,Improved-gOMP,baseline,0.0021047529990028124,2.9438004276016727e-05,0.001493735999247292,0.00014645099872723222,3.351399936946109e-05,0.00013384699195739813
40.0,21,Improved-gOMP,optimized,0.0011447939978097565,2.517000029911287e-05,0.0006276460007939022,0.0002136329967470374,3.63690014637541e-05,0.00010622900299495086
40.0,22,Improved-gOMP,baseline,0.0024988689983729273,2.3668999347137287e-05,0.0016694559999450576,0.00015300899394787848,3.238599674659781e-05,0.0003393900042283349
40.0,22,Improved-gOMP,optimized,0.0011664160010695923,2.2473006538348272e-05,0.0006023509995429777,0.00023027900169836357,3.930500315618701e-05,0.00012468899149098434
40.0,23,Improved-gOMP,baseline,0.003392483999050455,4.164999336353503e-05,0.0020116369996685535,0.0001987670002563391,4.3652005842886865e-05,0.0004046640024171211
40.0,23,Improved-gOMP,optimized,0.0017150799976661801,3.228399873478338e-05,0.0007239059959829319,0.0002812950042425655,4.578999869409017e-05,0.0004080200014868751
40.0,24,Improved-gOMP,baseline,0.0021426029998110607,2.3123007849790156e-05,0.0014994660014053807,0.00014681200264021754,3.012999877682887e-05,0.0001553859910927713
40.0,24,Improved-gOMP,optimized,0.0012967020011274144,2.5008004740811884e-05,0.0007011259986029472,0.00024306500199600123,3.8930000300752e-05,0.00012958400111529045
40.0,25,Improved-gOMP,baseline,0.002083036997646559,2.9449001885950565e-05,0.0014584189993911423,0.0001501849983469583,3.4204000257886946e-05,0.0001342919968010392
40.0,25,Improved-gOMP,optimized,0.0010685260022000875,2.467699596309103e-05,0.0005479229985212442,0.00022409300436265767,3.6231998819857836e-05,0.00010726099571911618
40.0,26,Improved-gOMP,baseline,0.0021846700001333375,2.2935000743018463e-05,0.0015033099916763604,0.00014654100232291967,3.0654995498480275e-05,0.00019533599697751924
40.0,26,Improved-gOMP,optimized,0.0012066380004398525,2.4589000531705096e-05,0.0006379650003509596,0.00023692799732089043,3.8440000935224816e-05,0.00011157599874422885
40.0,27,Improved-gOMP,baseline,0.002490595001290785,2.8155995096312836e-05,0.0016433529999630991,0.0001509240028099157,3.288599691586569e-05,0.0003512740004225634
40.0,27,Improved-gOMP,optimized,0.0014101070009928662,2.634000702528283e-05,0.0005691499936801847,0.00022201999308890663,4.3319003452779725e-05,0.0004154540001763962
40.0,28,Improved-gOMP,baseline,0.002821302001393633,2.7459995180834085e-05,0.001889798997581238,0.00017195799955516122,3.4476997825549915e-05,0.0003681499983940739
40.0,28,Improved-gOMP,optimized,0.0014728899986948818,2.6165998860960826e-05,0.0006326799993985333,0.00023188199702417478,4.493799860938452e-05,0.00038892899829079397
40.0,29,Improved-gOMP,baseline,0.0024554540032113437,2.8920996555825695e-05,0.0017519119974167552,0.00016650499674142338,3.735200152732432e-05,0.00014962399654905312
40.0,29,Improved-gOMP,optimized,0.0011776800020015799,2.8921996999997646e-05,0.000603363001573598,0.000246938994678203,4.446299499250017e-05,0.00011019800149369985
clean,0,Improved-gOMP,baseline,0.0028076400012650993,2.7884001610800624e-05,0.0020330260012997314,0.00019353899915586226,4.073899981449358e-05,0.0001640250011405442
clean,0,Improved-gOMP,optimized,0.0011729409998224583,3.0560000595869496e-05,0.0006115230062277988,0.00023598399275215343,3.7740999687230214e-05,0.00010942600420094095
clean,1,Improved-gOMP,baseline,0.002057714998954907,2.690600013011135e-05,0.0014539409967255779,0.00014412400196306407,3.2328000088455155e-05,0.00013321699225343764
clean,1,Improved-gOMP,optimized,0.0010812600012286566,2.5876004656311125e-05,0.0005480279978655744,0.0002206980025221128,3.9517002733191475e-05,0.00011113599975942634
clean,2,Improved-gOMP,baseline,0.0033624940006120596,4.7577996156178415e-05,0.002310672996827634,0.00029332999474718235,6.322300032479689e-05,0.00017968199972528964
clean,2,Improved-gOMP,optimized,0.0012812139975721948,2.4034005036810413e-05,0.0005736280036217067,0.00022881000040797517,3.9142996683949605e-05,0.0002609469993331004
clean,3,Improved-gOMP,baseline,0.002029039002081845,2.6418994821142405e-05,0.001430370997695718,0.00014388399722520262,3.278099757153541e-05,0.0001284039935853798
clean,3,Improved-gOMP,optimized,0.0011012860013579484,2.484500510036014e-05,0.0005549150009755976,0.0002122289915860165,3.661399387056008e-05,0.00013014900105190463
clean,4,Improved-gOMP,baseline,0.0039902280004753266,3.2313004339812323e-05,0.002839683002093807,0.000221763999434188,5.2155002776999027e-05,0.000440504005382536
clean,4,Improved-gOMP,optimized,0.0015374229988083243,2.693199712666683e-05,0.0006690169975627214,0.0002519369991205167,4.17360060964711e-05,0.0003095370084338356
clean,5,Improved-gOMP,baseline,0.002139838001312455,2.7762001991504803e-05,0.001484774998971261,0.0001503590028733015,3.576599920052104e-05,0.0001555359995109029
clean,5,Improved-gOMP,optimized,0.0011551409988896921,2.6240995794069022e-05,0.0006079639970266726,0.00023043599867378362,3.996600571554154e-05,0.00011075299698859453
clean,6,Improved-gOMP,baseline,0.002407179999863729,3.0989998776931316e-05,0.0017003009998006746,0.0001612699925317429,3.59659934474621e-05,0.00013550099538406357
clean,6,Improved-gOMP,optimized,0.0010329139986424707,2.211700120824389e-05,0.0005350680003175512,0.00020787999892490916,3.313900015200488e-05,0.00010334199032513425
clean,7,Improved-gOMP,baseline,0.0028032390000589658,3.1774001399753615e-05,0.0018869060004362836,0.0001861990022007376,4.12620029237587e-05,0.0003422030094952788
clean,7,Improved-gOMP,optimized,0.0013680439988092985,2.9660001018783078e-05,0.0006130319961812347,0.0002393220056546852,4.290600190870464e-05,0.0002956120006274432
clean,8,Improved-gOMP,baseline,0.0022404129995265976,2.796900662360713e-05,0.001600805000634864,0.00015515700579271652,3.3781998354243115e-05,0.000128985004266724
clean,8,Improved-gOMP,optimized,0.0013078590018267278,2.2009997337590903e-05,0.0005728369978896808,0.00021020300118834712,3.642200317699462e-05,0.0001085639996745158
clean,9,Improved-gOMP,baseline,0.002364820997172501,3.0121998861432076e-05,0.0016403219997300766,0.00016484499792568386,3.6533005186356604e-05,0.0001695909995760303
clean,9,Improved-gOMP,optimized,0.0011223220026295166,2.6704998163040727e-05,0.0005997150001348928,0.00022017400260665454,3.9159996958915144e-05,0.00010237199603579938
clean,10,Improved-gOMP,baseline,0.0023644950015295763,3.130100230919197e-05,0.0015752060025988612,0.0001522860002296511,3.103199924225919e-05,0.0001629659927857574
clean,10,Improved-gOMP,optimized,0.001235219999216497,2.5597000785637647e-05,0.0006380090017046314,0.0002606880007078871,3.761800689972006e-05,0.00011730200640158728
clean,11,Improved-gOMP,baseline,0.0025090400013141334,2.810600199154578e-05,0.0016440860017610248,0.00016439099999843165,3.574000584194437e-05,0.0003484029984974768
clean,11,Improved-gOMP,optimized,0.001129752999986522,2.5908000679919496e-05,0.0005902199991396628,0.00022429499585996382,3.768599344766699e-05,0.0001065560027200263
clean,12,Improved-gOMP,baseline,0.002419827000267105,2.619400038383901e-05,0.0017302279993600678,0.00015936799900373444,3.910099985660054e-05,0.00016246199083980173
clean,12,Improved-gOMP,optimized,0.001092457998311147,2.4430999474134296e-05,0.0005633260079775937,0.00022021800396032631,3.340000330354087e-05,0.00011524100045789964
clean,13,Improved-gOMP,baseline,0.0024496389996784274,5.2316994697321206e-05,0.0017380019999109209,0.00015310700473492034,3.6410001484910026e-05,0.0001565490019856952
clean,13,Improved-gOMP,optimized,0.0010496650029381271,3.6383007682161406e-05,0.0005349570055841468,0.0002094850060530007,3.580900011002086e-05,0.0001059400019585155
clean,14,Improved-gOMP,baseline,0.002453657001751708,2.659899473655969e-05,0.0017592390031495597,0.000163439992320491,3.953299528802745e-05,0.00015783199705765583
clean,14,Improved-gOMP,optimized,0.0010579409972706344,2.198300717282109e-05,0.0005327409962774254,0.00022043800345272757,3.403100708965212e-05,0.00010128700159839354
clean,15,Improved-gOMP,baseline,0.002140220000001136,2.7693000447470695e-05,0.001509641999291489,0.0001534930052002892,3.433600068092346e-05,0.00013008899622946046
clean,15,Improved-gOMP,optimized,0.00137888999961433,2.8779999411199242e-05,0.0006044760048098397,0.00023956199584063143,4.2615996790118515e-05,0.00032346000443794765
clean,16,Improved-gOMP,baseline,0.002171635002014227,2.412299727438949e-05,0.0015278249957191292,0.0001512950002506841,3.2862997613847256e-05,0.00014032899343874305
clean,16,Improved-gOMP,optimized,0.0011613470014708582,2.4782995751593262e-05,0.0005851230052940082,0.0002459999996062834,4.086099215783179e-05,0.00011547099711606279
clean,17,Improved-gOMP,baseline,0.0032431969993922394,3.539999670465477e-05,0.0022589520012843423,0.0002051230003417004,4.980100129614584e-05,0.0003209850001439918
clean,17,Improved-gOMP,optimized,0.001047844001732301,2.5092005671467632e-05,0.0005308799991325941,0.00021373900744947605,3.51310009136796e-05,0.00010928700066870078
clean,18,Improved-gOMP,baseline,0.002128911997715477,2.4375000066356733e-05,0.001449252991733374,0.00016598199727013707,3.331100379000418e-05,0.00015466200056835078
clean,18,Improved-gOMP,optimized,0.001038241000060225,2.1675004973076284e-05,0.0005428929980553221,0.0002109950037265662,3.324899807921611e-05,0.00010319600187358446
clean,19,Improved-gOMP,baseline,0.0023453089997929055,2.8476999432314187e-05,0.0016888200043467805,0.00016641100955894217,3.650300277513452e-05,0.000132768000185024
clean,19,Improved-gOMP,optimized,0.0011892599977727514,6.105899956310168e-05,0.0005849520057381596,0.00026395500390208326,3.878999632433988e-05,0.00010364899935666472
clean,20,Improved-gOMP,baseline,0.0023291519974009134,2.623899490572512e-05,0.001643780997255817,0.00015380900003947318,3.544599894667044e-05,0.0001646130003791768
clean,20,Improved-gOMP,optimized,0.001097948999813525,2.4612003471702337e-05,0.0005744830014009494,0.00022261700360104442,3.688400101964362e-05,0.00010347499119234271
clean,21,Improved-gOMP,baseline,0.0038481989977299236,4.278299820725806e-05,0.002561612996942131,0.000309382001432823,7.547600034740753e-05,0.00035803600258077495
clean,21,Improved-gOMP,optimized,0.0014463290026469622,3.0765000701649114e-05,0.0006453909954871051,0.000246624000283191,4.368201189208776e-05,0.0003224849970138166
clean,22,Improved-gOMP,baseline,0.002122607002092991,2.481000410625711e-05,0.0014738559948455077,0.0001797540026018396,3.5856002796208486e-05,0.0001295019974349998
clean,22,Improved-gOMP,optimized,0.0010863649986276869,2.2011005057720467e-05,0.0005459899984998628,0.00023663899992243387,3.562799611245282e-05,0.00010378499428043142
clean,23,Improved-gOMP,baseline,0.002731919001234928,3.204099630238488e-05,0.0018292909990123007,0.00016767299894127063,3.6733999877469614e-05,0.00035417399703874253
clean,23,Improved-gOMP,optimized,0.0014005769990035333,3.3716994948918e-05,0.000632541996310465,0.0002457870032230858,4.3430998630356044e-05,0.0002980780045618303
clean,24,Improved-gOMP,baseline,0.003025004996743519,2.7328998839948326e-05,0.0017923740051628556,0.00028559600104927085,6.463099634856917e-05,0.00046108500828268006
clean,24,Improved-gOMP,optimized,0.0012936890016135294,2.5179000658681616e-05,0.0006591260025743395,0.0003000130018335767,4.191900370642543e-05,0.00010776900671771728
clean,25,Improved-gOMP,baseline,0.002488075002474943,4.7916000767145306e-05,0.0016595109955233056,0.0001456260033592116,3.478799408185296e-05,0.00015168399477261119
clean,25,Improved-gOMP,optimized,0.0013018509998801164,2.8691993065876886e-05,0.0006542810006067157,0.0002847459982149303,4.885699672740884e-05,0.00010472100257175043
clean,26,Improved-gOMP,baseline,0.0021671630020136945,2.7554000553209335e-05,0.001523056998848915,0.00016049901023507118,3.270199886173941e-05,0.0001356450047751423
clean,26,Improved-gOMP,optimized,0.001091007001377875,2.163599492632784e-05,0.0005517919998965226,0.00022165900736581534,3.6435998481465504e-05,0.00012865799726569094
clean,27,Improved-gOMP,baseline,0.0022991010009718593,3.329700484755449e-05,0.0015914840005279984,0.00015210400306386873,3.4253000194439664e-05,0.00015141299809329212
clean,27,Improved-gOMP,optimized,0.001335272998403525,2.494100044714287e-05,0.0005342359982023481,0.00021871599528822117,3.6659996112575755e-05,0.00038838999535073526
clean,28,Improved-gOMP,baseline,0.0030159099987940863,2.44189977820497e-05,0.0021027289949415717,0.0001690540084382519,3.658699642983265e-05,0.00039058200127328746
clean,28,Improved-gOMP,optimized,0.0014243769983295351,2.4419005058007315e-05,0.0006602409957849886,0.00024469400887028314,3.690400262712501e-05,0.0002994230017066002
clean,29,Improved-gOMP,baseline,0.0022059830007492565,2.8798996936529875e-05,0.0015801099980308209,0.00014820799697190523,3.377399480086751e-05,0.00013311499787960202
clean,29,Improved-gOMP,optimized,0.0013657920026162174,3.1418996513821185e-05,0.0006085719978727866,0.0002334300043003168,4.178700692136772e-05,0.0003028190003533382
