measurement_ratio,trial,algorithm,implementation,runtime_sec,correlation_time_sec,selection_time_sec,solve_time_sec,residual_update_time_sec,support_refinement_time_sec
0.1875,0,Improved-gOMP,baseline,0.0016704059999028686,1.980700108106248e-05,0.0011732089988072403,0.0001056099972629454,8.679599704919383e-05,3.646990080596879e-06
0.1875,0,Improved-gOMP,optimized,0.0008116850003716536,1.6269001207547262e-05,0.0004686650063376874,0.0001904500022646971,2.6612000510795042e-05,2.4129985831677914e-06
0.1875,1,Improved-gOMP,baseline,0.002519616002246039,2.3892003810033202e-05,0.0016048789948399644,0.00016024499927880242,8.520300252712332e-05,0.00032181900678551756
0.1875,1,Improved-gOMP,optimized,0.0009553199997753836,1.680600325926207e-05,0.00047502899906248786,0.00020606699763447978,2.6578996767057106e-05,0.00010731099609984085
0.1875,2,Improved-gOMP,baseline,0.002473524000379257,2.164400211768225e-05,0.0016417279985034838,0.00015762399925733916,2.9272996471263468e-05,0.0003174560006300453
0.1875,2,Improved-gOMP,optimized,0.0014506640000035986,2.0925999706378207e-05,0.0005611179949482903,0.00021416899835458025,6.139100878499448e-05,0.00036333000025479123
0.1875,3,Improved-gOMP,baseline,0.0023084730019036215,2.3402997612720355e-05,0.001690598001005128,0.00014432899843086489,3.028900027857162e-05,0.0001281689983443357
0.1875,3,Improved-gOMP,optimized,0.0013642720005009323,2.1358999219955876e-05,0.0007947430021886248,0.00025327899857074954,3.7366004107752815e-05,0.00011216200437047519
0.1875,4,Improved-gOMP,baseline,0.002648079000209691,2.1329993614926934e-05,0.0018750179988273885,0.00014139600170892663,2.7900998247787356e-05,0.00030424199940171093
0.1875,4,Improved-gOMP,optimized,0.0012859389971708879,1.8472997908247635e-05,0.0005209800001466647,0.00020290400061639957,2.825499905156903e-05,0.00038488800782943144
0.1875,5,Improved-gOMP,baseline,0.0019522789989423472,2.1197000023676082e-05,0.0013105949947203044,0.00013387500439421274,6.867899719509296e-05,0.00013788099749945104
0.1875,5,Improved-gOMP,optimized,0.0018636870008776896,2.3849006538512185e-05,0.000749099999666214,0.0003937249966838863,4.011599958175793e-05,0.0004635029981727712
0.1875,6,Improved-gOMP,baseline,0.002549668002757244,2.6966004952555522e-05,0.001669626002694713,0.00018582499978947453,3.731399920070544e-05,0.00032771299811429344
0.1875,6,Improved-gOMP,optimized,0.0013262440006656107,2.0024999685119838e-05,0.0005191240052226931,0.00020464199405978434,3.0404000426642597e-05,0.0004228529978718143
0.1875,7,Improved-gOMP,baseline,0.002534720999392448,2.2077001631259918e-05,0.0018447550064593088,0.00016029699327191338,4.21920012740884e-05,0.00015913299648673274
0.1875,7,Improved-gOMP,optimized,0.0014101099986874033,2.140099968528375e-05,0.0007910140011517797,0.00025348999770358205,3.625900353654288e-05,0.00011700600225594826
0.1875,8,Improved-gOMP,baseline,0.0016313619998982176,1.8025999452220276e-05,0.0011223049950785935,0.00011926000297535211,2.372299786657095e-05,0.00012598799730767496
0.1875,8,Improved-gOMP,optimized,0.0008232159998442512,1.7472993931733072e-05,0.0004879690022789873,0.00017761199706001207,2.8862003091489896e-05,2.4040018615778536e-06
0.1875,9,Improved-gOMP,baseline,0.0026907930005108938,2.2091000573709607e-05,0.001814176001062151,0.00015806199735379778,2.738300827331841e-05,0.00036119499418418854
0.1875,9,Improved-gOMP,optimized,0.0014852400017844047,3.6167002690490335e-05,0.0006343610002659261,0.00024781300089671277,4.033199729747139e-05,0.0003893909997714218
0.1875,10,Improved-gOMP,baseline,0.002353260999370832,2.0196002878947183e-05,0.001561421999213053,0.00014314600775833242,2.6920002710539848e-05,0.0003274229929957073
0.1875,10,Improved-gOMP,optimized,0.0013884910003980622,1.8832004570867866e-05,0.0005760400053986814,0.0002213279985880945,3.129200194962323e-05,0.00039244799700099975
0.1875,11,Improved-gOMP,baseline,0.002375375999690732,2.3740991309750825e-05,0.001566524002555525,0.00014459600060945377,2.8024001949233934e-05,0.0002953570001409389
0.1875,11,Improved-gOMP,optimized,0.0010378829974797554,2.109999695676379e-05,0.0005431999925349373,0.0002037009980995208,2.9759001336060464e-05,9.625300299376249e-05
0.1875,12,Improved-gOMP,baseline,0.0022216200013644993,2.0874002075288445e-05,0.0014670160053356085,0.00014496400035568513,2.6257002900820225e-05,0.00028504500005510636
0.1875,12,Improved-gOMP,optimized,0.0007219580002129078,1.543700636830181e-05,0.00041795499419094995,0.00016568300270591862,2.316699828952551e-05,2.1839987311977893e-06
0.1875,13,Improved-gOMP,baseline,0.001966320000065025,2.0689993107225746e-05,0.001355829994281521,0.00014042999828234315,2.7712001610780135e-05,0.00014483499762718566
0.1875,13,Improved-gOMP,optimized,0.0010268650003126822,1.8665996321942657e-05,0.0005251960028545,0.00022026199803804047,2.9184000595705584e-05,9.512599717709236e-05
0.1875,14,Improved-gOMP,baseline,0.0019358990030013956,1.9960996723966673e-05,0.001374569004838122,0.00013581700113718398,2.5844998162938282e-05,0.00011743600043701008
0.1875,14,Improved-gOMP,optimized,0.0010159550001844764,1.783899642759934e-05,0.0005432699945231434,0.00019884300490957685,3.115000436082482e-05,0.0001000500051304698
0.1875,15,Improved-gOMP,baseline,0.0024170010001398623,2.290200427523814e-05,0.0016236650008067954,0.00015396999879158102,2.946699532913044e-05,0.0002012510012718849
0.1875,15,Improved-gOMP,optimized,0.0013707460020668805,2.1728996216552332e-05,0.0005731479977839626,0.00022725399685441516,3.246100459364243e-05,0.000375737996364478
0.1875,16,Improved-gOMP,baseline,0.0023426410007232334,2.0596002286765724e-05,0.0015678700001444668,0.00014615800319006667,2.9536000511143357e-05,0.0002969840061268769
0.1875,16,Improved-gOMP,optimized,0.0009643030025472399,1.7783000657800585e-05,0.0005042670018156059,0.00019897699894499965,2.7057001716457307e-05,9.468999996897765e-05
0.1875,17,Improved-gOMP,baseline,0.0021012389988754876,2.371800655964762e-05,0.0014903519986546598,0.0001428239957022015,2.9869006539229304e-05,0.00012978500308236107
0.1875,17,Improved-gOMP,optimized,0.0009543409978505224,2.057000165223144e-05,0.0004864289985562209,0.00018871700012823567,4.289299977244809e-05,9.337000665254891e-05
0.1875,18,Improved-gOMP,baseline,0.0018921440023405012,1.9221002730773762e-05,0.0013484859991876874,0.000134828998852754,2.4976990971481428e-05,0.00011406600242480636
0.1875,18,Improved-gOMP,optimized,0.0005973480001557618,1.218199759023264e-05,0.00034459299786249176,0.00014014200496603735,1.871200220193714e-05,2.0039988157805055e-06
0.1875,19,Improved-gOMP,baseline,0.0018831320012395736,2.247800148325041e-05,0.001311491992964875,0.00013038600081927143,2.6829005946638063e-05,0.00011726900265784934
0.1875,19,Improved-gOMP,optimized,0.0007398500019917265,1.6294001397909597e-05,0.00041988799785031006,0.0001618879978195764,2.4199998733820394e-05,2.2080057533457875e-06
0.25,0,Improved-gOMP,baseline,0.00256851199810626,2.6852005248656496e-05,0.0017296200021519326,0.00017285400463151745,3.55280026269611e-05,0.0003015550028067082
0.25,0,Improved-gOMP,optimized,0.00137092200020561,2.704500366235152e-05,0.0006007730044075288,0.0002335679964744486,4.599600288202055e-05,0.0002893940036301501
0.25,1,Improved-gOMP,baseline,0.002189077000366524,2.1526993805309758e-05,0.001582011998834787,0.00014400000145542435,2.7586007490754128e-05,0.00013165100244805217
0.25,1,Improved-gOMP,optimized,0.0013900189987907652,5.1940001867478713e-05,0.0007465120033884887,0.0002452849985274952,3.54289986717049e-05,0.0001270400025532581
0.25,2,Improved-gOMP,baseline,0.002806354001222644,2.8819998988183215e-05,0.001813824004784692,0.0002038649981841445,4.427599924383685e-05,0.0003324269964650739
0.25,2,Improved-gOMP,optimized,0.00082391199975973,1.88530029845424e-05,0.00047941299999365583,0.00018723900939221494,2.758000118774362e-05,2.396001946181059e-06
0.25,3,Improved-gOMP,baseline,0.0029513900008169003,2.1680996724171564e-05,0.0019659450081235263,0.00023243800023919903,4.0996004827320576e-05,0.000398611999116838
0.25,3,Improved-gOMP,optimized,0.001301329000853002,2.1816005755681545e-05,0.000590976000239607,0.00023516600049333647,3.2941003155428916e-05,0.000171851999766659
0.25,4,Improved-gOMP,baseline,0.002083647999825189,2.394999683019705e-05,0.0014642389978689607,0.00014462199760600924,3.0746999982511625e-05,0.0001399169887008611
0.25,4,Improved-gOMP,optimized,0.0008033820013224613,1.803099803510122e-05,0.0004656529963540379,0.00017861699598142877,3.0118997528916225e-05,2.177996066166088e-06
0.25,5,Improved-gOMP,baseline,0.0023228210011438932,2.542499714763835e-05,0.001612322997971205,0.00016063899602158926,3.265200211899355e-05,0.00013620900426758453
0.25,5,Improved-gOMP,optimized,0.0013372809989959933,2.060700353467837e-05,0.0006124949977674987,0.00036669399560196325,3.774000288103707e-05,0.0001511250011390075
0.25,6,Improved-gOMP,baseline,0.0023755099973641336,2.882999979192391e-05,0.00157549099822063,0.00015977599468897097,2.945600135717541e-05,0.00031015700005809776
0.25,6,Improved-gOMP,optimized,0.002116102998115821,2.147000122931786e-05,0.0008985920030681882,0.0002595510013634339,4.1262999729951844e-05,0.0007150140008889139
0.25,7,Improved-gOMP,baseline,0.0024328479994437657,2.2682001144858077e-05,0.0017499129935458768,0.00017364399900543503,3.3586995414225385e-05,0.0001427890056220349
0.25,7,Improved-gOMP,optimized,0.0011400789990148041,2.1145999198779464e-05,0.0005537220022233669,0.00021953200484858826,4.7827001253608614e-05,0.00015219799752230756
0.25,8,Improved-gOMP,baseline,0.002049397000519093,2.3428001441061497e-05,0.001461593998101307,0.00014368399570230395,2.9236998670967296e-05,0.0001195030017697718
0.25,8,Improved-gOMP,optimized,0.0009987119992729276,2.119200144079514e-05,0.0005130149984324817,0.0001992840007005725,2.9969003662699834e-05,9.689600119600073e-05
0.25,9,Improved-gOMP,baseline,0.001875687998108333,1.9781000446528196e-05,0.0012845060082327109,0.00013193300037528388,2.5614001060603186e-05,0.000162357999215601
0.25,9,Improved-gOMP,optimized,0.0012409800001478288,2.2085998352849856e-05,0.0006501910029328428,0.00022982900190982036,3.997400199295953e-05,0.00012657800107263029
0.25,10,Improved-gOMP,baseline,0.003093354000156978,2.4047996703302488e-05,0.0022831900023447815,0.0001533030008431524,3.156000093440525e-05,0.0003144190013699699
0.25,10,Improved-gOMP,optimized,0.0013672899985976983,2.215999847976491e-05,0.0005477569939102978,0.000211844002478756,3.115200161118992e-05,0.00041417599641135894
0.25,11,Improved-gOMP,baseline,0.002344530999835115,2.157800190616399e-05,0.0015595460026816,0.0001488819980295375,2.7842997951665893e-05,0.0003143249996355735
0.25,11,Improved-gOMP,optimized,0.001021957999910228,1.897400215966627e-05,0.000550176999240648,0.00019980000070063397,2.942300125141628e-05,9.786700320546515e-05
0.25,12,Improved-gOMP,baseline,0.002419412001472665,2.5972996809286997e-05,0.0017488339908595663,0.00014813700181548484,3.341700721648522e-05,0.0001500670041423291
0.25,12,Improved-gOMP,optimized,0.0007742660018266179,1.9527004042174667e-05,0.0004402189988468308,0.00017830199794843793,2.765300450846553e-05,2.444008714519441e-06
0.25,13,Improved-gOMP,baseline,0.0025426629981666338,2.433800182188861e-05,0.0016798639990156516,0.0001574549933138769,2.9998998797964305e-05,0.00033972199526033364
0.25,13,Improved-gOMP,optimized,0.0009299699995608535,1.8637001630850136e-05,0.0004800909991899971,0.00018557600924395956,2.9283004550961778e-05,9.546699584461749e-05
0.25,14,Improved-gOMP,baseline,0.0019176060013705865,2.2377000277629122e-05,0.0013519429994630627,0.00013551300435210578,2.8174996259622276e-05,0.00012279400107217953
0.25,14,Improved-gOMP,optimized,0.0008321409986820072,1.803099803510122e-05,0.0004945549990225118,0.00018074000035994686,3.015100082848221e-05,2.258002496091649e-06
0.25,15,Improved-gOMP,baseline,0.002055691998975817,2.0863997633568943e-05,0.0014206210034899414,0.00013848299568053335,2.7082995075033978e-05,0.00015200300185824744
0.25,15,Improved-gOMP,optimized,0.00099644700094359,1.920799695653841e-05,0.000529819997609593,0.00019805599367828108,2.8985003154957667e-05,9.544899512548e-05
0.25,16,Improved-gOMP,baseline,0.0021328490001906175,2.415099515928887e-05,0.0015314250049414113,0.0001472490002925042,3.0194005375960842e-05,0.0001204390027851332
0.25,16,Improved-gOMP,optimized,0.0013137119967723265,2.190299710491672e-05,0.0008677610057929996,0.0002473500026098918,3.96310024370905e-05,2.7140013116877526e-06
0.25,17,Improved-gOMP,baseline,0.002357115001359489,2.1838997781742364e-05,0.001642330000322545,0.00015642400103388354,3.092100450885482e-05,0.0001903140000649728
0.25,17,Improved-gOMP,optimized,0.0006726179999532178,1.339899972663261e-05,0.0003847170009976253,0.00015722699754405767,2.2194002667674795e-05,2.125998435076326e-06
0.25,18,Improved-gOMP,baseline,0.003107693999481853,2.5731998903211206e-05,0.0021392359958554152,0.00016563099779887125,3.385799936950207e-05,0.0003984600007242989
0.25,18,Improved-gOMP,optimized,0.0010715719981817529,2.3060001694830135e-05,0.0005607159982901067,0.0002219299967691768,3.306799408164807e-05,9.914900147123262e-05
0.25,19,Improved-gOMP,baseline,0.0014371020006365143,1.765400156727992e-05,0.0011032729962607846,0.00010320100409444422,2.251600380986929e-05,2.4180044420063496e-06
0.25,19,Improved-gOMP,optimized,0.0005826960004924331,1.266999970539473e-05,0.0003342660056659952,0.0001319110051554162,2.0606999896699563e-05,1.7599995771888644e-06
0.3125,0,Improved-gOMP,baseline,0.0017758719986886717,2.1989002561895177e-05,0.0013553139979194384,0.00013298200065037236,3.271499736001715e-05,3.0519950087182224e-06
0.3125,0,Improved-gOMP,optimized,0.0006681669983663596,1.605199577170424e-05,0.0003686870004457887,0.00015472400627913885,2.6182999135926366e-05,2.057997335214168e-06
0.3125,1,Improved-gOMP,baseline,0.0026789840012497734,3.995099905296229e-05,0.0017916699907800648,0.00015668600099161267,3.1252002372639254e-05,0.0003409970049688127
0.3125,1,Improved-gOMP,optimized,0.0011671499996737111,3.06189976981841e-05,0.0006206329962878954,0.0002293109973834362,3.5314002161612734e-05,0.00010788000508910045
0.3125,2,Improved-gOMP,baseline,0.002112244001182262,2.4417000531684607e-05,0.0014701929976581596,0.0001440399901184719,2.9339007596718147e-05,0.00015839099796721712
0.3125,2,Improved-gOMP,optimized,0.0011588199995458126,2.2556003386853263e-05,0.000595097997575067,0.00026539700411376543,3.6917994293617085e-05,9.970899554900825e-05
0.3125,3,Improved-gOMP,baseline,0.0021345009990909602,2.4684995878487825e-05,0.0015166739976848476,0.0001451519965485204,3.015200127265416e-05,0.00013428299644147046
0.3125,3,Improved-gOMP,optimized,0.0007634180001332425,1.678500120760873e-05,0.0004525070071395021,0.00016554100147914141,2.7847007004311308e-05,2.3169995984062552e-06
0.3125,4,Improved-gOMP,baseline,0.001990875000046799,2.3067997972248122e-05,0.0013935060014773626,0.00014240899690776132,2.8187994757900015e-05,0.00013230499826022424
0.3125,4,Improved-gOMP,optimized,0.0010782569988805335,2.0061001123394817e-05,0.0005735100021411199,0.00021917300182394683,3.139599721180275e-05,0.0001046190009219572
0.3125,5,Improved-gOMP,baseline,0.001975093000510242,2.264899740112014e-05,0.0013459880028676707,0.0001384250026603695,2.7256995963398367e-05,0.00012436899851309136
0.3125,5,Improved-gOMP,optimized,0.0016105170034279581,2.4467000912409276e-05,0.0006505720048153307,0.0005356189976737369,4.918299964629114e-05,0.0001160869978775736
0.3125,6,Improved-gOMP,baseline,0.002651554998010397,2.494000000297092e-05,0.0017940840043593198,0.0001489369969931431,3.028000719496049e-05,0.0003487419926386792
0.3125,6,Improved-gOMP,optimized,0.000953665999986697,1.745999907143414e-05,0.0004820280009880662,0.00019188099759048782,2.8658996598096564e-05,0.00011681900286930613
0.3125,7,Improved-gOMP,baseline,0.0023339849976764526,2.441000469843857e-05,0.0016503240003657993,0.00014989999908721074,3.198900230927393e-05,0.00017026200293912552
0.3125,7,Improved-gOMP,optimized,0.0010930860007647425,2.1788997401017696e-05,0.0005786429937870707,0.00021682399165001698,3.369300247868523e-05,0.00010688900147215463
0.3125,8,Improved-gOMP,baseline,0.002818020999256987,2.4777997168712318e-05,0.0021422210047603585,0.00015994900240912102,3.374199150130153e-05,0.00015049400462885387
0.3125,8,Improved-gOMP,optimized,0.000800576999608893,1.7014994227793068e-05,0.00047389200699399225,0.00017760199989425018,2.6236000849166885e-05,2.310996933374554e-06
0.3125,9,Improved-gOMP,baseline,0.0025872149999486282,2.6235997211188078e-05,0.00172751399804838,0.00016099099593702704,3.376600216142833e-05,0.00030560999584849924
0.3125,9,Improved-gOMP,optimized,0.0012798829993698746,2.0422998204594478e-05,0.0005122720031067729,0.000204258001758717,3.037700298591517e-05,0.000385195995477261
0.3125,10,Improved-gOMP,baseline,0.0028404320000845473,2.5544006348354742e-05,0.002012229000683874,0.00015396600065287203,3.235299664083868e-05,0.0002659679994394537
0.3125,10,Improved-gOMP,optimized,0.0013184279996494297,4.565999915939756e-05,0.0007048940024105832,0.0002649470006872434,3.8062004023231566e-05,0.00010177800140809268
0.3125,11,Improved-gOMP,baseline,0.0019926399982068688,2.2226991859497502e-05,0.00138532700293581,0.00014610899597755633,2.8665002901107073e-05,0.00014232299872674048
0.3125,11,Improved-gOMP,optimized,0.0009799270010262262,1.986399365705438e-05,0.0005059869945398532,0.00019824099945253693,3.039299917872995e-05,0.00010132500756299123
0.3125,12,Improved-gOMP,baseline,0.0019531079997250345,2.1723000827478245e-05,0.0013696199966943823,0.00014179399659042247,2.7591002435656264e-05,0.0001281689947063569
0.3125,12,Improved-gOMP,optimized,0.0014523739992000628,3.499299782561138e-05,0.000725189001968829,0.00038026699985493906,5.274900104268454e-05,0.0001018759940052405
0.3125,13,Improved-gOMP,baseline,0.002757695001491811,2.6815996534423903e-05,0.002036509002209641,0.00016763900202931836,3.170799755025655e-05,0.0001400440014549531
0.3125,13,Improved-gOMP,optimized,0.0011560040002223104,2.3078002413967624e-05,0.0006131820009613875,0.00023338699611485936,3.757900049095042e-05,0.00010888399629038759
0.3125,14,Improved-gOMP,baseline,0.002243791001092177,2.3525000869994983e-05,0.0016124879985000007,0.0001493380004831124,3.115199797321111e-05,0.00013672199929715134
0.3125,14,Improved-gOMP,optimized,0.0010271989995089825,2.1478997950907797e-05,0.0005295900009514298,0.00020195699471514672,3.0485000024782494e-05,0.00010151899550692178
0.3125,15,Improved-gOMP,baseline,0.003285503000370227,2.451499312883243e-05,0.0022110880054242443,0.00019677099771797657,4.006899689557031e-05,0.0004682139988290146
0.3125,15,Improved-gOMP,optimized,0.0011495180006022565,2.1523002942558378e-05,0.0005911729931540322,0.00022336299662129022,4.175800859229639e-05,0.00012899299690616317
0.3125,16,Improved-gOMP,baseline,0.0024071529987850226,2.7386005967855453e-05,0.0016056599997682497,0.00014390700016519986,2.8106998797738925e-05,0.00031442399995285086
0.3125,16,Improved-gOMP,optimized,0.0009870499998214655,3.0972998501965776e-05,0.0005093070067232475,0.00019479899856378324,2.9440008802339435e-05,9.727800352266058e-05
0.3125,17,Improved-gOMP,baseline,0.002571282002463704,2.6982997951563448e-05,0.0017280310021305922,0.0001489890019001905,2.9158003599150106e-05,0.0003569589971448295
0.3125,17,Improved-gOMP,optimized,0.0016527299994777422,2.435100032016635e-05,0.0007955729961395264,0.00025648700102465227,3.838100383291021e-05,0.0003878460011037532
0.3125,18,Improved-gOMP,baseline,0.002287295999849448,2.325000605196692e-05,0.001639770001929719,0.00014572200234397314,2.8834998374804854e-05,0.00015644199447706342
0.3125,18,Improved-gOMP,optimized,0.0007819109996489715,1.7755995941115543e-05,0.000455576999229379,0.00017922999904840253,2.610500087030232e-05,2.358996425755322e-06
0.3125,19,Improved-gOMP,baseline,0.002299337000295054,2.1866002498427406e-05,0.0015401960008603055,0.00014133599688648246,2.7091995434602723e-05,0.00030877899553161114
0.3125,19,Improved-gOMP,optimized,0.001030078001349466,2.2332002117764205e-05,0.0005338909977581352,0.0002000819986278657,3.083500268985517e-05,9.77729941951111e-05
0.375,0,Improved-gOMP,baseline,0.002464511002472136,4.3000000005122274e-05,0.0016211989968724083,0.00014637000276707113,3.357700552442111e-05,0.0002609839975775685
0.375,0,Improved-gOMP,optimized,0.0007899199990788475,1.83850024768617e-05,0.0004632400014088489,0.00017314500291831791,2.8609996661543846e-05,2.2899985197000206e-06
0.375,1,Improved-gOMP,baseline,0.0016940629975579213,2.150199725292623e-05,0.0011834890028694645,0.00011412399908294901,2.7374004275770858e-05,0.00012511299792095087
0.375,1,Improved-gOMP,optimized,0.0010527790000196546,2.374800169491209e-05,0.0005525480009964667,0.0002060389997495804,3.5287004720885307e-05,0.00010791199383675121
0.375,2,Improved-gOMP,baseline,0.002617084999656072,2.769699858617969e-05,0.0017862489949038718,0.00021591999757220037,5.6046996178338304e-05,0.00015041400183690712
0.375,2,Improved-gOMP,optimized,0.001118045998737216,2.321100328117609e-05,0.0005774179990112316,0.00023846399926696904,3.910299710696563e-05,0.00010760299483081326
0.375,3,Improved-gOMP,baseline,0.0025917860002664384,2.676199801499024e-05,0.0017545900045661256,0.0001514730065537151,3.298300362075679e-05,0.0003403650043765083
0.375,3,Improved-gOMP,optimized,0.0013878150020900648,2.5220997486030683e-05,0.0005738160070904996,0.00021188900791457854,3.618399932747707e-05,0.00040634499600855634
0.375,4,Improved-gOMP,baseline,0.002360932998271892,2.5549004931235686e-05,0.0016747699992265552,0.00015563999477308244,3.157000173814595e-05,0.0001762630017765332
0.375,4,Improved-gOMP,optimized,0.0010998750003636815,2.137999763363041e-05,0.0005492140007845592,0.00029065100170555525,6.701300662825815e-05,3.2320022000931203e-06
0.375,5,Improved-gOMP,baseline,0.0024595069990027696,2.6722002075985074e-05,0.0016639610039419495,0.00014487500448012725,3.1300998671213165e-05,0.00031769800261827186
0.375,5,Improved-gOMP,optimized,0.0011257990008743946,4.2193994886474684e-05,0.0005676560031133704,0.0002165300029446371,3.5906003176933154e-05,0.0001218999968841672
0.375,6,Improved-gOMP,baseline,0.002810294998198515,3.358899994054809e-05,0.0019825700001092628,0.0001679479937592987,5.963099465589039e-05,0.00016405499991378747
0.375,6,Improved-gOMP,optimized,0.0011982149990217295,2.771900108200498e-05,0.0006189360028656665,0.00025072799689951353,4.203500066068955e-05,0.00011477300358819775
0.375,7,Improved-gOMP,baseline,0.002243913997517666,2.7755992050515488e-05,0.0015835210033401381,0.0001622220006538555,3.638600537669845e-05,0.00014341400310513563
0.375,7,Improved-gOMP,optimized,0.0007873590002418496,2.0139999833190814e-05,0.0004435379960341379,0.00018598500173538923,3.1397004931932315e-05,2.1889973140787333e-06
0.375,8,Improved-gOMP,baseline,0.0015852169999561738,2.0874998881481588e-05,0.0012131910007155966,0.00011243300468777306,2.628500442369841e-05,2.673998096724972e-06
0.375,8,Improved-gOMP,optimized,0.0008142449987644795,1.914600215968676e-05,0.00047769500088179484,0.0001800090030883439,2.7922000299440697e-05,2.2930071281734854e-06
0.375,9,Improved-gOMP,baseline,0.0022235309988900553,2.6960995455738157e-05,0.0015608760004397482,0.0001511550035502296,3.8748999941162765e-05,0.0001397460036969278
0.375,9,Improved-gOMP,optimized,0.0012091500029782765,2.687100277398713e-05,0.0005604350044450257,0.00021449999621836469,5.113199949846603e-05,0.0002092950016958639
0.375,10,Improved-gOMP,baseline,0.002426049999485258,2.328300615772605e-05,0.0016524370003025979,0.00014354399900184944,2.9315997380763292e-05,0.0003062719988520257
0.375,10,Improved-gOMP,optimized,0.0009160120025626384,2.9523002012865618e-05,0.0004572430007101502,0.00017939700410352089,2.6140998670598492e-05,0.00010275699605699629
0.375,11,Improved-gOMP,baseline,0.0017189959980896674,2.362200029892847e-05,0.0012974789933650754,0.00014302199633675627,3.23390013363678e-05,2.8940012271050364e-06
0.375,11,Improved-gOMP,optimized,0.0014986370006226934,2.6835004973690957e-05,0.0007630030049767811,0.00023718100419500843,4.055000317748636e-05,0.0002484620017639827
0.375,12,Improved-gOMP,baseline,0.002064657997834729,2.46680028794799e-05,0.001452094002161175,0.00015193299987004139,3.16139921778813e-05,0.00013275499804876745
0.375,12,Improved-gOMP,optimized,0.001064357998984633,2.096599928336218e-05,0.0005644740049319807,0.00020894999761367217,3.4801996662281454e-05,0.00010435100193717517
0.375,13,Improved-gOMP,baseline,0.002046281999355415,2.177999704144895e-05,0.0014396520055015571,0.00012916299965581857,3.243800165364519e-05,0.000156568996317219
0.375,13,Improved-gOMP,optimized,0.001489774997025961,8.221499956562184e-05,0.0007596909963467624,0.00026862700178753585,4.7837995225563645e-05,0.00011591200018301606
0.375,14,Improved-gOMP,baseline,0.0027225399971939623,2.7635007427306846e-05,0.0018220230012957472,0.00015716999405412935,3.0959003197494894e-05,0.0003708869953698013
0.375,14,Improved-gOMP,optimized,0.001325622000877047,2.242900154669769e-05,0.0005613450048258528,0.0002742119977483526,3.5979006497655064e-05,0.00029710000308114104
0.375,15,Improved-gOMP,baseline,0.002252354002848733,5.4209998779697344e-05,0.001554515998577699,0.000150842999573797,3.4270000469405204e-05,0.00013129200306138955
0.375,15,Improved-gOMP,optimized,0.0012862590010627173,2.741300340858288e-05,0.0006704279985569883,0.00026100099057657644,5.0257011025678366e-05,0.0001206860069942195
0.375,16,Improved-gOMP,baseline,0.002209007001511054,2.212199251516722e-05,0.0015318499972636346,0.00012167399472673424,4.5988999772816896e-05,0.00012384000001475215
0.375,16,Improved-gOMP,optimized,0.0007801809988450259,1.8810002075042576e-05,0.0004409689936437644,0.0001755439989210572,2.6938003429677337e-05,2.240001776954159e-06
0.375,17,Improved-gOMP,baseline,0.002145864000340225,2.748999759205617e-05,0.001509984998847358,0.00014691199976368807,3.268600630690344e-05,0.0001326589954260271
0.375,17,Improved-gOMP,optimized,0.0010622929985402152,2.443899938953109e-05,0.0005578639975283295,0.0002056660014204681,4.0291997720487416e-05,0.000107561001641443
0.375,18,Improved-gOMP,baseline,0.0020173519988020416,2.3469998268410563e-05,0.0013950260035926476,0.0001547070023661945,3.1547002436127514e-05,0.00014258400187827647
0.375,18,Improved-gOMP,optimized,0.0017517330015834887,4.3112991988891736e-05,0.0009635969981900416,0.0003687619973788969,5.147000410943292e-05,0.00013952599692856893
0.375,19,Improved-gOMP,baseline,0.0020819959972868674,2.829200093401596e-05,0.0014513009955408052,0.00014352200378198177,3.396999818505719e-05,0.00013567500354838558
0.375,19,Improved-gOMP,optimized,0.0011717519992089365,2.653800038387999e-05,0.0006345029978547245,0.00022744799935026094,3.825300154858269e-05,0.00010650999684003182
0.4375,0,Improved-gOMP,baseline,0.002714505000767531,2.8584996471181512e-05,0.0017765690026863012,0.0001769010050338693,3.455399928498082e-05,0.00032319900856236927
0.4375,0,Improved-gOMP,optimized,0.0010888659999181982,2.2542004444403574e-05,0.0005651079954986926,0.0002147959967260249,3.4672000765567645e-05,0.00011933900532312691
0.4375,1,Improved-gOMP,baseline,0.0025508679973427206,3.3108000934589654e-05,0.00177250300112064,0.000152746000821935,3.626100078690797e-05,0.0001526260020909831
0.4375,1,Improved-gOMP,optimized,0.0016156649980985094,4.44149955001194e-05,0.0009204609923472162,0.0002843120055331383,4.4426997192204e-05,0.0001264910060854163
0.4375,2,Improved-gOMP,baseline,0.0015045069994812366,2.0787003450095654e-05,0.0011373189990990795,0.00011820900181191973,2.9698996513616294e-05,2.3190004867501557e-06
0.4375,2,Improved-gOMP,optimized,0.0007625299986102618,1.8686001567402855e-05,0.00044778700248571113,0.00016427899754489772,3.000599826918915e-05,2.3070024326443672e-06
0.4375,3,Improved-gOMP,baseline,0.0030892149989085738,3.898199793184176e-05,0.002123452999512665,0.0001871310014394112,5.686500298907049e-05,0.0003416319996176753
0.4375,3,Improved-gOMP,optimized,0.0010012079983425792,2.6708006771514192e-05,0.0005113030019856524,0.00019445000361884013,3.855600152746774e-05,0.0001025300043693278
0.4375,4,Improved-gOMP,baseline,0.0014540650008711964,1.978799991775304e-05,0.0011099440016550943,0.00010860299516934901,2.4677003239048645e-05,2.5049994292203337e-06
0.4375,4,Improved-gOMP,optimized,0.0010229409999737982,2.099200355587527e-05,0.0006332119955914095,0.00021810000180266798,3.114200080744922e-05,2.6120032998733222e-06
0.4375,5,Improved-gOMP,baseline,0.0022249230023589917,3.0838004022371024e-05,0.0015529760021308903,0.00016315500033670105,3.812100112554617e-05,0.0001356959946861025
0.4375,5,Improved-gOMP,optimized,0.0010945310023089405,2.6403999072499573e-05,0.0005715189981856383,0.00021515599655685946,3.8311998650897294e-05,0.00010867500168387778
0.4375,6,Improved-gOMP,baseline,0.002401028999884147,2.8073998691979796e-05,0.001606291003554361,0.000147636001202045,3.042199750780128e-05,0.00021231700156931765
0.4375,6,Improved-gOMP,optimized,0.0018538249969424214,3.195899989805184e-05,0.0010035149971372448,0.0004029810006613843,6.849800047348253e-05,0.00013298399426275864
0.4375,7,Improved-gOMP,baseline,0.002668515000550542,3.091599865001626e-05,0.0017679720003798138,0.00017195499458466657,4.046198955620639e-05,0.00034609799695317633
0.4375,7,Improved-gOMP,optimized,0.0014834169996902347,3.3277996408287436e-05,0.0007343239994952455,0.00036897100289934315,5.5908996728248894e-05,0.00011980700583080761
0.4375,8,Improved-gOMP,baseline,0.0028036389994667843,2.592999953776598e-05,0.001890321000246331,0.00016218099699472077,3.453399767749943e-05,0.0003837590047623962
0.4375,8,Improved-gOMP,optimized,0.0011935229995287955,2.3663000320084393e-05,0.0005631029962387402,0.0002938529978564475,3.953700070269406e-05,0.00013357799616642296
0.4375,9,Improved-gOMP,baseline,0.002923871001257794,5.1508002798072994e-05,0.0019071540082222782,0.00016016799781937152,9.107599908020347e-05,0.00022879900643602014
0.4375,9,Improved-gOMP,optimized,0.0011676719987008255,2.923899592133239e-05,0.0005649459999403916,0.0002850600030797068,4.088800051249564e-05,0.00010858200039365329
0.4375,10,Improved-gOMP,baseline,0.001716301998385461,2.0266004867153242e-05,0.001155116995505523,0.00011426800119807012,2.475300061632879e-05,0.00015813600111869164
0.4375,10,Improved-gOMP,optimized,0.0016981199987640139,7.41239964554552e-05,0.0007155570056056604,0.00024354500055778772,4.273499143891968e-05,0.0004361180035630241
0.4375,11,Improved-gOMP,baseline,0.0030636390001745895,5.812700328533538e-05,0.0020263099977455568,0.00016122200395329855,3.9255002775462344e-05,0.0003866320039378479
0.4375,11,Improved-gOMP,optimized,0.0011385830002836883,2.76890023087617e-05,0.0005983449991617817,0.00022370800434146076,3.951599865104072e-05,0.00010913100049947388
0.4375,12,Improved-gOMP,baseline,0.00206446299853269,2.4184995709219947e-05,0.0014369919954333454,0.0001374120074615348,2.905500150518492e-05,0.0001447749928047415
0.4375,12,Improved-gOMP,optimized,0.0010374140001658816,2.2886997612658888e-05,0.0005456670005514752,0.00020255299750715494,3.4656000934774056e-05,9.879000208457e-05
0.4375,13,Improved-gOMP,baseline,0.0024592490008217283,2.7228001272305846e-05,0.0019802470014838036,0.00014676499995402992,3.7474004784598947e-05,2.8030044632032514e-06
0.4375,13,Improved-gOMP,optimized,0.0012104800007364247,2.7101996238343418e-05,0.0006741799988958519,0.00022019600510247983,5.294799848343246e-05,2.4950022634584457e-06
0.4375,14,Improved-gOMP,baseline,0.0020284940001147334,2.8441998438211158e-05,0.001364524996461114,0.0001336880050075706,2.9508992156479508e-05,0.00018110999735654332
0.4375,14,Improved-gOMP,optimized,0.0009436489999643527,1.8925995391327888e-05,0.00046881099842721596,0.0002694770009838976,4.89330013806466e-05,2.99799648928456e-06
0.4375,15,Improved-gOMP,baseline,0.0027542530006030574,3.3157997677335516e-05,0.001967302006960381,0.00019608799630077556,4.590199387166649e-05,0.00016212600166909397
0.4375,15,Improved-gOMP,optimized,0.001145152000390226,2.7536996640264988e-05,0.0005841659949510358,0.00024151199613697827,4.0961003833217546e-05,0.00011216399798286147
0.4375,16,Improved-gOMP,baseline,0.00216775700027938,2.4257999029941857e-05,0.0014483809973171446,0.00015375399743788876,3.217599805793725e-05,0.00023519600290455855
0.4375,16,Improved-gOMP,optimized,0.001079948000551667,2.25589974434115e-05,0.0005672000006597955,0.000213408002309734,3.606400059652515e-05,0.0001071579972631298
0.4375,17,Improved-gOMP,baseline,0.0020699640008388087,2.839599983417429e-05,0.0014341530004458036,0.00014062199988984503,5.2006998885190114e-05,0.0001482619991293177
0.4375,17,Improved-gOMP,optimized,0.0009531499999866355,2.3025000700727105e-05,0.0004903560002276208,0.00018519199511501938,3.213500167476013e-05,0.0001048580052156467
0.4375,18,Improved-gOMP,baseline,0.0015828979994694237,2.489400139893405e-05,0.0012089230040146504,0.00011069699758081697,2.5729001208674163e-05,4.397999873617664e-06
0.4375,18,Improved-gOMP,optimized,0.0008180600016203243,1.8575992726255208e-05,0.00047783500122022815,0.00018182399799115956,2.902300184359774e-05,2.2189960873220116e-06
0.4375,19,Improved-gOMP,baseline,0.0023834139974496793,3.440400178078562e-05,0.0016583379983785562,0.00016315100219799206,3.8178000977495685e-05,0.00017172099978779443
0.4375,19,Improved-gOMP,optimized,0.0013769670003966894,2.990299617522396e-05,0.0007259029989654664,0.00026120500115212053,4.6922999899834394e-05,0.0001292120032303501
0.5,0,Improved-gOMP,baseline,0.0019420459975663107,2.8345006285235286e-05,0.0014921220026735682,0.00012623500151676126,3.461700180196203e-05,2.831002348102629e-06
0.5,0,Improved-gOMP,optimized,0.0009111590006796177,2.586200207588263e-05,0.0005234520031081047,0.00020634600150515325,3.8074002077337354e-05,2.430002496112138e-06
0.5,1,Improved-gOMP,baseline,0.002280281001731055,2.5583001843187958e-05,0.0015892330011411104,0.00016796500131022185,3.83080005121883e-05,0.00016784899708000012
0.5,1,Improved-gOMP,optimized,0.0012706669986073393,2.6554997020866722e-05,0.0006589610020455439,0.00024849399778759107,5.46850060345605e-05,0.00011874099800479598
0.5,2,Improved-gOMP,baseline,0.0022396879976440687,3.113399725407362e-05,0.0015405229933094233,0.0001705069953459315,4.212299609207548e-05,0.00014419699436984956
0.5,2,Improved-gOMP,optimized,0.0011282300001766998,2.922399653471075e-05,0.0005856419993506279,0.00022079499831306748,4.14120004279539e-05,0.00011043800986954011
0.5,3,Improved-gOMP,baseline,0.0022404609990189783,2.6585999876260757e-05,0.001535865001642378,0.00017537300300318748,3.6821998946834356e-05,0.00013341499652597122
0.5,3,Improved-gOMP,optimized,0.0021216380009718705,3.314000423415564e-05,0.0011978930015175138,0.00031439999293070287,0.00010891400233958848,0.00014949300020816736
0.5,4,Improved-gOMP,baseline,0.002770931998384185,3.175899473717436e-05,0.001896691999718314,0.00015734400221845135,3.874800313496962e-05,0.0003551920017343946
0.5,4,Improved-gOMP,optimized,0.0009891510017041583,2.434699854347855e-05,0.0004985359992133453,0.00020224599575158209,3.56760028807912e-05,0.00010907099203905091
0.5,5,Improved-gOMP,baseline,0.0026295940006093588,3.309799649287015e-05,0.0018838309988495894,0.00016526899707969278,5.526599852601066e-05,0.00015418798648170196
0.5,5,Improved-gOMP,optimized,0.0011831859992526006,2.493699503247626e-05,0.0006240089969651308,0.00022075100423535332,3.795999873545952e-05,0.00013739899804932065
0.5,6,Improved-gOMP,baseline,0.0022616860005655326,3.308600207674317e-05,0.0015966379978635814,0.0001628580030228477,3.963999915868044e-05,0.000139863997901557
0.5,6,Improved-gOMP,optimized,0.001097796997783007,2.8272002964513376e-05,0.0005778969971288461,0.0002107900036207866,4.035901292809285e-05,0.0001095609950425569
0.5,7,Improved-gOMP,baseline,0.00209393100158195,2.7545996999833733e-05,0.00144458599970676,0.0001480310020269826,3.3953994716284797e-05,0.00014124300287221558
0.5,7,Improved-gOMP,optimized,0.001144277001003502,2.6952995540341362e-05,0.0005772430049546529,0.00022248600362217985,3.991000266978517e-05,0.0001304159995925147
0.5,8,Improved-gOMP,baseline,0.0022715310005878564,4.4799005991080776e-05,0.0015726300043752417,0.00015800899927853607,3.820299752987921e-05,0.00013677300012204796
0.5,8,Improved-gOMP,optimized,0.0011782859983213712,3.042699972866103e-05,0.000618427999143023,0.00022746600006939843,4.153499685344286e-05,0.00010900299821514636
0.5,9,Improved-gOMP,baseline,0.002044752000074368,2.5182995159411803e-05,0.0014434469958359841,0.0001399950051563792,3.278099757153541e-05,0.00013519200001610443
0.5,9,Improved-gOMP,optimized,0.0010975590012094472,2.5044002541108057e-05,0.0005657649962813593,0.00021035600002505817,4.410000110510737e-05,0.00010881201160373166
0.5,10,Improved-gOMP,baseline,0.002717504001338966,3.298299998277798e-05,0.001936125994689064,0.0001517389973741956,3.902800381183624e-05,0.00025361599909956567
0.5,10,Improved-gOMP,optimized,0.0012932580029882956,3.491099414532073e-05,0.0005839510013174731,0.0003693790022225585,5.119900015415624e-05,0.00010850900071091019
0.5,11,Improved-gOMP,baseline,0.0028282519997446798,2.7263991796644405e-05,0.0018479449936421588,0.0001732660057314206,7.699500201852061e-05,0.000392842004657723
0.5,11,Improved-gOMP,optimized,0.0014444010012084618,2.6436999178258702e-05,0.0006459810028900392,0.00023527300072601065,4.045199602842331e-05,0.0003444099966145586
0.5,12,Improved-gOMP,baseline,0.003034557001228677,3.747299706446938e-05,0.0021956400014460087,0.00020409300122992136,7.282000660779886e-05,0.00016396600403822958
0.5,12,Improved-gOMP,optimized,0.0012592279999807943,2.923699503298849e-05,0.0006082220024836715,0.00022764199820812792,4.288699710741639e-05,0.00019679800607264042
0.5,13,Improved-gOMP,baseline,0.0021412139976746403,2.6767997042043135e-05,0.0015158379937929567,0.00014763699437025934,3.390700294403359e-05,0.00013285900058690459
0.5,13,Improved-gOMP,optimized,0.001058874997397652,2.4388995370827615e-05,0.0005471050026244484,0.00021084200125187635,3.740200190804899e-05,0.0001073889943654649
0.5,14,Improved-gOMP,baseline,0.002186752000852721,3.613300577853806e-05,0.0015340019963332452,0.00015556599464616738,3.84519953513518e-05,0.00013851599578629248
0.5,14,Improved-gOMP,optimized,0.0011427540011936799,2.8841001039836556e-05,0.0005486079971888103,0.00021378300516516902,4.013200305053033e-05,0.00017195599866681732
0.5,15,Improved-gOMP,baseline,0.0015656370014767163,2.077499812003225e-05,0.001205247001053067,0.0001159210005425848,2.706899613258429e-05,2.5370027287863195e-06
0.5,15,Improved-gOMP,optimized,0.0010894629995163996,8.42200024635531e-05,0.0006627399998251349,0.00018684899623622186,2.852000397979282e-05,2.2330023057293147e-06
0.5,16,Improved-gOMP,baseline,0.0018041000002995133,3.126600495306775e-05,0.0013485339950420894,0.00012990299728699028,3.865100006805733e-05,2.5369990908075124e-06
0.5,16,Improved-gOMP,optimized,0.0007874290022300556,2.3879001673776656e-05,0.00044584299394045956,0.00018063899915432557,3.453599856584333e-05,2.24899486056529e-06
0.5,17,Improved-gOMP,baseline,0.002627220997965196,2.6320001779822633e-05,0.0017626179978833534,0.00015987200458766893,3.3677999454084784e-05,0.0003521790058584884
0.5,17,Improved-gOMP,optimized,0.0008003510010894388,1.9813996914308518e-05,0.00047303299288614653,0.00017273400226258673,3.0151004466461018e-05,2.258995664305985e-06
0.5,18,Improved-gOMP,baseline,0.002583448000223143,3.062398900510743e-05,0.0018323479962418787,0.0001608199963811785,5.385400072555058e-05,0.00020064099953742698
0.5,18,Improved-gOMP,optimized,0.0011423870018916205,3.0592000257456675e-05,0.0005864439990546089,0.0002238509987364523,4.284699753043242e-05,0.00012000300193903968
0.5,19,Improved-gOMP,baseline,0.0015409430016006809,2.1796000510221347e-05,0.0011734489926311653,0.00012112100375816226,2.7499001589603722e-05,2.3690045054536313e-06
0.5,19,Improved-gOMP,optimized,0.0008907209994504228,2.1255000319797546e-05,0.0005095460001030006,0.00020806999964406714,3.5842993383994326e-05,2.262997440993786e-06
0.5625,0,Improved-gOMP,baseline,0.0022721109999110922,2.8938997274963185e-05,0.0017627169982006308,0.0001601899930392392,3.920399467460811e-05,3.092998667852953e-06
0.5625,0,Improved-gOMP,optimized,0.0006861949987069238,1.765600245562382e-05,0.00039080099668353796,0.00015806099690962583,2.80639978882391e-05,1.9079998310189694e-06
0.5625,1,Improved-gOMP,baseline,0.0021973349976178724,3.283100522821769e-05,0.0015527630021097139,0.0001523159990028944,3.9530001231469214e-05,0.00013947399565950036
0.5625,1,Improved-gOMP,optimized,0.0011549339978955686,2.8826994821429253e-05,0.0006201189971761778,0.00021179699979256839,4.194600478513166e-05,0.0001090240002667997
0.5625,2,Improved-gOMP,baseline,0.003751326999918092,3.4387998312013224e-05,0.0028441680005926173,0.00025608500800444745,5.402599344961345e-05,0.0001860650081653148
0.5625,2,Improved-gOMP,optimized,0.0012360500004433561,2.6575999072520062e-05,0.0006428399974538479,0.00025654099954408593,4.350799645180814e-05,0.00012295700071263127
0.5625,3,Improved-gOMP,baseline,0.001619721999304602,2.6279998564859852e-05,0.0012390760057314765,0.0001173129967355635,3.463899702182971e-05,2.58199725067243e-06
0.5625,3,Improved-gOMP,optimized,0.0008462020014121663,2.4161003238987178e-05,0.0005033430061303079,0.00017894099801196717,3.469999865046702e-05,2.4139990273397416e-06
0.5625,4,Improved-gOMP,baseline,0.0029774280010315124,3.4154003515141085e-05,0.002018057002715068,0.00018041500152321532,4.448900290299207e-05,0.00036146899583400227
0.5625,4,Improved-gOMP,optimized,0.001181420997454552,2.7073005185229704e-05,0.000617132998740999,0.00022952700237510726,4.6141998609527946e-05,0.00011644700134638697
0.5625,5,Improved-gOMP,baseline,0.0016146110028785188,2.540999776101671e-05,0.0012419790000421926,0.00011392600208637305,3.113799903076142e-05,2.3860011424403638e-06
0.5625,5,Improved-gOMP,optimized,0.0008347529983439017,2.4639000912429765e-05,0.00048675799916964024,0.00018083499890053645,3.485299748717807e-05,2.3239990696310997e-06
0.5625,6,Improved-gOMP,baseline,0.0023725020000711083,2.8742993890773505e-05,0.001640200996916974,0.00016161900202860124,3.849499989883043e-05,0.00019452700507827103
0.5625,6,Improved-gOMP,optimized,0.0012016430009680334,2.811299782479182e-05,0.0006134429931989871,0.00024970500089693815,4.2687999666668475e-05,0.00011469800301711075
0.5625,7,Improved-gOMP,baseline,0.002250692999950843,3.117100277449936e-05,0.0015364199971372727,0.00015086899657035246,3.834100061794743e-05,0.00018536300558480434
0.5625,7,Improved-gOMP,optimized,0.0013764220020675566,5.8052002714248374e-05,0.0007144709998101462,0.0002448130071570631,6.935200144653209e-05,0.00013026500892010517
0.5625,8,Improved-gOMP,baseline,0.0023624679997737985,3.054400076507591e-05,0.0016608000041742343,0.00016899899492273107,3.9264996303245425e-05,0.00014821399599895813
0.5625,8,Improved-gOMP,optimized,0.001202272000227822,2.599999788799323e-05,0.0005758359984611161,0.00024957900313893333,4.8426005378132686e-05,0.00015832099597901106
0.5625,9,Improved-gOMP,baseline,0.0018368180026300251,3.0698003683937714e-05,0.0014065869982005097,0.00011998600530205294,3.434000245761126e-05,2.8149988793302327e-06
0.5625,9,Improved-gOMP,optimized,0.000911305000045104,2.4818993551889434e-05,0.0005267919950711075,0.00021094099793117493,3.6490997445071116e-05,2.429002051940188e-06
0.5625,10,Improved-gOMP,baseline,0.0017319529979431536,2.5619003281462938e-05,0.0013071840003249235,0.00013974399553262629,3.5688997741090134e-05,2.793000021483749e-06
0.5625,10,Improved-gOMP,optimized,0.001104163999116281,2.393800241407007e-05,0.0006666179979220033,0.0002334810014872346,3.980999463237822e-05,2.8479989850893617e-06
0.5625,11,Improved-gOMP,baseline,0.002197118999902159,3.17210033244919e-05,0.0015385349979624152,0.00015275400437531061,5.124300514580682e-05,0.00013911700443713926
0.5625,11,Improved-gOMP,optimized,0.0015551579999737442,2.856900027836673e-05,0.0005726470008085016,0.00021163499695830978,4.14140013162978e-05,0.0005297910029185005
0.5625,12,Improved-gOMP,baseline,0.0022451449985965155,2.9036997148068622e-05,0.001582198001415236,0.00015804700160515495,3.807799657806754e-05,0.00014393299716175534
0.5625,12,Improved-gOMP,optimized,0.0013393959998211358,2.9057999199721962e-05,0.0007226230009109713,0.00025055399964912795,5.043899727752432e-05,0.00013254999794298783
0.5625,13,Improved-gOMP,baseline,0.002296411999850534,3.3846994483610615e-05,0.0015503479953622445,0.00016668399621266872,5.243299892754294e-05,0.00014298899623099715
0.5625,13,Improved-gOMP,optimized,0.0011903899976459797,3.0320003133965656e-05,0.0006285639974521473,0.00021964999905321747,4.163700214121491e-05,0.0001290560030611232
0.5625,14,Improved-gOMP,baseline,0.002629623002576409,6.573800419573672e-05,0.0019479490038065705,0.00023108700042939745,8.023500049603172e-05,3.1289964681491256e-06
0.5625,14,Improved-gOMP,optimized,0.0012120979990868364,3.374399966560304e-05,0.0006618320003326517,0.00029118600286892615,6.040200241841376e-05,3.2340030884370208e-06
0.5625,15,Improved-gOMP,baseline,0.002633847001561662,3.996700615971349e-05,0.0018314020016987342,0.0001918460038723424,4.688100307248533e-05,0.00014357300460687838
0.5625,15,Improved-gOMP,optimized,0.0011150509999424685,2.9436996555887163e-05,0.0005817370001750533,0.00021699300123145804,4.0970000554807484e-05,0.00011309200635878369
0.5625,16,Improved-gOMP,baseline,0.0022995149993221276,3.607499456848018e-05,0.0016409970085078385,0.0001585200006957166,3.6852998164249584e-05,0.00013860000035492703
0.5625,16,Improved-gOMP,optimized,0.0016880709990800824,3.3207998058060184e-05,0.0009415580025233794,0.00026589000117382966,5.042499833507463e-05,0.000201287999516353
0.5625,17,Improved-gOMP,baseline,0.002345146996958647,3.4397002309560776e-05,0.0016676290033501573,0.00015587500092806295,4.090199581696652e-05,0.00014763899525860325
0.5625,17,Improved-gOMP,optimized,0.001163029002782423,2.9926999559393153e-05,0.0005819239959237166,0.00025932300195563585,4.453400106285699e-05,0.0001144660018326249
0.5625,18,Improved-gOMP,baseline,0.00263160800022888,2.8115991881350055e-05,0.0016577160022279713,0.00015953599722706713,3.6565001209964976e-05,0.00021686598847736605
0.5625,18,Improved-gOMP,optimized,0.0018479509999451693,4.6197001211112365e-05,0.0008594580031058285,0.00035796100564766675,0.000218933004362043,0.00012972400145372376
0.5625,19,Improved-gOMP,baseline,0.002332017000298947,3.460500738583505e-05,0.0016385310045734514,0.0001605140023457352,4.226400051265955e-05,0.00014280600589700043
0.5625,19,Improved-gOMP,optimized,0.001564736998261651,4.2694991861935705e-05,0.0009009680034068879,0.00025142500089714304,4.872399949817918e-05,0.0001563909936521668
0.625,0,Improved-gOMP,baseline,0.0031183829996734858,0.00010286299584549852,0.0021738799987360835,0.00021352299881982617,5.481400148710236e-05,0.00018219800404040143
0.625,0,Improved-gOMP,optimized,0.0010096520018123556,2.8346996259642765e-05,0.0006013659985910635,0.00021398299941211008,4.203700154903345e-05,2.691998815862462e-06
0.625,1,Improved-gOMP,baseline,0.0023923510016174987,3.225899490644224e-05,0.001818233995436458,0.00019264599905000068,6.095799835748039e-05,3.511999238980934e-06
0.625,1,Improved-gOMP,optimized,0.0010297389999323059,3.0354000045917928e-05,0.0005731900055252481,0.00022297500254353508,4.391699985717423e-05,2.6240013539791107e-06
0.625,2,Improved-gOMP,baseline,0.0021912029988016,3.3511001674924046e-05,0.0015444450036739,0.00014600400390918367,3.9980001020012423e-05,0.00014334799561765976
0.625,2,Improved-gOMP,optimized,0.0012205090024508536,3.2084000849863514e-05,0.0005972000035399105,0.00023289700038731098,4.430799890542403e-05,0.00017459000082453713
0.625,3,Improved-gOMP,baseline,0.0018017049987975042,2.5200002710334957e-05,0.0013909490007790737,0.0001271539986191783,3.3823002013377845e-05,2.663000486791134e-06
0.625,3,Improved-gOMP,optimized,0.0007813929987605661,4.5296001189853996e-05,0.0004375179996713996,0.00016444499851786532,3.2758998713688925e-05,2.0220031728968024e-06
0.625,4,Improved-gOMP,baseline,0.002525372001400683,3.524999556248076e-05,0.0018079849978676066,0.00017097900490625761,4.301100125303492e-05,0.00014597199333366007
0.625,4,Improved-gOMP,optimized,0.0012325140014581848,3.319499592180364e-05,0.000645725001959363,0.00022975200408836827,4.666800668928772e-05,0.000132897992443759
0.625,5,Improved-gOMP,baseline,0.0025583429996913765,3.101500988123007e-05,0.0018280940057593398,0.00019083599909208715,4.229799742461182e-05,0.00014287400335888378
0.625,5,Improved-gOMP,optimized,0.0015226870018523186,2.827299977070652e-05,0.0008871089994499926,0.0002620599952933844,4.352799805928953e-05,0.00015700399308116175
0.625,6,Improved-gOMP,baseline,0.0016291889987769537,2.7761001547332853e-05,0.0012507449973782059,0.00011547800022526644,3.45009975717403e-05,2.4930050130933523e-06
0.625,6,Improved-gOMP,optimized,0.0008652830001665279,2.751600186456926e-05,0.0004970690024492797,0.00018772400653688237,4.153099871473387e-05,2.395998308202252e-06
0.625,7,Improved-gOMP,baseline,0.0026402490002510604,3.361700146342628e-05,0.002086430002236739,0.00019951600188505836,4.763500328408554e-05,2.8760005079675466e-06
0.625,7,Improved-gOMP,optimized,0.0010781380005937535,2.53529979090672e-05,0.000604559994826559,0.0002489540020178538,5.5800002883188426e-05,2.717988536460325e-06
0.625,8,Improved-gOMP,baseline,0.0023074579985404853,3.3832995541160926e-05,0.0015985339996404946,0.0001680490022408776,4.375099888420664e-05,0.000164108001627028
0.625,8,Improved-gOMP,optimized,0.001367605000268668,3.780099723371677e-05,0.0007025179947959259,0.0002587829985714052,5.4708994866814464e-05,0.0001577240036567673
0.625,9,Improved-gOMP,baseline,0.00252225000076578,3.162400389555842e-05,0.0017811809993872885,0.00017203100287588313,4.1269002394983545e-05,0.00016721099746064283
0.625,9,Improved-gOMP,optimized,0.0011782649999076966,2.74359954346437e-05,0.0006198800037964247,0.0002259560023958329,4.322600216255523e-05,0.00011946899758186191
0.625,10,Improved-gOMP,baseline,0.002369391000684118,3.31109986291267e-05,0.001683896996837575,0.00016459700054838322,4.165399514022283e-05,0.00014863700198475271
0.625,10,Improved-gOMP,optimized,0.001539535998745123,3.694700717460364e-05,0.0008441879981546663,0.00027465500170364976,6.081499668653123e-05,0.00014675400234409608
0.625,11,Improved-gOMP,baseline,0.0018101080022461247,2.5401001039426774e-05,0.0013960489923192654,0.000128233998111682,3.424400347284973e-05,2.787004632409662e-06
0.625,11,Improved-gOMP,optimized,0.0008390490002057049,2.2190997697180137e-05,0.0004872130011790432,0.00018481499864719808,3.476499841781333e-05,2.233999111922458e-06
0.625,12,Improved-gOMP,baseline,0.002819785000610864,4.221100243739784e-05,0.0020247400025255047,0.0002003030022024177,5.211999814491719e-05,0.00015328199879149906
0.625,12,Improved-gOMP,optimized,0.0008541030001651961,2.6467001589480788e-05,0.0004760610027005896,0.00018723299945122562,3.623600059654564e-05,2.3289976525120437e-06
0.625,13,Improved-gOMP,baseline,0.0022951669998292346,2.9850001737941056e-05,0.001616860998183256,0.00016832199980854057,4.075500328326598e-05,0.00014460999955190346
0.625,13,Improved-gOMP,optimized,0.001132378001784673,2.6271998649463058e-05,0.0005729980002797674,0.00022840699966764078,4.3961004848824814e-05,0.00011948500105063431
0.625,14,Improved-gOMP,baseline,0.002435743997921236,3.4374999813735485e-05,0.0017269130003114697,0.00016307399710058235,4.223799624014646e-05,0.00016456700905109756
0.625,14,Improved-gOMP,optimized,0.00114324100286467,3.297299554105848e-05,0.0006005989998811856,0.00021863099755137227,4.3957999878330156e-05,0.00011005099804606289
0.625,15,Improved-gOMP,baseline,0.0023520060021837708,3.325500074424781e-05,0.001666195003053872,0.00015985800200724043,3.727999501279555e-05,0.0001436589955119416
0.625,15,Improved-gOMP,optimized,0.00121675700211199,2.6470006559975445e-05,0.0006614210033148993,0.0002288859977852553,4.079899736098014e-05,0.00012012299703201279
0.625,16,Improved-gOMP,baseline,0.002369355999690015,3.7581008655251935e-05,0.0016775880030763801,0.00016560299627599306,4.283700036467053e-05,0.0001443069959350396
0.625,16,Improved-gOMP,optimized,0.0011910079992958345,3.220199505449273e-05,0.0006090230017434806,0.0002385910011071246,4.909499693894759e-05,0.00011625000115600415
0.625,17,Improved-gOMP,baseline,0.0016819740012579132,2.3557997337775305e-05,0.0012917130079586059,0.00012075699851266108,3.073900370509364e-05,2.5809968065004796e-06
0.625,17,Improved-gOMP,optimized,0.000917787998332642,2.499399852240458e-05,0.0005314169975463301,0.00018940700101666152,4.952599556418136e-05,2.4810033210087568e-06
0.625,18,Improved-gOMP,baseline,0.002802318998874398,3.2797001040307805e-05,0.0018870989952119999,0.00017212700186064467,4.224800431984477e-05,0.00037393900493043475
0.625,18,Improved-gOMP,optimized,0.0013455910011543892,4.277199332136661e-05,0.0005832189999637194,0.00021335000201361254,4.266599353286438e-05,0.00032763400668045506
0.625,19,Improved-gOMP,baseline,0.0027243879994784947,3.0262999644037336e-05,0.001978904998395592,0.00017899099475471303,4.0684004488866776e-05,0.00017338099860353395
0.625,19,Improved-gOMP,optimized,0.0010319130014977418,2.370199581491761e-05,0.000528792996192351,0.00020250000306987204,3.508700319798663e-05,0.00011518499377416447
