ablation_variant,trial,algorithm,implementation,runtime_sec,correlation_time_sec,selection_time_sec,solve_time_sec,residual_update_time_sec,support_refinement_time_sec
full_suite,0,gOMP+Adaptive+NoiseAware,optimized,0.0008848639990901574,2.215200220234692e-05,0.0005465760041261092,0.00014790898421779275,3.3558011637069285e-05,3.0980154406279325e-06
full_suite,1,gOMP+Adaptive+NoiseAware,optimized,0.000786727003287524,1.838301250245422e-05,0.00047899999481160194,0.00014938101230654866,2.8354988899081945e-05,2.663000486791134e-06
full_suite,2,gOMP+Adaptive+NoiseAware,optimized,0.001298143994063139,2.3366999812424183e-05,0.0006560190086020157,0.00021376099903136492,5.737699393648654e-05,0.00018314900808036327
full_suite,3,gOMP+Adaptive+NoiseAware,optimized,0.0008435320050921291,2.3225991753861308e-05,0.0004950949805788696,0.00017066800501197577,3.803499566856772e-05,2.69600423052907e-06
full_suite,4,gOMP+Adaptive+NoiseAware,optimized,0.001430161006283015,8.570999489165843e-05,0.0008638279978185892,0.00019802899623755366,4.796698340214789e-05,3.7170102586969733e-06
full_suite,5,gOMP+Adaptive+NoiseAware,optimized,0.000747397993109189,1.918199995998293e-05,0.00045669698738493025,0.0001305820042034611,2.803497773129493e-05,2.7740024961531162e-06
full_suite,6,gOMP+Adaptive+NoiseAware,optimized,0.0009963630000129342,2.2506981622427702e-05,0.000531413999851793,0.00015760101086925715,3.660201036836952e-05,0.00012708199210464954
full_suite,7,gOMP+Adaptive+NoiseAware,optimized,0.0024457270046696067,3.928600926883519e-05,0.0014197210111888126,0.00036202101910021156,8.466000144835562e-05,0.0002479420363670215
full_suite,8,gOMP+Adaptive+NoiseAware,optimized,0.0007424649957101792,2.1230996935628355e-05,0.0004539800138445571,0.00012887699995189905,3.051498788408935e-05,2.7460046112537384e-06
full_suite,9,gOMP+Adaptive+NoiseAware,optimized,0.0009437520056962967,2.269198012072593e-05,0.0005206010100664571,0.00021623499924317002,4.527400596998632e-05,3.252978785894811e-06
full_suite,10,gOMP+Adaptive+NoiseAware,optimized,0.0012202079960843548,3.146500966977328e-05,0.0006253620231291279,0.00020856100309174508,5.227699875831604e-05,0.00014387899136636406
full_suite,11,gOMP+Adaptive+NoiseAware,optimized,0.001146705006249249,2.3226006305776536e-05,0.0006097920268075541,0.0001988279982469976,3.6475001252256334e-05,0.00014103797730058432
full_suite,12,gOMP+Adaptive+NoiseAware,optimized,0.0009731320024002343,2.3337997845374048e-05,0.0005424370028777048,0.00017723100609146059,3.7142992368899286e-05,3.309978637844324e-06
full_suite,13,gOMP+Adaptive+NoiseAware,optimized,0.0008727829990675673,1.9942002836614847e-05,0.0005265630024950951,0.00016720399435143918,3.3257005270570517e-05,3.1590170692652464e-06
full_suite,14,gOMP+Adaptive+NoiseAware,optimized,0.0006472750101238489,1.7662998288869858e-05,0.000384244995075278,0.00011770299170166254,2.6627996703609824e-05,2.06800177693367e-06
full_suite,15,gOMP+Adaptive+NoiseAware,optimized,0.0010588820005068555,2.258301537949592e-05,0.0005573630187427625,0.00019186899589840323,3.6684024962596595e-05,0.000123922000057064
full_suite,16,gOMP+Adaptive+NoiseAware,optimized,0.001038923001033254,3.4438984584994614e-05,0.0006267399730859324,0.00019742801669053733,4.213901411276311e-05,3.0180090107023716e-06
full_suite,17,gOMP+Adaptive+NoiseAware,optimized,0.0009190290002152324,2.5608984287828207e-05,0.0005476930091390386,0.00017286799266003072,4.6415996621362865e-05,4.114990588277578e-06
full_suite,18,gOMP+Adaptive+NoiseAware,optimized,0.000826339004561305,1.9536004401743412e-05,0.0004864320217166096,0.0001591560139786452,3.246698179282248e-05,2.873988705687225e-06
full_suite,19,gOMP+Adaptive+NoiseAware,optimized,0.001172514006611891,2.552199293859303e-05,0.000635207979939878,0.00020459300139918923,4.136201459914446e-05,0.0001322790194535628
full_suite,20,gOMP+Adaptive+NoiseAware,optimized,0.0008208840008592233,1.8894003005698323e-05,0.0004897799808532,0.0001609490136615932,2.9681992600671947e-05,2.5170011213049293e-06
full_suite,21,gOMP+Adaptive+NoiseAware,optimized,0.0010677440004656091,2.477102680131793e-05,0.0005787940172012895,0.00016306500765495002,3.7004007026553154e-05,0.00013898700126446784
full_suite,22,gOMP+Adaptive+NoiseAware,optimized,0.0012200490018585697,2.9117029043845832e-05,0.0006291440076893196,0.00021739698422607034,4.55100234830752e-05,0.00013561398372985423
full_suite,23,gOMP+Adaptive+NoiseAware,optimized,0.0017670800007181242,3.3297998015768826e-05,0.000996469025267288,0.00031153997406363487,7.754600665066391e-05,0.00015294998593162745
full_suite,24,gOMP+Adaptive+NoiseAware,optimized,0.0010009910038206726,2.827600110322237e-05,0.000577441998757422,0.00017020301311276853,7.82679853728041e-05,2.9469956643879414e-06
full_suite,25,gOMP+Adaptive+NoiseAware,optimized,0.001124718997743912,2.5720990379340947e-05,0.0005874720227438956,0.000204667987418361,3.963400376960635e-05,0.0001406130031682551
full_suite,26,gOMP+Adaptive+NoiseAware,optimized,0.0012446230102796108,2.4303022655658424e-05,0.000677803996950388,0.00018936699780169874,3.7806006730534136e-05,0.00015028100460767746
full_suite,27,gOMP+Adaptive+NoiseAware,optimized,0.0018242730002384633,4.283899033907801e-05,0.0009186739916913211,0.00028943798679392785,8.40499997138977e-05,0.00022441899636760354
full_suite,28,gOMP+Adaptive+NoiseAware,optimized,0.0010373659897595644,2.1230982383713126e-05,0.0005689509853255004,0.00015540698950644583,3.377300163265318e-05,0.00012901201262138784
full_suite,29,gOMP+Adaptive+NoiseAware,optimized,0.0008914039935916662,2.549999044276774e-05,0.0005173469980945811,0.00017962200217880309,4.146501305513084e-05,2.7140049496665597e-06
full_suite,30,gOMP+Adaptive+NoiseAware,optimized,0.0010658270039130002,2.4014021619223058e-05,0.0006367380119627342,0.0001996829960262403,5.2082003094255924e-05,3.27499583363533e-06
full_suite,31,gOMP+Adaptive+NoiseAware,optimized,0.000810101002571173,2.17489869100973e-05,0.00047397999151144177,0.0001527290150988847,3.635500615928322e-05,2.8469949029386044e-06
full_suite,32,gOMP+Adaptive+NoiseAware,optimized,0.0013432179985102266,3.9695005398243666e-05,0.0007749489886919037,0.00021970401576254517,8.822898962534964e-05,4.560977686196566e-06
full_suite,33,gOMP+Adaptive+NoiseAware,optimized,0.0011010460002580658,2.2979002096690238e-05,0.0005840670055476949,0.00019743500160984695,3.7632984458468854e-05,0.00012935900304000825
full_suite,34,gOMP+Adaptive+NoiseAware,optimized,0.0012859529961133376,3.031700907740742e-05,0.0007010540284682065,0.00021684999228455126,4.698200791608542e-05,0.00014239398296922445
full_suite,35,gOMP+Adaptive+NoiseAware,optimized,0.0011582070001168177,2.5280998670496047e-05,0.0006018339918227866,0.00021655097953043878,4.01010038331151e-05,0.00013118601054884493
full_suite,36,gOMP+Adaptive+NoiseAware,optimized,0.001162703993031755,2.742097422014922e-05,0.0006042249879101291,0.00022477496531791985,4.299901775084436e-05,0.0001274939568247646
full_suite,37,gOMP+Adaptive+NoiseAware,optimized,0.0010917239997070283,2.2279986296780407e-05,0.0005679929745383561,0.0001982569956453517,3.647600533440709e-05,0.000134292000439018
full_suite,38,gOMP+Adaptive+NoiseAware,optimized,0.0011289969988865778,2.7069967472925782e-05,0.0005979979905532673,0.00019952001457568258,4.065201210323721e-05,0.00012254199828021228
full_suite,39,gOMP+Adaptive+NoiseAware,optimized,0.0008825840050121769,1.9427985535003245e-05,0.0005128100019646809,0.00016985701222438365,3.305598511360586e-05,2.811997546814382e-06
full_suite,40,gOMP+Adaptive+NoiseAware,optimized,0.0014807989937253296,3.2025971449911594e-05,0.0008217279828386381,0.00022952500148676336,9.186399984173477e-05,0.00014627899508923292
full_suite,41,gOMP+Adaptive+NoiseAware,optimized,0.0009328720043413341,2.0885010599158704e-05,0.0005276160081848502,0.00021029901108704507,4.4373999116942286e-05,2.9820221243426204e-06
full_suite,42,gOMP+Adaptive+NoiseAware,optimized,0.0008972869982244447,2.134802343789488e-05,0.00047397500020451844,0.0001416449958924204,2.9664981411769986e-05,0.00011808400449808687
full_suite,43,gOMP+Adaptive+NoiseAware,optimized,0.0009864019957603887,2.1307976567186415e-05,0.0005014220223529264,0.00015105301281437278,3.988500975538045e-05,0.00015227499534375966
full_suite,44,gOMP+Adaptive+NoiseAware,optimized,0.0009995309956138954,2.8365000616759062e-05,0.0005084439908387139,0.00016279099509119987,3.9032005588524044e-05,0.00013579201186075807
full_suite,45,gOMP+Adaptive+NoiseAware,optimized,0.0007270849891938269,1.8161008483730257e-05,0.00043773399374913424,0.0001429650146747008,2.701500488910824e-05,2.557018888182938e-06
full_suite,46,gOMP+Adaptive+NoiseAware,optimized,0.0009676039917394519,2.1181011106818914e-05,0.0005273399874567986,0.00015187598182819784,3.168100374750793e-05,0.0001184779976028949
full_suite,47,gOMP+Adaptive+NoiseAware,optimized,0.0013518019986804575,3.248400753363967e-05,0.0008039340027607977,0.00022981800429988652,8.371302101295441e-05,5.158013664186001e-06
full_suite,48,gOMP+Adaptive+NoiseAware,optimized,0.0007646779995411634,2.0821986254304647e-05,0.0004542769747786224,0.00013257400132715702,2.8089998522773385e-05,2.771019353531301e-06
full_suite,49,gOMP+Adaptive+NoiseAware,optimized,0.0013480030029313639,2.794302417896688e-05,0.0007824699860066175,0.0002853090118151158,6.714901246596128e-05,4.573012120090425e-06
full_suite,50,gOMP+Adaptive+NoiseAware,optimized,0.0011230249947402626,2.5447996449656785e-05,0.0006587400275748223,0.00021617297898046672,5.8995006838813424e-05,4.392990376800299e-06
full_suite,51,gOMP+Adaptive+NoiseAware,optimized,0.0015005710010882467,2.774600579869002e-05,0.0008122959843603894,0.00031887002114672214,6.97470095474273e-05,3.7840218283236027e-06
full_suite,52,gOMP+Adaptive+NoiseAware,optimized,0.0012933529942529276,2.7686983230523765e-05,0.0008436969947069883,0.00020622799638658762,5.586998304352164e-05,4.064000677317381e-06
full_suite,53,gOMP+Adaptive+NoiseAware,optimized,0.0007709409983363003,2.2508000256493688e-05,0.0004586889990605414,0.00013186900469008833,4.556099884212017e-05,2.7000060072168708e-06
full_suite,54,gOMP+Adaptive+NoiseAware,optimized,0.0014155800017761067,3.48719913745299e-05,0.0007655469817109406,0.0002035790093941614,5.5477008572779596e-05,0.0001629920006962493
full_suite,55,gOMP+Adaptive+NoiseAware,optimized,0.001137983999797143,2.6274006813764572e-05,0.0006122149934526533,0.00019582601089496166,4.221001290716231e-05,0.00012666601105593145
full_suite,56,gOMP+Adaptive+NoiseAware,optimized,0.0008574429957661778,2.0478008082136512e-05,0.000513589009642601,0.0001644060102989897,3.767901216633618e-05,2.7379865059629083e-06
full_suite,57,gOMP+Adaptive+NoiseAware,optimized,0.0013206909934524447,4.030200943816453e-05,0.0007468089897884056,0.0002800980000756681,8.234097913373262e-05,5.323978257365525e-06
full_suite,58,gOMP+Adaptive+NoiseAware,optimized,0.0007738689891994,1.861398050095886e-05,0.0004660620033973828,0.00014803599333390594,3.0386014259420335e-05,2.510001650080085e-06
full_suite,59,gOMP+Adaptive+NoiseAware,optimized,0.002161008000257425,3.440299769863486e-05,0.0012593480059877038,0.00036491900391411036,8.7581982370466e-05,0.00020479598606470972
full_suite,60,gOMP+Adaptive+NoiseAware,optimized,0.0011159419955220073,2.496500383131206e-05,0.0005913159839110449,0.00019890298426616937,4.080499638803303e-05,0.00013125999248586595
full_suite,61,gOMP+Adaptive+NoiseAware,optimized,0.0010459410113980994,2.6877998607233167e-05,0.0005649009981425479,0.00016290598432533443,3.894000838045031e-05,0.00012267599231563509
full_suite,62,gOMP+Adaptive+NoiseAware,optimized,0.0008761490025790408,2.3095024516806006e-05,0.0005162700108485296,0.00017225499323103577,3.379704139661044e-05,9.838011465035379e-06
full_suite,63,gOMP+Adaptive+NoiseAware,optimized,0.000944369996432215,2.4267981643788517e-05,0.0005600589793175459,0.00017496700456831604,4.3732012272812426e-05,3.0279916245490313e-06
full_suite,64,gOMP+Adaptive+NoiseAware,optimized,0.0009979930036934093,3.102098708041012e-05,0.0005663550255121663,0.0001975619961740449,5.8043005992658436e-05,3.0299852369353175e-06
full_suite,65,gOMP+Adaptive+NoiseAware,optimized,0.0008561870054109022,1.901699579320848e-05,0.0005253749986877665,0.00016175198834389448,3.329900209791958e-05,2.5870249373838305e-06
full_suite,66,gOMP+Adaptive+NoiseAware,optimized,0.0009440389985684305,2.2887004888616502e-05,0.0005509199982043356,0.0001932869927259162,3.9614998968318105e-05,2.9249786166474223e-06
full_suite,67,gOMP+Adaptive+NoiseAware,optimized,0.0008425849955528975,2.5332003133371472e-05,0.00047960199299268425,0.00014939198445063084,4.741099837701768e-05,2.8730137273669243e-06
full_suite,68,gOMP+Adaptive+NoiseAware,optimized,0.0011909580061910674,2.33819882851094e-05,0.0006346499867504463,0.00021005701273679733,4.5837005018256605e-05,0.00013196698273532093
full_suite,69,gOMP+Adaptive+NoiseAware,optimized,0.0007122819952201098,1.86039978871122e-05,0.00042085000313818455,0.0001338279980700463,3.552998532541096e-05,2.4840119294822216e-06
full_suite,70,gOMP+Adaptive+NoiseAware,optimized,0.0008497260132571682,1.8417995306663215e-05,0.0005185380287002772,0.00016262699500657618,3.172901051584631e-05,2.716988092288375e-06
full_suite,71,gOMP+Adaptive+NoiseAware,optimized,0.0008491030021104962,2.349300484638661e-05,0.0004891550197498873,0.00017568298790138215,3.65750165656209e-05,2.879984094761312e-06
full_suite,72,gOMP+Adaptive+NoiseAware,optimized,0.0009663539967732504,2.016099460888654e-05,0.000515638996148482,0.0001555640046717599,3.030399966519326e-05,0.00012820999836549163
full_suite,73,gOMP+Adaptive+NoiseAware,optimized,0.000902543994016014,2.3549990146420896e-05,0.0005446279974421486,0.0001675560197327286,3.667898999992758e-05,2.863002009689808e-06
full_suite,74,gOMP+Adaptive+NoiseAware,optimized,0.00125293800374493,2.4758002837188542e-05,0.00077116496686358,0.00025144399842247367,4.607299342751503e-05,4.346002242527902e-06
full_suite,75,gOMP+Adaptive+NoiseAware,optimized,0.0007384369964711368,1.9269995391368866e-05,0.00042538699926808476,0.00013049301924183965,3.512599505484104e-05,2.482003765180707e-06
full_suite,76,gOMP+Adaptive+NoiseAware,optimized,0.0013542980013880879,2.3506974685005844e-05,0.0006355889927363023,0.00019882999185938388,3.790300979744643e-05,0.00032131600892171264
full_suite,77,gOMP+Adaptive+NoiseAware,optimized,0.0009691040031611919,1.9491009879857302e-05,0.0005088029865873978,0.00015785600407980382,3.129600372631103e-05,0.000122169018140994
full_suite,78,gOMP+Adaptive+NoiseAware,optimized,0.0013450830010697246,2.580400905571878e-05,0.0008028389856917784,0.00019060198974329978,3.8533995393663645e-05,0.00015736299974378198
full_suite,79,gOMP+Adaptive+NoiseAware,optimized,0.0009279079968109727,2.2020001779310405e-05,0.0005532709910767153,0.00016391000826843083,4.7317997086793184e-05,2.4060136638581753e-06
full_suite,80,gOMP+Adaptive+NoiseAware,optimized,0.0008543979929527268,2.2707987227477133e-05,0.0004970720183337107,0.0001585509889991954,3.660999936982989e-05,2.595013938844204e-06
full_suite,81,gOMP+Adaptive+NoiseAware,optimized,0.0017186199984280393,2.6766996597871184e-05,0.000947663007536903,0.0002939289988717064,7.08900042809546e-05,0.00019838701700791717
full_suite,82,gOMP+Adaptive+NoiseAware,optimized,0.0006688160065095872,1.503701787441969e-05,0.0004143269907217473,0.0001150739990407601,2.7441972633823752e-05,2.3070024326443672e-06
full_suite,83,gOMP+Adaptive+NoiseAware,optimized,0.0009652309963712469,2.2903986973688006e-05,0.0005666780052706599,0.00017987299361266196,4.920500214211643e-05,2.8799986466765404e-06
full_suite,84,gOMP+Adaptive+NoiseAware,optimized,0.0014222860045265406,2.399200457148254e-05,0.0006180909986142069,0.00021773397747892886,4.035299934912473e-05,0.00036120900767855346
full_suite,85,gOMP+Adaptive+NoiseAware,optimized,0.0007786359929013997,2.146199403796345e-05,0.00046361399290617555,0.0001513570168754086,3.243998799007386e-05,2.572007360868156e-06
full_suite,86,gOMP+Adaptive+NoiseAware,optimized,0.0016572400054428726,4.723999882116914e-05,0.0008403940009884536,0.000270767995971255,0.0001377070148009807,0.0001609970349818468
full_suite,87,gOMP+Adaptive+NoiseAware,optimized,0.0007963730022311211,3.070000093430281e-05,0.00046689799637533724,0.00015022997104097158,3.3294010790996253e-05,2.599015715532005e-06
full_suite,88,gOMP+Adaptive+NoiseAware,optimized,0.0011724930081982166,2.5022993213497102e-05,0.0006021509907441214,0.0002248710225103423,4.3760985136032104e-05,0.00013611200847662985
full_suite,89,gOMP+Adaptive+NoiseAware,optimized,0.0007718249980825931,1.7956990632228553e-05,0.0004826520016649738,0.0001332729880232364,3.19909886457026e-05,2.574990503489971e-06
full_suite,90,gOMP+Adaptive+NoiseAware,optimized,0.0012891959922853857,2.428799052722752e-05,0.0006952950352570042,0.00022214898490346968,5.205698835197836e-05,0.0001453050208510831
full_suite,91,gOMP+Adaptive+NoiseAware,optimized,0.0012428769987309352,2.8537004254758358e-05,0.0005884989950573072,0.00022067000099923462,4.3378007831051946e-05,0.00021593798010144383
full_suite,92,gOMP+Adaptive+NoiseAware,optimized,0.000872409000294283,2.0495004719123244e-05,0.0005131300131324679,0.0001875729940366,3.2813011785037816e-05,2.7219793992117047e-06
full_suite,93,gOMP+Adaptive+NoiseAware,optimized,0.0008767620020080358,2.5097993784584105e-05,0.0005209920054767281,0.00016375801351387054,3.9834994822740555e-05,3.1049858080223203e-06
full_suite,94,gOMP+Adaptive+NoiseAware,optimized,0.0009626519895391539,2.3558008251711726e-05,0.0005876169743714854,0.00018215698946733028,3.72620124835521e-05,3.496010322123766e-06
full_suite,95,gOMP+Adaptive+NoiseAware,optimized,0.0009747169970069081,2.3884960683062673e-05,0.0005660559836542234,0.00020345697703305632,4.594199708662927e-05,2.7959904400631785e-06
full_suite,96,gOMP+Adaptive+NoiseAware,optimized,0.0006753079942427576,1.7888000002130866e-05,0.0003819799894699827,0.00012531301763374358,4.6416986151598394e-05,2.5470071705058217e-06
full_suite,97,gOMP+Adaptive+NoiseAware,optimized,0.00042893399950116873,1.0923002264462411e-05,0.0002564950118539855,7.024500519037247e-05,1.7247977666556835e-05,1.6869889805093408e-06
full_suite,98,gOMP+Adaptive+NoiseAware,optimized,0.0008940639963839203,1.997502113226801e-05,0.0005514499935088679,0.00016786900232546031,3.5415025195106864e-05,2.742977812886238e-06
full_suite,99,gOMP+Adaptive+NoiseAware,optimized,0.0010785819904413074,2.365501131862402e-05,0.0005928350146859884,0.0001754660188453272,3.553999704308808e-05,0.00012864901509601623
full_suite,100,gOMP+Adaptive+NoiseAware,optimized,0.0009644770034356043,2.1786996512673795e-05,0.0005875259957974777,0.00017221696907654405,4.3249005102552474e-05,2.807995770126581e-06
full_suite,101,gOMP+Adaptive+NoiseAware,optimized,0.000645578998955898,1.7411992303095758e-05,0.0003675659972941503,0.0001273549860343337,3.078000736422837e-05,2.2949971025809646e-06
full_suite,102,gOMP+Adaptive+NoiseAware,optimized,0.0008535619999747723,2.011600008700043e-05,0.0005090589984320104,0.00017124699661508203,3.320298856124282e-05,3.048015059903264e-06
full_suite,103,gOMP+Adaptive+NoiseAware,optimized,0.0007896699971752241,2.4684006348252296e-05,0.00046624199603684247,0.000148954990436323,3.3764008549042046e-05,2.7920323191210628e-06
full_suite,104,gOMP+Adaptive+NoiseAware,optimized,0.0012932749959873036,2.426600258331746e-05,0.0006901190063217655,0.00022162898676469922,4.282902227714658e-05,0.0001637330133235082
full_suite,105,gOMP+Adaptive+NoiseAware,optimized,0.0012811780034098774,3.099000605288893e-05,0.0006597399769816548,0.00023663898173253983,4.97869768878445e-05,0.00013979400682728738
full_suite,106,gOMP+Adaptive+NoiseAware,optimized,0.001035598004818894,2.0315987057983875e-05,0.0005586019979091361,0.00022661600087303668,6.450699584092945e-05,3.5399862099438906e-06
full_suite,107,gOMP+Adaptive+NoiseAware,optimized,0.0007956289919093251,3.536400618031621e-05,0.0004596359940478578,0.00015517602150794119,3.206699329894036e-05,2.4540204321965575e-06
full_suite,108,gOMP+Adaptive+NoiseAware,optimized,0.000691801993525587,1.5580022591166198e-05,0.00041090400191023946,0.00012136099394410849,2.806099655572325e-05,2.28799763135612e-06
full_suite,109,gOMP+Adaptive+NoiseAware,optimized,0.0008352830045623705,2.1848012693226337e-05,0.0005105279706185684,0.00015573500422760844,3.2697993447072804e-05,2.8819922590628266e-06
full_suite,110,gOMP+Adaptive+NoiseAware,optimized,0.0011587230110308155,2.3208995116874576e-05,0.0006107429944677278,0.000196801993297413,3.605500387493521e-05,0.00014985202869866043
full_suite,111,gOMP+Adaptive+NoiseAware,optimized,0.0010203819983871654,1.9885002984665334e-05,0.0005613449902739376,0.00015968501975294203,3.306899452582002e-05,0.00012718798825517297
full_suite,112,gOMP+Adaptive+NoiseAware,optimized,0.0012539309973362833,2.7989022783003747e-05,0.0006469229847425595,0.00026270498347003013,4.463495861273259e-05,0.00012965498899575323
full_suite,113,gOMP+Adaptive+NoiseAware,optimized,0.0014193649985827506,4.602900298777968e-05,0.0007226739980978891,0.00025139699573628604,4.575098864734173e-05,0.00015073400572873652
full_suite,114,gOMP+Adaptive+NoiseAware,optimized,0.0007011630077613518,1.5043988241814077e-05,0.0004264650051482022,0.00012441998114809394,2.7995978598482907e-05,2.4489854695275426e-06
full_suite,115,gOMP+Adaptive+NoiseAware,optimized,0.001053435989888385,2.9130009352229536e-05,0.0006159869953989983,0.00020768100512214005,3.878799907397479e-05,4.011992132291198e-06
full_suite,116,gOMP+Adaptive+NoiseAware,optimized,0.000949195004068315,2.463700366206467e-05,0.0005785699904663488,0.00017369298439007252,3.710000601131469e-05,3.1349918572232127e-06
full_suite,117,gOMP+Adaptive+NoiseAware,optimized,0.000818826985778287,1.6950987628661096e-05,0.0005155260005267337,0.0001424570073140785,2.8740003472194076e-05,2.662010956555605e-06
full_suite,118,gOMP+Adaptive+NoiseAware,optimized,0.0016328490019077435,3.079800808336586e-05,0.0007121230009943247,0.00022296201495919377,4.548800643533468e-05,0.0004572129837470129
full_suite,119,gOMP+Adaptive+NoiseAware,optimized,0.0011145360040245578,2.5015018763951957e-05,0.0006497050053440034,0.00022970199643168598,6.055500125512481e-05,4.319983418099582e-06
full_suite,120,gOMP+Adaptive+NoiseAware,optimized,0.0010182659898418933,2.465500438120216e-05,0.000539761982508935,0.00015753299521747977,3.312999615445733e-05,0.00012815400259569287
full_suite,121,gOMP+Adaptive+NoiseAware,optimized,0.0013387950020842254,2.8466980438679457e-05,0.0008195050031645223,0.0002513329964131117,6.103099440224469e-05,4.091998562216759e-06
full_suite,122,gOMP+Adaptive+NoiseAware,optimized,0.0008780420030234382,2.115700044669211e-05,0.0005598769785137847,0.00014025399286765605,3.543197817634791e-05,2.951986971311271e-06
full_suite,123,gOMP+Adaptive+NoiseAware,optimized,0.0009283819963457063,2.3026979761198163e-05,0.0005517550016520545,0.000180396978976205,4.022898792754859e-05,3.247972927056253e-06
full_suite,124,gOMP+Adaptive+NoiseAware,optimized,0.0008822720119496807,2.310301351826638e-05,0.000525694020325318,0.00015541198081336915,4.1454972233623266e-05,2.8140057111158967e-06
full_suite,125,gOMP+Adaptive+NoiseAware,optimized,0.0008957669924711809,2.0638006390072405e-05,0.0005299190088408068,0.0001924789830809459,3.268700675107539e-05,2.863002009689808e-06
full_suite,126,gOMP+Adaptive+NoiseAware,optimized,0.0008188830106519163,2.2480016923509538e-05,0.0004475089954212308,0.00016018899623304605,5.040099495090544e-05,2.9429938877001405e-06
full_suite,127,gOMP+Adaptive+NoiseAware,optimized,0.0008574399980716407,2.094003139063716e-05,0.0005288370011840016,0.00015231900033541024,3.236198972444981e-05,3.0690280254930258e-06
full_suite,128,gOMP+Adaptive+NoiseAware,optimized,0.001564802005304955,3.5488003049977124e-05,0.0008978879923233762,0.00026336300652474165,6.013298116158694e-05,5.2342991693876684e-05
full_suite,129,gOMP+Adaptive+NoiseAware,optimized,0.0008864989940775558,2.0567982573993504e-05,0.0005068270111223683,0.00018650399579200894,3.758400271181017e-05,3.1589879654347897e-06
full_suite,130,gOMP+Adaptive+NoiseAware,optimized,0.0008651810057926923,2.3397995391860604e-05,0.0005171450029592961,0.00016655500803608447,3.477300924714655e-05,3.248016582801938e-06
full_suite,131,gOMP+Adaptive+NoiseAware,optimized,0.0006967170047573745,1.8831997294910252e-05,0.0003957459994126111,0.00012934301048517227,3.2409996492788196e-05,2.4850014597177505e-06
full_suite,132,gOMP+Adaptive+NoiseAware,optimized,0.0008881170069798827,2.3590997443534434e-05,0.0005369300197344273,0.00016671298362780362,3.7183999666012824e-05,3.209017449989915e-06
full_suite,133,gOMP+Adaptive+NoiseAware,optimized,0.0006429120112443343,1.6312988009303808e-05,0.000387815001886338,0.00010948099952656776,2.5397996068932116e-05,2.505999873392284e-06
full_suite,134,gOMP+Adaptive+NoiseAware,optimized,0.0016019269969547167,3.297801595181227e-05,0.0009031299850903451,0.00026643699675332755,5.9824014897458255e-05,0.00014841598749626428
full_suite,135,gOMP+Adaptive+NoiseAware,optimized,0.0008130860078381374,2.2107036784291267e-05,0.00048660000902600586,0.00015581600018776953,3.279399243183434e-05,2.8239883249625564e-06
full_suite,136,gOMP+Adaptive+NoiseAware,optimized,0.0012111440009903163,1.8475999240763485e-05,0.0006942519976291806,0.0003150369884679094,4.3395019019953907e-05,3.3899996196851134e-06
full_suite,137,gOMP+Adaptive+NoiseAware,optimized,0.0008495660003973171,2.547199255786836e-05,0.0005066489829914644,0.0001618630049051717,3.4577969927340746e-05,2.971020876429975e-06
full_suite,138,gOMP+Adaptive+NoiseAware,optimized,0.000909438997041434,1.950199657585472e-05,0.000519638997502625,0.0001691939978627488,3.1691030017100275e-05,2.933011273853481e-06
full_suite,139,gOMP+Adaptive+NoiseAware,optimized,0.0012909289944218472,2.2156003979034722e-05,0.0005418419896159321,0.00017576302343513817,4.3382009607739747e-05,0.00035794700670521706
full_suite,140,gOMP+Adaptive+NoiseAware,optimized,0.0007702029979554936,1.9216997316107154e-05,0.0004640030092559755,0.00014316801389213651,3.0194001737982035e-05,2.8479844331741333e-06
full_suite,141,gOMP+Adaptive+NoiseAware,optimized,0.000743138007237576,2.185201446991414e-05,0.000447300000814721,0.00012859700655099005,3.308699524495751e-05,2.4730106815695763e-06
full_suite,142,gOMP+Adaptive+NoiseAware,optimized,0.0006412689981516451,1.4981007552705705e-05,0.00039568600186612457,0.00011263300257269293,2.3904009140096605e-05,2.1689775167033076e-06
full_suite,143,gOMP+Adaptive+NoiseAware,optimized,0.0009120059985434636,4.021200584247708e-05,0.0005253290146356449,0.00018108499352820218,3.7439007428474724e-05,2.9470102163031697e-06
full_suite,144,gOMP+Adaptive+NoiseAware,optimized,0.0011725259973900393,2.7225003577768803e-05,0.0006709659937769175,0.000248008975177072,5.338901246432215e-05,3.4900003811344504e-06
full_suite,145,gOMP+Adaptive+NoiseAware,optimized,0.0007593379996251315,2.0495004719123244e-05,0.00045450498873833567,0.00014771398855373263,3.083300543949008e-05,2.7040077839046717e-06
full_suite,146,gOMP+Adaptive+NoiseAware,optimized,0.0011106470046797767,2.3663000320084393e-05,0.0005815619952045381,0.00018639699555933475,4.0946993976831436e-05,0.00013377200230024755
full_suite,147,gOMP+Adaptive+NoiseAware,optimized,0.0013920940109528601,2.9282979085110128e-05,0.000938224999117665,0.00022361399896908551,4.6787012252025306e-05,4.15899557992816e-06
full_suite,148,gOMP+Adaptive+NoiseAware,optimized,0.0010235699883196503,2.316699828952551e-05,0.0006115459982538596,0.00017313902208115906,3.887197817675769e-05,3.177003236487508e-06
full_suite,149,gOMP+Adaptive+NoiseAware,optimized,0.0008168670028680936,1.84820091817528e-05,0.0004910970019409433,0.00015711599553469568,3.158600884489715e-05,2.711996785365045e-06
full_suite,150,gOMP+Adaptive+NoiseAware,optimized,0.0009099059971049428,2.4583001504652202e-05,0.0005281870253384113,0.000185334007255733,3.9026999729685485e-05,3.1569943530485034e-06
full_suite,151,gOMP+Adaptive+NoiseAware,optimized,0.0011720269976649433,2.327302354387939e-05,0.0006062669854145497,0.00021652701252605766,4.232600622344762e-05,0.0001477410114603117
full_suite,152,gOMP+Adaptive+NoiseAware,optimized,0.0010262150026392192,1.8683989765122533e-05,0.000523562979651615,0.00016738398699089885,3.0229988624341786e-05,0.00016217201482504606
full_suite,153,gOMP+Adaptive+NoiseAware,optimized,0.0007300639990717173,1.8378996173851192e-05,0.0004373019910417497,0.0001336870191153139,2.8941998607479036e-05,2.5449844542890787e-06
full_suite,154,gOMP+Adaptive+NoiseAware,optimized,0.001150304000475444,2.405498526059091e-05,0.0006112889968790114,0.00021074697724543512,3.657699562609196e-05,0.0001247420150320977
full_suite,155,gOMP+Adaptive+NoiseAware,optimized,0.0018691739969654009,3.48129979101941e-05,0.0009875020041363314,0.00028469099197536707,6.713101174682379e-05,0.00028098303300794214
full_suite,156,gOMP+Adaptive+NoiseAware,optimized,0.0017234529950655997,4.703502054326236e-05,0.000977477990090847,0.0003522009792504832,8.45119939185679e-05,5.4670090321451426e-06
full_suite,157,gOMP+Adaptive+NoiseAware,optimized,0.0011571220093173906,2.579001011326909e-05,0.0006090929673518986,0.00020444099209271371,3.801099956035614e-05,0.00014742498751729727
full_suite,158,gOMP+Adaptive+NoiseAware,optimized,0.0011197590065421537,2.3411004804074764e-05,0.0006121359911048785,0.00018028098565991968,3.5671022487804294e-05,0.00012547099322546273
full_suite,159,gOMP+Adaptive+NoiseAware,optimized,0.000961301993811503,2.187499194405973e-05,0.0005080530099803582,0.0002215229906141758,5.304998194333166e-05,3.142020432278514e-06
full_suite,160,gOMP+Adaptive+NoiseAware,optimized,0.0010743780003394932,2.1613988792523742e-05,0.000534027989488095,0.00018619200272951275,3.43690044246614e-05,0.0001700850116321817
full_suite,161,gOMP+Adaptive+NoiseAware,optimized,0.0010820469906320795,2.794302417896688e-05,0.0005687410157406703,0.0001821530022425577,3.875502443406731e-05,0.00012264797987882048
full_suite,162,gOMP+Adaptive+NoiseAware,optimized,0.0009140579932136461,1.994099875446409e-05,0.0005384860123740509,0.00019326301116961986,3.221098450012505e-05,2.792992745526135e-06
full_suite,163,gOMP+Adaptive+NoiseAware,optimized,0.0007975290063768625,1.8691003788262606e-05,0.0004820649919565767,0.00015658001939300448,3.0346011044457555e-05,2.763001248240471e-06
full_suite,164,gOMP+Adaptive+NoiseAware,optimized,0.0009442160080652684,2.5483008357696235e-05,0.000612244984949939,0.00014966797607485205,3.5883000236935914e-05,2.9569928301498294e-06
full_suite,165,gOMP+Adaptive+NoiseAware,optimized,0.0008732389978831634,2.4025022867135704e-05,0.0005196970014367253,0.0001726440095808357,3.4761003917083144e-05,2.9620277928188443e-06
full_suite,166,gOMP+Adaptive+NoiseAware,optimized,0.0010525779944146052,3.2522002584300935e-05,0.0006306819996098056,0.00016885103832464665,4.479597555473447e-05,2.8500071493908763e-06
full_suite,167,gOMP+Adaptive+NoiseAware,optimized,0.0008236900030169636,2.1530999219976366e-05,0.00048429699381813407,0.0001667680189711973,3.563298378139734e-05,2.592001692391932e-06
full_suite,168,gOMP+Adaptive+NoiseAware,optimized,0.0014763130020583048,2.3799017071723938e-05,0.0007672299980185926,0.00023659401631448418,4.4392014387995005e-05,0.00022819303558208048
full_suite,169,gOMP+Adaptive+NoiseAware,optimized,0.0009691000013845041,2.596600097604096e-05,0.0005389190337155014,0.00016940300702117383,3.331899642944336e-05,3.1630188459530473e-06
full_suite,170,gOMP+Adaptive+NoiseAware,optimized,0.0008463599951937795,1.892603177111596e-05,0.0005022310215281323,0.0001681769936112687,3.5460994695313275e-05,2.9039947548881173e-06
full_suite,171,gOMP+Adaptive+NoiseAware,optimized,0.0007786459900671616,2.0579987904056907e-05,0.0004545359988696873,0.0001454379817005247,3.0342009267769754e-05,2.5369954528287053e-06
full_suite,172,gOMP+Adaptive+NoiseAware,optimized,0.001161973996204324,2.3626998881809413e-05,0.0006472760142059997,0.000184377990080975,3.6366007407195866e-05,0.0001333459949819371
full_suite,173,gOMP+Adaptive+NoiseAware,optimized,0.0018381440022494644,3.0189999961294234e-05,0.0009361809934489429,0.0002594270190456882,5.34750142833218e-05,0.00038312398828566074
full_suite,174,gOMP+Adaptive+NoiseAware,optimized,0.0013282060099299997,3.0372000765055418e-05,0.000804398994660005,0.00025090499548241496,6.201499490998685e-05,4.165995051153004e-06
full_suite,175,gOMP+Adaptive+NoiseAware,optimized,0.0006236269982764497,1.730800431687385e-05,0.0003708830045070499,0.00011255900608375669,2.6649999199435115e-05,2.315995516255498e-06
full_suite,176,gOMP+Adaptive+NoiseAware,optimized,0.0014741429913556203,2.82800174318254e-05,0.0006829370104242116,0.00023035101185087115,4.0767001337371767e-05,0.00033899601839948446
full_suite,177,gOMP+Adaptive+NoiseAware,optimized,0.0010692119976738468,2.3055006749927998e-05,0.0005275469884509221,0.000331675008055754,4.649799666367471e-05,2.7599744498729706e-06
full_suite,178,gOMP+Adaptive+NoiseAware,optimized,0.0008420340018346906,2.396001946181059e-05,0.00048596101987641305,0.00017341598868370056,3.601999196689576e-05,2.7479982236400247e-06
full_suite,179,gOMP+Adaptive+NoiseAware,optimized,0.0007823580090189353,1.9031998817808926e-05,0.00046270599705167115,0.00015222599904518574,3.4903016057796776e-05,2.567016053944826e-06
full_suite,180,gOMP+Adaptive+NoiseAware,optimized,0.0008169130014721304,2.151900844182819e-05,0.0004987660067854449,0.00015132897533476353,3.258201468270272e-05,2.554996171966195e-06
full_suite,181,gOMP+Adaptive+NoiseAware,optimized,0.0016171250026673079,3.4568991395644844e-05,0.0008256279834313318,0.0003144220245303586,9.869899076875299e-05,0.00014697601727675647
full_suite,182,gOMP+Adaptive+NoiseAware,optimized,0.0009293049952248111,2.4788998416624963e-05,0.0005557000113185495,0.00017362201469950378,3.888900391757488e-05,3.100009053014219e-06
full_suite,183,gOMP+Adaptive+NoiseAware,optimized,0.0013831140095135197,2.7474990929476917e-05,0.0007576070202048868,0.00024349398154299706,4.7559020458720624e-05,0.0001456879690522328
full_suite,184,gOMP+Adaptive+NoiseAware,optimized,0.0013671490014530718,3.288700827397406e-05,0.0008355859899893403,0.0002564970054663718,5.312096618581563e-05,4.404995706863701e-06
full_suite,185,gOMP+Adaptive+NoiseAware,optimized,0.0010414209973532706,2.4905995815061033e-05,0.0006253879982978106,0.00020478801161516458,4.781300958711654e-05,3.1899980967864394e-06
full_suite,186,gOMP+Adaptive+NoiseAware,optimized,0.0007478769985027611,1.7852988094091415e-05,0.00047526600246783346,0.00011624000035226345,3.5590011975727975e-05,2.474000211805105e-06
full_suite,187,gOMP+Adaptive+NoiseAware,optimized,0.0007456210005329922,1.7161015421152115e-05,0.00046834601380396634,0.00012949801748618484,2.751800639089197e-05,2.425993443466723e-06
full_suite,188,gOMP+Adaptive+NoiseAware,optimized,0.0006186640093801543,1.42659991979599e-05,0.0003703929833136499,0.00010282800940331072,3.169599222019315e-05,2.0099978428333998e-06
full_suite,189,gOMP+Adaptive+NoiseAware,optimized,0.0009688239952083677,1.8874008674174547e-05,0.0005136340187164024,0.00015256900223903358,3.1050018151290715e-05,0.00013583801046479493
full_suite,190,gOMP+Adaptive+NoiseAware,optimized,0.0008425749983871356,2.363701059948653e-05,0.0004958390345564112,0.00016209998284466565,3.27320012729615e-05,2.90299067273736e-06
full_suite,191,gOMP+Adaptive+NoiseAware,optimized,0.0013570610026363283,2.4826964363455772e-05,0.0007638080132892355,0.00023764300567563623,4.1763007175177336e-05,0.00013702301657758653
full_suite,192,gOMP+Adaptive+NoiseAware,optimized,0.0011278020101599395,2.5851986720226705e-05,0.0005598589923465624,0.0003224640095140785,4.853001155424863e-05,3.1429954105988145e-06
full_suite,193,gOMP+Adaptive+NoiseAware,optimized,0.0013741600123466924,2.272700658068061e-05,0.000636446988210082,0.00020059400412719697,3.797801036853343e-05,0.0002709709951886907
full_suite,194,gOMP+Adaptive+NoiseAware,optimized,0.0013259139959700406,2.5998029741458595e-05,0.0006923729815753177,0.00025560699577908963,4.961402737535536e-05,0.00014640296285506338
full_suite,195,gOMP+Adaptive+NoiseAware,optimized,0.0008481129916617647,2.0131978089921176e-05,0.000509214005433023,0.0001633540086913854,3.303699486423284e-05,2.7719943318516016e-06
full_suite,196,gOMP+Adaptive+NoiseAware,optimized,0.0008637170103611425,2.1204978111200035e-05,0.0005391270096879452,0.00015596502635162324,3.12459742417559e-05,2.7769856387749314e-06
full_suite,197,gOMP+Adaptive+NoiseAware,optimized,0.0008337420003954321,2.213500556536019e-05,0.0005029089952586219,0.00015826501476112753,3.206399560440332e-05,2.7640198823064566e-06
full_suite,198,gOMP+Adaptive+NoiseAware,optimized,0.0008750520064495504,2.4749984731897712e-05,0.0005089699989184737,0.00017473899060860276,3.812702198047191e-05,2.878994564525783e-06
full_suite,199,gOMP+Adaptive+NoiseAware,optimized,0.0007085719989845529,1.74060114659369e-05,0.00042714500159490854,0.00012959199375472963,2.8692011255770922e-05,2.6850029826164246e-06
full_suite,200,gOMP+Adaptive+NoiseAware,optimized,0.0012614540028152987,2.546299947425723e-05,0.0005720319750253111,0.00029131799237802625,5.3979005315341055e-05,0.00018241499492432922
full_suite,201,gOMP+Adaptive+NoiseAware,optimized,0.0010338430001866072,2.059001417364925e-05,0.0005539310222957283,0.00016437300655525178,3.334903158247471e-05,0.0001329039951087907
full_suite,202,gOMP+Adaptive+NoiseAware,optimized,0.0008942319982452318,2.2231004550121725e-05,0.0005398140056058764,0.0001658669934840873,3.558800381142646e-05,3.0319788493216038e-06
full_suite,203,gOMP+Adaptive+NoiseAware,optimized,0.0009178089967463166,2.158799907192588e-05,0.0005200109881116077,0.00020330400730017573,3.8524987758137286e-05,3.100023604929447e-06
full_suite,204,gOMP+Adaptive+NoiseAware,optimized,0.0008215190027840436,2.227800723630935e-05,0.00047669601917732507,0.0001672169892117381,3.625501994974911e-05,2.805012627504766e-06
full_suite,205,gOMP+Adaptive+NoiseAware,optimized,0.0016910809936234728,2.7707006665877998e-05,0.0009780759864952415,0.0002991640067193657,6.217701593413949e-05,0.0001479780039517209
full_suite,206,gOMP+Adaptive+NoiseAware,optimized,0.0010834190034074709,2.4876993848010898e-05,0.0005594350077444687,0.00018815702060237527,3.598899638745934e-05,0.00014979098341427743
full_suite,207,gOMP+Adaptive+NoiseAware,optimized,0.0010970720031764358,2.2521009668707848e-05,0.0005774770106654614,0.00019865698413923383,3.660896618384868e-05,0.00012922599853482097
full_suite,208,gOMP+Adaptive+NoiseAware,optimized,0.0012105369969503954,4.4683009036816657e-05,0.0007002759957686067,0.00021780400129500777,4.2400002712383866e-05,3.797991666942835e-06
full_suite,209,gOMP+Adaptive+NoiseAware,optimized,0.0009555950091453269,2.1620013285428286e-05,0.0005397770000854507,0.0002176770067308098,4.1813007555902004e-05,3.236986231058836e-06
full_suite,210,gOMP+Adaptive+NoiseAware,optimized,0.000859459993080236,1.951499143615365e-05,0.0004973680188413709,0.00018404002184979618,3.43149877153337e-05,2.8469949029386044e-06
full_suite,211,gOMP+Adaptive+NoiseAware,optimized,0.0005174389953026548,1.314899418503046e-05,0.00030133499240037054,8.425100531894714e-05,2.070800110232085e-05,1.6870035324245691e-06
full_suite,212,gOMP+Adaptive+NoiseAware,optimized,0.0012482160091167316,2.745899837464094e-05,0.0006422239675885066,0.00022289900516625494,5.852300091646612e-05,0.00015546102076768875
full_suite,213,gOMP+Adaptive+NoiseAware,optimized,0.0018776840006466955,3.938801819458604e-05,0.0009113579872064292,0.0002799840149236843,6.511900573968887e-05,0.0003724670095834881
full_suite,214,gOMP+Adaptive+NoiseAware,optimized,0.0010749149951152503,2.912899071816355e-05,0.0006141819758340716,0.00022080600319895893,5.732401041314006e-05,3.7969875847920775e-06
full_suite,215,gOMP+Adaptive+NoiseAware,optimized,0.0011236089922022074,2.2003005142323673e-05,0.0006174100271891803,0.0001936439803102985,3.8026017136871815e-05,0.00012661296932492405
full_suite,216,gOMP+Adaptive+NoiseAware,optimized,0.000887335991137661,2.7667003450915217e-05,0.000505967007484287,0.00018485200416762382,3.6178011214360595e-05,2.544009475968778e-06
full_suite,217,gOMP+Adaptive+NoiseAware,optimized,0.001057642002706416,3.385398304089904e-05,0.0005446639988804236,0.00018505402840673923,3.5931007005274296e-05,0.00013184300041757524
full_suite,218,gOMP+Adaptive+NoiseAware,optimized,0.0009513539989711717,2.3250977392308414e-05,0.0005801079969387501,0.0001763050095178187,3.460199513938278e-05,3.052016836591065e-06
full_suite,219,gOMP+Adaptive+NoiseAware,optimized,0.0008869370067259297,2.2066989913582802e-05,0.0005311239947332069,0.00016580201918259263,3.545000799931586e-05,3.0410155886784196e-06
full_suite,220,gOMP+Adaptive+NoiseAware,optimized,0.0008149790082825348,2.2281004930846393e-05,0.00047787999210413545,0.0001619329850655049,3.46360175171867e-05,2.8060312615707517e-06
full_suite,221,gOMP+Adaptive+NoiseAware,optimized,0.0016308859921991825,2.812498132698238e-05,0.0009060119919013232,0.0002803559909807518,5.082102143205702e-05,0.00016780597798060626
full_suite,222,gOMP+Adaptive+NoiseAware,optimized,0.0008314079896081239,2.2389984223991632e-05,0.0004912730073556304,0.0001686650066403672,3.550297697074711e-05,2.6819761842489243e-06
full_suite,223,gOMP+Adaptive+NoiseAware,optimized,0.0010751969966804609,9.597398457117379e-05,0.0005878420051885769,0.00020278104057069868,3.8098994991742074e-05,3.485984052531421e-06
full_suite,224,gOMP+Adaptive+NoiseAware,optimized,0.0008283670031232759,2.2032996639609337e-05,0.0004900759959127754,0.0001570590102346614,3.3795018680393696e-05,2.907996531575918e-06
full_suite,225,gOMP+Adaptive+NoiseAware,optimized,0.0008287610107799992,2.0859006326645613e-05,0.0005031529872212559,0.00014329800615087152,3.2715994166210294e-05,2.792992745526135e-06
full_suite,226,gOMP+Adaptive+NoiseAware,optimized,0.0008099190017674118,1.994599006138742e-05,0.000493113009724766,0.00015633899602107704,2.971298818010837e-05,2.53401231020689e-06
full_suite,227,gOMP+Adaptive+NoiseAware,optimized,0.0006829319900134578,1.79790222318843e-05,0.00041034499008674175,0.0001234139926964417,2.627600042615086e-05,2.232976839877665e-06
full_suite,228,gOMP+Adaptive+NoiseAware,optimized,0.0010826549987541512,2.568203490227461e-05,0.0005767630063928664,0.00017650699010118842,3.803602885454893e-05,0.00013102401862852275
full_suite,229,gOMP+Adaptive+NoiseAware,optimized,0.0009954830020433292,2.193398540839553e-05,0.0005319049960235134,0.00016553701425436884,3.252401074860245e-05,0.00011654802074190229
full_suite,230,gOMP+Adaptive+NoiseAware,optimized,0.0008049030002439395,2.229599340353161e-05,0.0004820419999305159,0.0001551120076328516,3.224797546863556e-05,2.6850029826164246e-06
full_suite,231,gOMP+Adaptive+NoiseAware,optimized,0.0006072919932194054,1.4791992725804448e-05,0.0003633820015238598,0.00011502900451887399,2.530298661440611e-05,2.0470033632591367e-06
full_suite,232,gOMP+Adaptive+NoiseAware,optimized,0.0015226249961415306,3.193397424183786e-05,0.0008882729889592156,0.0002206130011472851,5.404300463851541e-05,4.0099985199049115e-06
full_suite,233,gOMP+Adaptive+NoiseAware,optimized,0.0008474130008835346,1.8659018678590655e-05,0.0005284059734549373,0.00015414602239616215,2.930498158093542e-05,2.4339824449270964e-06
full_suite,234,gOMP+Adaptive+NoiseAware,optimized,0.0008921300031943247,2.273599966429174e-05,0.0005339899798855186,0.00016644198331050575,3.449000359978527e-05,2.518019755370915e-06
full_suite,235,gOMP+Adaptive+NoiseAware,optimized,0.0008777400071267039,1.915500615723431e-05,0.0005250910035101697,0.00017328101966995746,3.178500628564507e-05,2.706990926526487e-06
full_suite,236,gOMP+Adaptive+NoiseAware,optimized,0.001101629008189775,2.517002576496452e-05,0.0005642119940603152,0.0001896889734780416,3.714200283866376e-05,0.0001443890214432031
full_suite,237,gOMP+Adaptive+NoiseAware,optimized,0.0008625980117358267,3.877299604937434e-05,0.0004818720044568181,0.00014941400149837136,3.347703022882342e-05,2.764994860626757e-06
full_suite,238,gOMP+Adaptive+NoiseAware,optimized,0.0006319649983197451,1.8272025045007467e-05,0.0003794739895965904,0.0001127660070778802,2.5967005058191717e-05,2.2520252969115973e-06
full_suite,239,gOMP+Adaptive+NoiseAware,optimized,0.001370006997603923,3.0103998142294586e-05,0.0007740269938949496,0.0002648299850989133,6.112299161031842e-05,3.7900026654824615e-06
full_suite,240,gOMP+Adaptive+NoiseAware,optimized,0.0008139520068652928,2.629398659337312e-05,0.000469046994112432,0.00014255798305384815,3.1952993595041335e-05,2.9279908630996943e-06
full_suite,241,gOMP+Adaptive+NoiseAware,optimized,0.0008700920006958768,2.3071988834999502e-05,0.0005024589918320999,0.0001782629988156259,4.059899947606027e-05,2.74099875241518e-06
full_suite,242,gOMP+Adaptive+NoiseAware,optimized,0.000953355003730394,2.822601527441293e-05,0.0005512670031748712,0.00019521899230312556,3.696999920066446e-05,2.8400099836289883e-06
full_suite,243,gOMP+Adaptive+NoiseAware,optimized,0.000803873990662396,1.936299668159336e-05,0.00046450398804154247,0.00016255099035333842,4.371698014438152e-05,2.8729846235364676e-06
full_suite,244,gOMP+Adaptive+NoiseAware,optimized,0.0011796530015999451,2.5161018129438162e-05,0.0007154819904826581,0.00023654701362829655,5.7451994507573545e-05,3.941982868127525e-06
full_suite,245,gOMP+Adaptive+NoiseAware,optimized,0.0011232730030314997,2.2494015865959227e-05,0.0005553530063480139,0.00024837598903104663,4.274497041478753e-05,0.00012618898472283036
full_suite,246,gOMP+Adaptive+NoiseAware,optimized,0.001168682996649295,2.6761990739032626e-05,0.0005881580000277609,0.000230151999858208,4.293100209906697e-05,0.00014390998694580048
full_suite,247,gOMP+Adaptive+NoiseAware,optimized,0.0011476299987407401,3.0269991839304566e-05,0.0006754810165148228,0.000235871018958278,5.637601134367287e-05,4.293993697501719e-06
full_suite,248,gOMP+Adaptive+NoiseAware,optimized,0.0008848900033626705,2.5153000024147332e-05,0.0005246670334599912,0.00016546700499020517,4.041999636683613e-05,3.123015630990267e-06
full_suite,249,gOMP+Adaptive+NoiseAware,optimized,0.0009646289981901646,2.057399251498282e-05,0.0004988199943909422,0.00016525399405509233,3.300899697933346e-05,0.00013096501061227173
full_suite,250,gOMP+Adaptive+NoiseAware,optimized,0.0007882000063546002,2.1925006876699626e-05,0.00046778500836808234,0.00014962803106755018,3.3392992918379605e-05,2.7510104700922966e-06
full_suite,251,gOMP+Adaptive+NoiseAware,optimized,0.001163838998763822,2.407300053164363e-05,0.0006229989812709391,0.0002117549884133041,4.004899528808892e-05,0.00013111502630636096
full_suite,252,gOMP+Adaptive+NoiseAware,optimized,0.0014355180028360337,2.7853981009684503e-05,0.0007760780135868117,0.00025892599660437554,4.748698847834021e-05,0.00014780300261918455
full_suite,253,gOMP+Adaptive+NoiseAware,optimized,0.001203973006340675,2.3936998331919312e-05,0.0006341370026348159,0.0002077040117001161,3.841100260615349e-05,0.00015194600564427674
full_suite,254,gOMP+Adaptive+NoiseAware,optimized,0.000845203991048038,2.32519960263744e-05,0.0004972709866706282,0.0001708249910734594,3.452900273259729e-05,2.8019858291372657e-06
full_suite,255,gOMP+Adaptive+NoiseAware,optimized,0.0006045409973012283,1.4539022231474519e-05,0.00036282600194681436,0.00011126400204375386,2.461999247316271e-05,2.138011041097343e-06
full_suite,256,gOMP+Adaptive+NoiseAware,optimized,0.0010019610053859651,2.2890017135068774e-05,0.0005885050049982965,0.00018980700406245887,5.2862000302411616e-05,3.2119860406965017e-06
full_suite,257,gOMP+Adaptive+NoiseAware,optimized,0.0008088699978543445,1.9065002561546862e-05,0.0004857429885305464,0.00015925802290439606,2.992601366713643e-05,2.7970090741291642e-06
full_suite,258,gOMP+Adaptive+NoiseAware,optimized,0.000977596006123349,2.335901081096381e-05,0.0006038150022504851,0.00018163300410378724,3.703701077029109e-05,3.056979039683938e-06
full_suite,259,gOMP+Adaptive+NoiseAware,optimized,0.00087166199227795,2.3921005777083337e-05,0.0005090150079922751,0.00016882801719475538,3.4658005461096764e-05,2.8040085453540087e-06
full_suite,260,gOMP+Adaptive+NoiseAware,optimized,0.0009171709971269593,2.310496347490698e-05,0.0005480170220835134,0.00016909399710129946,3.7116988096386194e-05,2.851971657946706e-06
full_suite,261,gOMP+Adaptive+NoiseAware,optimized,0.000772134997532703,2.0944018615409732e-05,0.0004495009779930115,0.0001560680102556944,3.3087984775193036e-05,2.485016011632979e-06
full_suite,262,gOMP+Adaptive+NoiseAware,optimized,0.0008084199944278225,2.2513995645567775e-05,0.0004699040000559762,0.00016831299581099302,3.483096952550113e-05,2.7980131562799215e-06
full_suite,263,gOMP+Adaptive+NoiseAware,optimized,0.0016438990132883191,3.335000656079501e-05,0.0007833839918021113,0.00032516200735699385,9.664197568781674e-05,0.00021717800700571388
full_suite,264,gOMP+Adaptive+NoiseAware,optimized,0.0007701750000705943,2.0714986021630466e-05,0.0004644000146072358,0.00014547699538525194,3.1552990549243987e-05,2.6619964046403766e-06
full_suite,265,gOMP+Adaptive+NoiseAware,optimized,0.0010637359955580905,2.4542969185858965e-05,0.0005733999714720994,0.00016659198445267975,3.5465986002236605e-05,0.0001260169956367463
full_suite,266,gOMP+Adaptive+NoiseAware,optimized,0.0011439279915066436,2.7713002054952085e-05,0.0006015010148985311,0.00020620999566745013,3.963102062698454e-05,0.0001242680154973641
full_suite,267,gOMP+Adaptive+NoiseAware,optimized,0.0010246909951092675,2.629702794365585e-05,0.0005575930117629468,0.0001527010026620701,3.884697798639536e-05,0.0001249939959961921
full_suite,268,gOMP+Adaptive+NoiseAware,optimized,0.0010774889960885048,2.233298437204212e-05,0.0005614889960270375,0.00017017901700455695,3.333699714858085e-05,0.0001456680183764547
full_suite,269,gOMP+Adaptive+NoiseAware,optimized,0.0008956170058809221,2.2503998479805887e-05,0.0005380889924708754,0.00017786002717912197,3.506700159050524e-05,2.8500071493908763e-06
full_suite,270,gOMP+Adaptive+NoiseAware,optimized,0.0013241440028650686,3.196000761818141e-05,0.0006828009936725721,0.00021532700338866562,6.073199620004743e-05,0.00014618696877732873
full_suite,271,gOMP+Adaptive+NoiseAware,optimized,0.000640875005046837,1.8754013581201434e-05,0.0003803809959208593,0.00011149201600346714,2.7811023755930364e-05,2.3790053091943264e-06
full_suite,272,gOMP+Adaptive+NoiseAware,optimized,0.0010877900058403611,2.1118001313880086e-05,0.0005834449984831735,0.0001836580049712211,3.37650126311928e-05,0.00013269599003251642
full_suite,273,gOMP+Adaptive+NoiseAware,optimized,0.0009362710115965456,2.336400211788714e-05,0.0004904180095763877,0.00015276100020855665,3.154600562993437e-05,0.00012059100845362991
full_suite,274,gOMP+Adaptive+NoiseAware,optimized,0.0012253849999979138,2.2810010705143213e-05,0.0007844729989301413,0.00020793000294361264,4.0019003790803254e-05,3.812994691543281e-06
full_suite,275,gOMP+Adaptive+NoiseAware,optimized,0.0008005169947864488,2.113400842063129e-05,0.00046011601807549596,0.00016527698608115315,3.5657998523674905e-05,2.7579808374866843e-06
full_suite,276,gOMP+Adaptive+NoiseAware,optimized,0.0008571889920858666,2.1155981812626123e-05,0.0005289510154398158,0.0001576109934831038,3.2576979720033705e-05,2.7340283850207925e-06
full_suite,277,gOMP+Adaptive+NoiseAware,optimized,0.0006865880131954327,1.7786005628295243e-05,0.0004127990105189383,0.00012557498121168464,2.9288989026099443e-05,2.3280008463189006e-06
full_suite,278,gOMP+Adaptive+NoiseAware,optimized,0.0012810920015908778,2.8941998607479036e-05,0.0007504310051444918,0.0002432690089335665,6.975703581701964e-05,4.738991265185177e-06
full_suite,279,gOMP+Adaptive+NoiseAware,optimized,0.0006741179968230426,1.7075013602152467e-05,0.0004222330026095733,0.0001154710043920204,2.5779998395591974e-05,2.2809836082160473e-06
full_suite,280,gOMP+Adaptive+NoiseAware,optimized,0.0017716339934850112,3.4097000025212765e-05,0.0011967269820161164,0.0002558710111770779,6.0304999351501465e-05,6.1350001487880945e-06
full_suite,281,gOMP+Adaptive+NoiseAware,optimized,0.0008641409949632362,2.2515974706038833e-05,0.0005306069797370583,0.00016346003394573927,3.356901288498193e-05,2.8080103220418096e-06
full_suite,282,gOMP+Adaptive+NoiseAware,optimized,0.0009994319989345968,1.5690995496697724e-05,0.00041355399298481643,0.0003014430112671107,7.810599345248193e-05,4.0769955376163125e-06
full_suite,283,gOMP+Adaptive+NoiseAware,optimized,0.0006520190072478727,1.773498661350459e-05,0.00039270198612939566,0.00011570098286028951,3.0520997825078666e-05,2.2080057533457875e-06
full_suite,284,gOMP+Adaptive+NoiseAware,optimized,0.0008650679956190288,2.1124971681274474e-05,0.0005132880032761022,0.00017040199600160122,3.447098424658179e-05,2.9589864425361156e-06
full_suite,285,gOMP+Adaptive+NoiseAware,optimized,0.001099109009373933,2.2191976313479245e-05,0.0006174560112413019,0.00017875598859973252,3.634698805399239e-05,0.00012770800094585866
full_suite,286,gOMP+Adaptive+NoiseAware,optimized,0.0014264199999161065,2.3832995793782175e-05,0.0006032930104993284,0.0002515540109016001,4.268699558451772e-05,0.0003668080171337351
full_suite,287,gOMP+Adaptive+NoiseAware,optimized,0.0011941220000153407,2.84020061371848e-05,0.0006138720054877922,0.0002259359898744151,4.1848994442261755e-05,0.00013728199701290578
full_suite,288,gOMP+Adaptive+NoiseAware,optimized,0.0007845329964766279,1.9068989786319435e-05,0.0004754080291604623,0.0001485559914726764,2.9650007490999997e-05,2.4709879653528333e-06
full_suite,289,gOMP+Adaptive+NoiseAware,optimized,0.00118059798842296,2.6399997295811772e-05,0.0006246929988265038,0.00021600500622298568,3.9781007217243314e-05,0.00012485396291594952
full_suite,290,gOMP+Adaptive+NoiseAware,optimized,0.0012924069887958467,3.2809999538585544e-05,0.0006560150068253279,0.00025200801610480994,5.048797174822539e-05,0.0001338039874099195
full_suite,291,gOMP+Adaptive+NoiseAware,optimized,0.00119113500113599,2.9486982384696603e-05,0.0006338259991025552,0.00020756501180585474,3.9135004044510424e-05,0.00012119302118662745
full_suite,292,gOMP+Adaptive+NoiseAware,optimized,0.0007036559982225299,1.573799818288535e-05,0.0004296939878258854,0.00012860499555245042,2.7518995921127498e-05,2.2820167941972613e-06
full_suite,293,gOMP+Adaptive+NoiseAware,optimized,0.0008674940036144108,1.899099152069539e-05,0.000570194999454543,0.00013623599079437554,3.0517010600306094e-05,2.6510097086429596e-06
full_suite,294,gOMP+Adaptive+NoiseAware,optimized,0.0005047409940743819,1.2932985555380583e-05,0.00030069099739193916,7.490899588447064e-05,2.1486994228325784e-05,1.9000144675374031e-06
full_suite,295,gOMP+Adaptive+NoiseAware,optimized,0.0008306069939862937,2.2571985027752817e-05,0.000492904000566341,0.0001591220061527565,3.253802424296737e-05,2.796994522213936e-06
full_suite,296,gOMP+Adaptive+NoiseAware,optimized,0.0009186980023514479,2.3154003429226577e-05,0.0005460770044010133,0.00017769199621398002,4.069098213221878e-05,3.0360242817550898e-06
full_suite,297,gOMP+Adaptive+NoiseAware,optimized,0.0007578020013170317,1.9371029338799417e-05,0.00045594401308335364,0.00014001000090502203,2.9533010092563927e-05,2.6320049073547125e-06
full_suite,298,gOMP+Adaptive+NoiseAware,optimized,0.0008781130018178374,3.381101123522967e-05,0.0005174099933356047,0.0001616549852769822,3.673799801617861e-05,2.8140057111158967e-06
full_suite,299,gOMP+Adaptive+NoiseAware,optimized,0.0006309830059763044,1.699800486676395e-05,0.00036364000698085874,0.00012839501141570508,2.706899249460548e-05,2.134009264409542e-06
