k,trial,algorithm,implementation,runtime_sec,correlation_time_sec,selection_time_sec,solve_time_sec,residual_update_time_sec,support_refinement_time_sec
4,0,OMP,baseline,0.0003871200024150312,2.4949997168732807e-05,6.753000343451276e-05,0.00015157000234466977,3.396499960217625e-05,0.0
4,0,OMP,optimized,0.00020088300152565353,1.7643997125560418e-05,1.1877997167175636e-05,8.01049973233603e-05,1.924900061567314e-05,3.559399920050055e-05
4,1,OMP,baseline,0.0002873370031011291,1.8185004591941833e-05,8.507799793733284e-05,8.166599582182243e-05,3.027099955943413e-05,0.0
4,1,OMP,optimized,0.00036653600182035007,2.7875004889210686e-05,1.3317006960278377e-05,0.00016614199921605177,5.120599962538108e-05,5.198600047151558e-05
4,2,OMP,baseline,0.0002860249987861607,4.4759002776117995e-05,3.4567001421237364e-05,9.882000085781328e-05,3.0647002859041095e-05,0.0
4,2,OMP,optimized,0.00014662199828308076,1.642099960008636e-05,7.724007446086034e-06,5.1255006837891415e-05,1.7507005395600572e-05,2.6507997972657904e-05
4,3,OMP,baseline,0.00019297600010759197,1.5572004485875368e-05,2.7696001779986545e-05,6.589700205950066e-05,2.3144995793700218e-05,0.0
4,3,OMP,optimized,0.0003593840010580607,2.8824000764871016e-05,1.1653002729872242e-05,8.774800153332762e-05,7.362599353655241e-05,0.00011183499736944214
4,4,OMP,baseline,0.00023315500220633112,2.065399894490838e-05,2.9291000828379765e-05,6.329499956336804e-05,2.4953998945420608e-05,0.0
4,4,OMP,optimized,0.00014388999989023432,1.5715999325038865e-05,6.137001037131995e-06,5.0651997298700735e-05,1.7000998923322186e-05,2.6372996217105538e-05
4,5,OMP,baseline,0.00020485200002440251,1.6123001842061058e-05,2.6735997380455956e-05,5.5022996093612164e-05,4.0014998376136646e-05,0.0
4,5,OMP,optimized,0.00015065600018715486,1.6435998986708e-05,7.247002940857783e-06,5.34290011273697e-05,1.7631005903240293e-05,2.7487003535497934e-05
4,6,OMP,baseline,0.00020506999862845987,1.4771005226066336e-05,2.7604000933934003e-05,5.599599899142049e-05,2.152500019292347e-05,0.0
4,6,OMP,optimized,0.00014626899792347103,1.4388995623448864e-05,7.198999810498208e-06,5.3167997975833714e-05,1.718600105959922e-05,2.749700070125982e-05
4,7,OMP,baseline,0.0002304699992237147,1.8790000467561185e-05,3.135300357826054e-05,8.795699977781624e-05,2.466500154696405e-05,0.0
4,7,OMP,optimized,0.00014257599832490087,1.5205998352030292e-05,6.755006324965507e-06,5.159399734111503e-05,1.6950001736404374e-05,2.6815996534423903e-05
4,8,OMP,baseline,0.00028343799931462854,1.965999763342552e-05,3.996000305050984e-05,0.00010558600479271263,3.261900201323442e-05,0.0
4,8,OMP,optimized,0.00015288999929907732,1.43289944389835e-05,7.180995453381911e-06,5.383700045058504e-05,1.8200003978563473e-05,2.9266997444210574e-05
4,9,OMP,baseline,0.00021819099856656976,1.7263999325223267e-05,2.9025999538134784e-05,7.919400013634004e-05,2.6746001822175458e-05,0.0
4,9,OMP,optimized,0.00014364999879035167,1.5744997654110193e-05,6.600999768124893e-06,5.236500146565959e-05,1.6512000001966953e-05,2.647200017236173e-05
4,10,OMP,baseline,0.0002710109984036535,2.005000351346098e-05,4.0537001041229814e-05,8.163799793692306e-05,2.721900455071591e-05,0.0
4,10,OMP,optimized,0.00016360099834855646,1.5962999896146357e-05,7.633003406226635e-06,6.277699867496267e-05,1.8148002709494904e-05,3.0487000913126394e-05
4,11,OMP,baseline,0.00016863400014699437,1.608499587746337e-05,2.619199949549511e-05,5.184700421523303e-05,2.1529998775804415e-05,0.0
4,11,OMP,optimized,0.00013644499995280057,1.5485999028896913e-05,6.152004061732441e-06,4.954999894835055e-05,1.5354002243839204e-05,2.4911994842113927e-05
4,12,OMP,baseline,0.00018402400019112974,1.4604003808926791e-05,2.71239950961899e-05,6.20280006842222e-05,2.1029001800343394e-05,0.0
4,12,OMP,optimized,0.0001333920008619316,1.2469998182496056e-05,6.20899663772434e-06,4.917700061923824e-05,1.571300163050182e-05,2.5228000595234334e-05
4,13,OMP,baseline,0.0001850990011007525,1.6842001059558243e-05,2.842799949576147e-05,5.696699736290611e-05,2.2242002160055563e-05,0.0
4,13,OMP,optimized,0.00015334699855884537,1.6845991922309622e-05,7.481998181901872e-06,5.4625998018309474e-05,1.810600224416703e-05,2.695500006666407e-05
4,14,OMP,baseline,0.00017417900016880594,1.3749999197898433e-05,2.560099892434664e-05,5.686700023943558e-05,2.0565006707329303e-05,0.0
4,14,OMP,optimized,0.0001330699997197371,1.2838001566706225e-05,6.324000423774123e-06,4.82259965792764e-05,1.5795994841028005e-05,2.4950000806711614e-05
4,15,OMP,baseline,0.00017684900012682192,1.624099604669027e-05,2.632899850141257e-05,5.69160001759883e-05,2.2140000510262325e-05,0.0
4,15,OMP,optimized,0.00014976599777583033,1.6796999261714518e-05,6.939000741112977e-06,5.43650021427311e-05,1.6709993360564113e-05,2.7117006538901478e-05
4,16,OMP,baseline,0.0001727760027279146,1.3846998626831919e-05,2.635899727465585e-05,5.8326000726083294e-05,2.0141000277362764e-05,0.0
4,16,OMP,optimized,0.0001339940026809927,1.2710999726550654e-05,6.869995559100062e-06,4.8187997890636325e-05,1.5711004380136728e-05,2.439200397930108e-05
4,17,OMP,baseline,0.00018125700080418028,1.6409998352173716e-05,2.6411998987896368e-05,5.912999768042937e-05,2.2023003111826256e-05,0.0
4,17,OMP,optimized,0.00014289400132838637,1.5772002370795235e-05,9.63200000114739e-06,4.966500273440033e-05,1.553499896544963e-05,2.6026002160506323e-05
4,18,OMP,baseline,0.0002633459989738185,1.572099790791981e-05,3.1246006983565167e-05,0.00011626500054262578,2.7817000955110416e-05,0.0
4,18,OMP,optimized,0.0001503790008428041,1.447900285711512e-05,7.4079944170080125e-06,5.556699397857301e-05,1.6922003851504996e-05,2.8883005143143237e-05
4,19,OMP,baseline,0.00018403000285616145,1.6381000023102388e-05,2.6751997211249545e-05,6.006399780744687e-05,2.2717002138961107e-05,0.0
4,19,OMP,optimized,0.0001346220014966093,1.4412999007618055e-05,6.343001587083563e-06,4.923300730297342e-05,1.5491998055949807e-05,2.5143002858385444e-05
4,20,OMP,baseline,0.00019164500190527178,1.4391000149771571e-05,3.3058000553864986e-05,5.9735000832006335e-05,2.5806995836319402e-05,0.0
4,20,OMP,optimized,0.0001408279968018178,1.2833999790018424e-05,6.255002517718822e-06,4.859500040765852e-05,2.036899604718201e-05,2.5316003302577883e-05
4,21,OMP,baseline,0.00018451400319463573,1.735800105961971e-05,2.816900087054819e-05,5.703799979528412e-05,2.2405005438486114e-05,0.0
4,21,OMP,optimized,0.0001489509995735716,1.6031000996008515e-05,6.731999746989459e-06,5.3275998652679846e-05,1.6826001228764653e-05,2.6046003767987713e-05
4,22,OMP,baseline,0.00018604999786475673,1.418500323779881e-05,2.681900150491856e-05,6.56649935990572e-05,2.12439990718849e-05,0.0
4,22,OMP,optimized,0.00013277299876790494,1.2542001059046015e-05,6.2589970184490085e-06,4.832900231122039e-05,1.538499418529682e-05,2.5706998712848872e-05
4,23,OMP,baseline,0.0001899779999803286,1.7342994397040457e-05,2.7843994757859036e-05,5.9989997680531815e-05,2.3655004042666405e-05,0.0
4,23,OMP,optimized,0.00015688200073782355,2.298300023539923e-05,7.852999260649085e-06,5.347700061975047e-05,1.747199712553993e-05,2.6906007406068966e-05
4,24,OMP,baseline,0.00020188300186418928,2.105400199070573e-05,3.339900285936892e-05,6.385399683495052e-05,2.239799505332485e-05,0.0
4,24,OMP,optimized,0.00013855799988959916,1.2861000868724659e-05,7.142996764741838e-06,5.1381997764110565e-05,1.555500421090983e-05,2.413799666101113e-05
4,25,OMP,baseline,0.00016614800188108347,1.6060999769251794e-05,2.5973000447265804e-05,5.036000584368594e-05,2.0668001525336877e-05,0.0
4,25,OMP,optimized,0.00013525300164474174,1.4877998182782903e-05,6.138005119282752e-06,4.8261001211358234e-05,1.569400046719238e-05,2.551199941080995e-05
4,26,OMP,baseline,0.00033447800160502084,1.52749998960644e-05,3.294400448794477e-05,0.00012264900215086527,3.6972996895201504e-05,0.0
4,26,OMP,optimized,0.00024570999812567607,2.8275997465243563e-05,1.1412997992010787e-05,8.565200187149458e-05,2.548300108173862e-05,3.804899824899621e-05
4,27,OMP,baseline,0.00018885499957832508,1.6681995475664735e-05,2.6976998924510553e-05,6.49760004307609e-05,2.2508003894472495e-05,0.0
4,27,OMP,optimized,0.0002882170010707341,2.1003004803787917e-05,9.608997061150149e-06,0.00014596899563912302,3.3831995096988976e-05,3.6147001083008945e-05
4,28,OMP,baseline,0.00024722300076973625,1.5161996998358518e-05,2.90669959213119e-05,0.00011259699385846034,2.4617998860776424e-05,0.0
4,28,OMP,optimized,0.0001320709998253733,1.3016997399972752e-05,6.002999725751579e-06,4.7378001909237355e-05,1.6299996786983684e-05,2.4550001398893073e-05
4,29,OMP,baseline,0.00016325400065397844,1.5436999092344195e-05,2.5766003091121092e-05,5.04930030729156e-05,1.9827999494737014e-05,0.0
4,29,OMP,optimized,0.0001414500002283603,1.569799496792257e-05,6.368998583639041e-06,5.0842998462030664e-05,1.7368005501339212e-05,2.568299532867968e-05
8,0,OMP,baseline,0.0003923430012946483,2.859600499505177e-05,5.3111005399841815e-05,0.00014089800970396027,4.184099452686496e-05,0.0
8,0,OMP,optimized,0.00024846300220815465,2.4456003302475438e-05,1.0397998266853392e-05,9.191899880534038e-05,3.137800013064407e-05,5.038000745116733e-05
8,1,OMP,baseline,0.00036614100099541247,3.095499414484948e-05,4.463100412976928e-05,0.00012688700007856824,4.215000444673933e-05,0.0
8,1,OMP,optimized,0.00023901999884401448,2.7563997718971223e-05,1.0318999557057396e-05,8.912299745134078e-05,3.082399780396372e-05,4.6642999222967774e-05
8,2,OMP,baseline,0.0003595810012484435,2.6589001208776608e-05,4.7614998038625345e-05,0.0001253340014955029,3.669199941214174e-05,0.0
8,2,OMP,optimized,0.00027040199711336754,2.6215999241685495e-05,1.1560001439647749e-05,0.00010822499825735576,3.567999738152139e-05,5.1168994104955345e-05
8,3,OMP,baseline,0.00040891000026022084,3.010599539265968e-05,5.033200068282895e-05,0.00015277500642696396,4.6359993575606495e-05,0.0
8,3,OMP,optimized,0.00023678399884374812,2.8944003133801743e-05,1.0487005056347698e-05,8.684700151206926e-05,3.0021004931768402e-05,4.656300006899983e-05
8,4,OMP,baseline,0.0006139530014479533,4.983600592822768e-05,8.045000140555203e-05,0.00020054100241395645,5.8363999414723366e-05,0.0
8,4,OMP,optimized,0.00029919699954916723,2.8657002985710278e-05,1.1911997717106715e-05,0.00010385799760115333,4.665199594455771e-05,6.249700527405366e-05
8,5,OMP,baseline,0.00034910900285467505,2.958200639113784e-05,4.3972999264951795e-05,0.00011957100286963396,4.1134993807645515e-05,0.0
8,5,OMP,optimized,0.00023575300292577595,2.8117996407672763e-05,1.0091007425216958e-05,8.776300091994926e-05,3.0127004720270634e-05,4.568000076687895e-05
8,6,OMP,baseline,0.00035749900052906014,2.6713994884630665e-05,4.5823995606042445e-05,0.00012591300037456676,3.7616999179590493e-05,0.0
8,6,OMP,optimized,0.00024475700047332793,2.5551995349815115e-05,1.0728999768616632e-05,9.302499529439956e-05,3.1289000617107376e-05,4.8850000894162804e-05
8,7,OMP,baseline,0.00034858599974540994,2.9693994292756543e-05,4.312399687478319e-05,0.00012124500426580198,4.081200313521549e-05,0.0
8,7,OMP,optimized,0.0002699350006878376,4.0761999116512015e-05,1.1922002158826217e-05,9.434899766347371e-05,3.308700615889393e-05,5.161199806025252e-05
8,8,OMP,baseline,0.00044550799793796614,3.091700637014583e-05,5.051500193076208e-05,0.00018327300131204538,4.494200038607232e-05,0.0
8,8,OMP,optimized,0.00023361100102192722,2.3894004698377103e-05,1.0240997653454542e-05,8.867699580150656e-05,2.9325998184503987e-05,4.734200774691999e-05
8,9,OMP,baseline,0.0009417370019946247,6.898999708937481e-05,0.0001081689988495782,0.0003003609963343479,0.00012002100265817717,0.0
8,9,OMP,optimized,0.00025597399871912785,2.8755999665008858e-05,1.1262000043643638e-05,9.55279974732548e-05,3.274399568908848e-05,5.081499693915248e-05
8,10,OMP,baseline,0.0003639819988165982,2.639300873852335e-05,4.617300146492198e-05,0.00013170799866202287,3.933500192943029e-05,0.0
8,10,OMP,optimized,0.0002536249994591344,2.343500091228634e-05,1.0036004823632538e-05,8.861200694809668e-05,3.398999979253858e-05,4.717399860965088e-05
8,11,OMP,baseline,0.000346748001902597,2.8694998036371544e-05,4.2903993744403124e-05,0.00011993800580967218,3.927700163330883e-05,0.0
8,11,OMP,optimized,0.0002858100015146192,2.7876994863618165e-05,1.1343003279762343e-05,0.0001227309985551983,3.58199977199547e-05,5.017799048800953e-05
8,12,OMP,baseline,0.0004106659980607219,3.3880005503306165e-05,4.726199767901562e-05,0.000160447001690045,4.353300028014928e-05,0.0
8,12,OMP,optimized,0.0002812919992720708,2.72779943770729e-05,1.2587999663082883e-05,0.00010054900121758692,4.7687000915175304e-05,5.2519004384521395e-05
8,13,OMP,baseline,0.0003454809993854724,2.96079961117357e-05,4.331200398155488e-05,0.00011981000352534465,3.9177997678052634e-05,0.0
8,13,OMP,optimized,0.00024204500004998408,2.789198697428219e-05,9.970000974135473e-06,8.865599738783203e-05,3.107600423390977e-05,4.700499994214624e-05
8,14,OMP,baseline,0.0003617370020947419,2.57419997069519e-05,4.9145000957651064e-05,0.00012211901048431173,3.780399856623262e-05,0.0
8,14,OMP,optimized,0.00023464900004910305,2.273900099680759e-05,1.0253999789711088e-05,8.640700252726674e-05,3.0383002012968063e-05,4.63840042357333e-05
8,15,OMP,baseline,0.0004300680011510849,3.4239001251989976e-05,5.170399890630506e-05,0.00013839500024914742,4.501400326262228e-05,0.0
8,15,OMP,optimized,0.00025202100005117245,2.9002996598137543e-05,1.0816998837981373e-05,9.026599582284689e-05,3.393300357856788e-05,4.8642999900039285e-05
8,16,OMP,baseline,0.00044699900172417983,3.214900425518863e-05,5.569700078922324e-05,0.00014954500511521474,6.269500227062963e-05,0.0
8,16,OMP,optimized,0.000250019998929929,2.4943994503701106e-05,1.1650998203549534e-05,9.416100147063844e-05,3.224099782528356e-05,4.9446003686171025e-05
8,17,OMP,baseline,0.0003953259983973112,3.370399645064026e-05,5.111900100018829e-05,0.00013699400733457878,4.645299122785218e-05,0.0
8,17,OMP,optimized,0.00025271400227211416,2.9024999093962833e-05,1.1093001376139e-05,9.418399713467807e-05,3.2218998967437074e-05,4.959500438417308e-05
8,18,OMP,baseline,0.0003974170031142421,2.9011000151513144e-05,4.991600144421682e-05,0.00013456699525704607,4.044500019517727e-05,0.0
8,18,OMP,optimized,0.00026879699726123363,2.9712002287851647e-05,1.1639996955636889e-05,0.0001042360017891042,3.277000359958038e-05,5.136499385116622e-05
8,19,OMP,baseline,0.00038477499765576795,4.7102992539294064e-05,4.6641998778795823e-05,0.00012806200174964033,4.236399763613008e-05,0.0
8,19,OMP,optimized,0.00023500200040871277,2.712000423343852e-05,1.0345003829570487e-05,8.795898611424491e-05,2.9667000490007922e-05,4.644400178221986e-05
8,20,OMP,baseline,0.0005859699995198753,3.187899710610509e-05,5.585499820881523e-05,0.0002685649960767478,5.8001001889351755e-05,0.0
8,20,OMP,optimized,0.0002694329996302258,2.688399763428606e-05,1.1709998943842947e-05,0.00010114299584529363,3.8256006519077346e-05,5.2829003834631294e-05
8,21,OMP,baseline,0.00039369400110444985,3.3997002901742235e-05,4.968299617758021e-05,0.00013078499614493921,4.3008003558497876e-05,0.0
8,21,OMP,optimized,0.00024978399960673414,2.8259997634449974e-05,1.1218995496165007e-05,9.194500307785347e-05,3.2112006010720506e-05,4.9829992349259555e-05
8,22,OMP,baseline,0.0004058230006194208,2.8569003916345537e-05,5.197299469728023e-05,0.0001382080081384629,3.8156998925842345e-05,0.0
8,22,OMP,optimized,0.0002868049996322952,2.8968992410227656e-05,2.0843006495852023e-05,0.00010637899686116725,3.401700087124482e-05,5.6854001741157845e-05
8,23,OMP,baseline,0.0003472419994068332,2.9843002266716212e-05,4.378499943413772e-05,0.00011927099694730714,3.964300049119629e-05,0.0
8,23,OMP,optimized,0.00025798400019994006,2.8919996111653745e-05,1.0207004379481077e-05,0.00010304700117558241,3.285400816821493e-05,4.654699660022743e-05
8,24,OMP,baseline,0.0003553120004653465,2.562899680924602e-05,4.554900442599319e-05,0.00011978999827988446,3.59069999831263e-05,0.0
8,24,OMP,optimized,0.00029447800261550583,2.671999391168356e-05,1.2859007256338373e-05,0.00011968900435022078,3.825000021606684e-05,5.567300468101166e-05
8,25,OMP,baseline,0.0005486949994519819,4.748599894810468e-05,6.975999713176861e-05,0.0001764309999998659,5.756399696110748e-05,0.0
8,25,OMP,optimized,0.00032094199923449196,4.739499854622409e-05,1.3884004147257656e-05,0.00011945399819524027,3.60550002369564e-05,5.823700485052541e-05
8,26,OMP,baseline,0.00035959999877377413,2.7227990358369425e-05,4.729600186692551e-05,0.0001253180053026881,3.8551996112801135e-05,0.0
8,26,OMP,optimized,0.00026573600189294666,2.5696001102915034e-05,1.0992993338732049e-05,0.00010852799823624082,3.3415995858376846e-05,4.966099368175492e-05
8,27,OMP,baseline,0.0003954860003432259,3.2309999369317666e-05,4.66780002170708e-05,0.00013474899606080726,5.1946004532510415e-05,0.0
8,27,OMP,optimized,0.000520776000485057,7.03590085322503e-05,4.294400059734471e-05,0.00016296800095005892,7.358599759754725e-05,9.636399772716686e-05
8,28,OMP,baseline,0.00041348300146637484,3.212999945390038e-05,5.0219998229295015e-05,0.00013767400014330633,5.003199839848094e-05,0.0
8,28,OMP,optimized,0.00043153600199730136,0.00010270899656461552,2.3025004338705912e-05,0.00013508299889508635,4.2899002437479794e-05,7.589300003019162e-05
8,29,OMP,baseline,0.00047052299851202406,3.3675994927762076e-05,5.3381001634988934e-05,0.00018435300080454908,5.0090991862816736e-05,0.0
8,29,OMP,optimized,0.00025485100195510313,2.9402002837741747e-05,1.1403997632442042e-05,9.547501031192951e-05,3.1378003768622875e-05,4.9444002797827125e-05
12,0,OMP,baseline,0.0007250899980135728,5.222600157139823e-05,8.885400529834442e-05,0.0002532049984438345,9.313198825111613e-05,0.0
12,0,OMP,optimized,0.0004408290005812887,4.483900193008594e-05,1.734500256134197e-05,0.0001698689957265742,6.826299795648083e-05,8.303299910039641e-05
12,1,OMP,baseline,0.0006482370008598082,4.343100226833485e-05,7.374900815193541e-05,0.0002462920019752346,6.379399565048516e-05,0.0
12,1,OMP,optimized,0.0003549109969753772,3.549499160726555e-05,1.4137003745418042e-05,0.0001382689988531638,4.76240020361729e-05,7.271199865499511e-05
12,2,OMP,baseline,0.0008959070000855718,0.00011987700054305606,8.423699546256103e-05,0.0003169069932482671,9.76859955699183e-05,0.0
12,2,OMP,optimized,0.0005557660006161314,5.7101005950244144e-05,2.4377997760893777e-05,0.00022187699505593628,7.545699190814048e-05,0.00011256300422246568
12,3,OMP,baseline,0.0006218929993337952,4.306800110498443e-05,6.999699689913541e-05,0.00022870099928695709,5.942699863226153e-05,0.0
12,3,OMP,optimized,0.0003848870001093019,5.2517003496177495e-05,1.5961002645781264e-05,0.0001401980007358361,4.877099490840919e-05,7.641599586349912e-05
12,4,OMP,baseline,0.000563523997698212,4.499699571169913e-05,6.394100273610093e-05,0.00020371800201246515,5.9649002650985494e-05,0.0
12,4,OMP,optimized,0.0003781000013987068,4.135399649385363e-05,1.8433995137456805e-05,0.0001490949980507139,4.923200322082266e-05,7.271100184880197e-05
12,5,OMP,baseline,0.0015896129989414476,8.358099876204506e-05,0.00012284699550946243,0.0007048589905025437,0.00018345500211580656,0.0
12,5,OMP,optimized,0.00044246699690120295,4.520000220509246e-05,1.7700003809295595e-05,0.00016257300012512133,5.852300091646612e-05,8.939200051827356e-05
12,6,OMP,baseline,0.0008796820002316963,5.841800521011464e-05,0.00010532900705584325,0.00036226500014890917,9.816300007514656e-05,0.0
12,6,OMP,optimized,0.0003806389977398794,4.218999674776569e-05,1.478499689255841e-05,0.00014354400263982825,5.15690007887315e-05,7.605299833812751e-05
12,7,OMP,baseline,0.0006859530003566761,4.3918997107539326e-05,7.378700320259668e-05,0.0002404249898972921,7.140999150578864e-05,0.0
12,7,OMP,optimized,0.00039891900087241083,3.6790002923225984e-05,1.9054004951613024e-05,0.00015932199676171876,5.3013998694950715e-05,7.686799290240742e-05
12,8,OMP,baseline,0.0006333729979814962,4.728600106318481e-05,6.994799332460389e-05,0.00021460900097736157,6.141699486761354e-05,0.0
12,8,OMP,optimized,0.0003510890019242652,4.025799717055634e-05,1.350199818261899e-05,0.00013295800454216078,4.6640994696645066e-05,7.023900980129838e-05
12,9,OMP,baseline,0.0006318489977275021,4.052599979331717e-05,7.464599912054837e-05,0.0002493399988452438,6.154600487207063e-05,0.0
12,9,OMP,optimized,0.0007461050008714665,4.941399674862623e-05,2.137200499419123e-05,0.00024169599782908335,8.67850030772388e-05,0.00024118299916153774
12,10,OMP,baseline,0.0006387190005625598,4.75329979963135e-05,8.156400508596562e-05,0.0002344940003240481,6.455699985963292e-05,0.0
12,10,OMP,optimized,0.00035251900044386275,4.009500480606221e-05,1.4136996469460428e-05,0.00013255200246931054,4.543699469650164e-05,6.881700028316118e-05
12,11,OMP,baseline,0.0006588899996131659,4.3460993765620515e-05,8.290199548355304e-05,0.00022841600002720952,6.0313992435112596e-05,0.0
12,11,OMP,optimized,0.00038859399865032174,3.992199708591215e-05,1.5771998732816428e-05,0.0001524920080555603,5.179900472285226e-05,7.764099427731708e-05
12,12,OMP,baseline,0.0005663299998559523,4.4427000830182806e-05,6.477300121332519e-05,0.0002118230113410391,5.9331010561436415e-05,0.0
12,12,OMP,optimized,0.00034723300268524326,4.057300975546241e-05,1.4468998415395617e-05,0.00013163600306143053,4.507200719672255e-05,7.013199137873016e-05
12,13,OMP,baseline,0.0006141699996078387,4.213200372760184e-05,7.367700891336426e-05,0.00023059100567479618,6.242000381462276e-05,0.0
12,13,OMP,optimized,0.000520206998771755,4.4169002649141476e-05,1.9871007680194452e-05,0.0002366900043853093,6.776400186936371e-05,8.874599370756187e-05
12,14,OMP,baseline,0.000608240003202809,4.77619978482835e-05,6.798300455557182e-05,0.0002203559888585005,6.183600271469913e-05,0.0
12,14,OMP,optimized,0.0003676689993881155,4.127299689571373e-05,1.4383000234374776e-05,0.00014124799781711772,4.8099998821271583e-05,7.335498958127573e-05
12,15,OMP,baseline,0.0006736989998898935,4.214799992041662e-05,7.120299778762273e-05,0.0002700909935811069,6.449200373026542e-05,0.0
12,15,OMP,optimized,0.0003984740033047274,4.9239006330026314e-05,1.7351001588394865e-05,0.00014688799637951888,5.1736002205871046e-05,7.968099816935137e-05
12,16,OMP,baseline,0.0012893050006823614,0.00010332099191145971,0.00020521300757536665,0.00041518700163578615,0.00010622900299495086,0.0
12,16,OMP,optimized,0.00041085900011239573,5.0047998229274526e-05,1.6430989489890635e-05,0.0001569460000609979,5.354900349630043e-05,8.210799933294766e-05
12,17,OMP,baseline,0.0008218789989768993,5.401100133894943e-05,9.46869986364618e-05,0.0003397599939489737,8.667599831824191e-05,0.0
12,17,OMP,optimized,0.00037803200029884465,3.788899994106032e-05,1.5261008229572326e-05,0.00014539999756379984,4.998599615646526e-05,7.705100142629817e-05
12,18,OMP,baseline,0.0006144520011730492,4.740200165542774e-05,6.795399895054288e-05,0.00022103999799583107,6.245000986382365e-05,0.0
12,18,OMP,optimized,0.00035087399737676606,4.096399788977578e-05,1.3761993614025414e-05,0.0001337970061285887,4.5530996430898085e-05,7.060200368869118e-05
12,19,OMP,baseline,0.0006480610027210787,4.9447004130342975e-05,7.440900662913918e-05,0.00023986699670786038,6.379300248227082e-05,0.0
12,19,OMP,optimized,0.00046110299808788113,4.1651001083664596e-05,3.1653002224629745e-05,0.000164337001478998,5.930299812462181e-05,0.00010418500460218638
12,20,OMP,baseline,0.0006106920009187888,4.823099516215734e-05,7.294199531315826e-05,0.00022271598572842777,6.4157007727772e-05,0.0
12,20,OMP,optimized,0.0003697909996844828,4.196900044917129e-05,1.5257992345141247e-05,0.00014389900024980307,4.822400660486892e-05,7.286300024134107e-05
12,21,OMP,baseline,0.0006723440019413829,4.217500099912286e-05,7.013999857008457e-05,0.0002567590090620797,6.875099643366411e-05,0.0
12,21,OMP,optimized,0.00044851100028608926,3.987500167568214e-05,1.6892998246476054e-05,0.00019899099788744934,5.7461002143099904e-05,7.998599539860152e-05
12,22,OMP,baseline,0.0006109589994593989,4.634600190911442e-05,7.140100569813512e-05,0.0002171360029024072,6.35029973636847e-05,0.0
12,22,OMP,optimized,0.00045408300138660707,4.723899837699719e-05,1.7799997294787318e-05,0.0001587530059623532,8.215600246330723e-05,9.048900756170042e-05
12,23,OMP,baseline,0.0008051129989326,4.6911001845728606e-05,8.818599599180743e-05,0.00034691898690653034,8.654900375404395e-05,0.0
12,23,OMP,optimized,0.0003871079970849678,3.627900150604546e-05,1.4917000953573734e-05,0.00015376599185401574,5.2015002438565716e-05,7.600799290230498e-05
12,24,OMP,baseline,0.0005778990016551688,4.567799260257743e-05,6.600999404327013e-05,0.00021295699116308242,6.071600364521146e-05,0.0
12,24,OMP,optimized,0.0003891689993906766,4.650899427360855e-05,1.586700091138482e-05,0.0001498320052633062,5.073199645266868e-05,7.39679962862283e-05
12,25,OMP,baseline,0.0007218309983727522,5.7910998293664306e-05,8.712399721844122e-05,0.00025299100161646493,6.868899072287604e-05,0.0
12,25,OMP,optimized,0.00035701900196727365,3.92339970858302e-05,1.4214998373063281e-05,0.00013572799798566848,4.814599742530845e-05,7.027199899312109e-05
12,26,OMP,baseline,0.0005807800007460173,4.6475000999635085e-05,6.656899131485261e-05,0.0002129869972122833,6.0144997405586764e-05,0.0
12,26,OMP,optimized,0.00040760100091574714,4.110700319870375e-05,1.54249974002596e-05,0.000155774992890656,6.261800081119873e-05,7.401899711112492e-05
12,27,OMP,baseline,0.0005734669975936413,3.90659952245187e-05,6.622500586672686e-05,0.00021816399748786353,5.6975000916281715e-05,0.0
12,27,OMP,optimized,0.0013137860005372204,8.641899694339372e-05,8.416698983637616e-05,0.00044844599324278533,0.00011184300819877535,0.0004971579983248375
12,28,OMP,baseline,0.0006090530005167238,4.805899880011566e-05,6.742500409018248e-05,0.00022414399427361786,6.737199510098435e-05,0.0
12,28,OMP,optimized,0.0003792889983742498,4.2416992073412985e-05,1.481700746808201e-05,0.00013805399794364348,6.058200597180985e-05,7.466999886673875e-05
12,29,OMP,baseline,0.0006953370029805228,4.100799560546875e-05,7.116499546100385e-05,0.00024545399719499983,0.00010336399645893835,0.0
12,29,OMP,optimized,0.0003767830021388363,3.540800025803037e-05,1.5525001799687743e-05,0.0001478200065321289,5.109700214234181e-05,7.46749974496197e-05
16,0,OMP,baseline,0.0009180270026263315,5.554599192691967e-05,9.706500713946298e-05,0.0003705729905050248,8.545199307263829e-05,0.0
16,0,OMP,optimized,0.0004764889999933075,4.6030007069930434e-05,1.768000583979301e-05,0.00018769998496281914,6.521100294776261e-05,9.918300565914251e-05
16,1,OMP,baseline,0.0008573060003982391,5.984599920338951e-05,8.695600263308734e-05,0.0003363450014148839,8.264699135906994e-05,0.0
16,1,OMP,optimized,0.000661437999951886,6.477299029938877e-05,1.9211001927033067e-05,0.00020469698938541114,6.976499571464956e-05,0.00013914599549025297
16,2,OMP,baseline,0.0008688300003996119,5.2104995120316744e-05,8.88639988261275e-05,0.0003550710061972495,7.824398562661372e-05,0.0
16,2,OMP,optimized,0.000486537999677239,4.67610007035546e-05,1.830000474001281e-05,0.00019112600421067327,6.738999945810065e-05,9.9101998785045e-05
16,3,OMP,baseline,0.0012323349983489607,7.818599624442868e-05,0.00012653299199882895,0.0004433479916770011,0.00014612400264013559,0.0
16,3,OMP,optimized,0.0005655840031977277,6.577900057891384e-05,2.668499291758053e-05,0.0002218469926447142,7.446499876095913e-05,0.00011097099195467308
16,4,OMP,baseline,0.0009851300019363407,6.982899867580272e-05,0.0001019830051518511,0.0003889820000040345,8.864101255312562e-05,0.0
16,4,OMP,optimized,0.0005775230019935407,6.055500125512481e-05,2.537800173740834e-05,0.00023081700055627152,7.723700036876835e-05,0.00011434099724283442
16,5,OMP,baseline,0.0009461339977860916,7.935299436212517e-05,9.41909929679241e-05,0.0003661379960249178,8.58939929457847e-05,0.0
16,5,OMP,optimized,0.00047302500024670735,5.3269006457412615e-05,1.804499697755091e-05,0.0001831359877542127,6.49069988867268e-05,9.435599349671975e-05
16,6,OMP,baseline,0.0009761170003912412,5.7935994846047834e-05,9.704499825602397e-05,0.00038418499752879143,0.00010510900028748438,0.0
16,6,OMP,optimized,0.000883734999661101,5.6382999900961295e-05,2.3578999389428645e-05,0.0004114320036023855,0.0001275750000786502,0.0001616909976291936
16,7,OMP,baseline,0.0008872660000633914,6.0301990743028e-05,9.002600563690066e-05,0.0003519829951983411,8.557900218875147e-05,0.0
16,7,OMP,optimized,0.0004937499979860149,5.457800216390751e-05,1.8011000065598637e-05,0.00018447000911692157,6.519500311696902e-05,9.667099584476091e-05
16,8,OMP,baseline,0.0011479160020826384,7.007799649727531e-05,0.00011229899610043503,0.0004290209981263615,0.00013506000686902553,0.0
16,8,OMP,optimized,0.0005332250002538785,6.230900180526078e-05,2.0930991013301536e-05,0.00020152399883954786,6.865699833724648e-05,0.00011413099855417386
16,9,OMP,baseline,0.000995120997686172,6.946798748685978e-05,0.00010731600559665821,0.00036897500103805214,9.615799353923649e-05,0.0
16,9,OMP,optimized,0.0005033250017731916,5.668000812875107e-05,2.5898993044393137e-05,0.00019057900135521777,6.634599776589312e-05,0.00010162299804505892
16,10,OMP,baseline,0.0010310649995517451,6.156299059512094e-05,0.00010530199142522179,0.00042504399607423693,8.94579934538342e-05,0.0
16,10,OMP,optimized,0.0004591210017679259,4.553198232315481e-05,1.7154998204205185e-05,0.00017986000239034183,6.313099584076554e-05,9.447300908504985e-05
16,11,OMP,baseline,0.0009568890018272214,6.481900709331967e-05,0.0001081790032912977,0.0003801509956247173,8.90849987627007e-05,0.0
16,11,OMP,optimized,0.0005633480031974614,6.010200741002336e-05,2.058201062027365e-05,0.00021963900508126244,8.152299778885208e-05,0.00011239399827900343
16,12,OMP,baseline,0.0009064139994734433,5.430600140243769e-05,9.29019988689106e-05,0.00035990800097351894,9.09509981283918e-05,0.0
16,12,OMP,optimized,0.0005114830019010697,4.812699989997782e-05,2.3487998987548053e-05,0.00020666399359470233,6.949599264771678e-05,9.969699385692365e-05
16,13,OMP,baseline,0.0008948629983933643,6.31119983154349e-05,9.31490030779969e-05,0.0003524790008668788,8.545899618184194e-05,0.0
16,13,OMP,optimized,0.0005555930001719389,5.8157002058578655e-05,2.2032996639609337e-05,0.00022373499814420938,7.82329952926375e-05,0.00010555800690781325
16,14,OMP,baseline,0.0009052529967448208,5.458799205371179e-05,9.402701107319444e-05,0.00035539698001230136,7.841999831725843e-05,0.0
16,14,OMP,optimized,0.0005399619985837489,5.262400736683048e-05,2.1208001271588728e-05,0.00020926399884046987,7.282799560925923e-05,0.00011923701094929129
16,15,OMP,baseline,0.0009056290000444278,6.44349966023583e-05,8.984599844552577e-05,0.0003527129956637509,8.819500362733379e-05,0.0
16,15,OMP,optimized,0.00048002699986682273,5.608799619949423e-05,2.1970994566800073e-05,0.00018080499285133556,6.510300954687409e-05,9.570899783284403e-05
16,16,OMP,baseline,0.0008946890011429787,6.18150006630458e-05,8.93179931154009e-05,0.0003571519991965033,7.908699990366586e-05,0.0
16,16,OMP,optimized,0.0004764760014950298,5.768400296801701e-05,1.7976999515667558e-05,0.00018366800577496178,6.402299550245516e-05,9.519200466456823e-05
16,17,OMP,baseline,0.0009174590013572015,7.096500849002041e-05,9.213299927068874e-05,0.0003570769913494587,9.363800927530974e-05,0.0
16,17,OMP,optimized,0.00047724099931656383,5.515100201591849e-05,1.7775997548596933e-05,0.00018255499162478372,6.5131996962009e-05,9.586500164004974e-05
16,18,OMP,baseline,0.0008993249975901563,5.483499990077689e-05,9.561800470692106e-05,0.00035593899883679114,8.125699969241396e-05,0.0
16,18,OMP,optimized,0.00047907300177030265,4.795600034412928e-05,2.1416995878098533e-05,0.00018591799744172022,6.610299169551581e-05,9.76270021055825e-05
16,19,OMP,baseline,0.0009930960004567169,7.106899283826351e-05,9.990901162382215e-05,0.00038486400808324106,9.389399929204956e-05,0.0
16,19,OMP,optimized,0.0005003120022593066,5.721500929212198e-05,1.8586000805953518e-05,0.000194092994206585,6.871599543956108e-05,0.00010189899694523774
16,20,OMP,baseline,0.0009287639986723661,5.321499702404253e-05,0.00010831600593519397,0.00037117100509931333,8.281499685836025e-05,0.0
16,20,OMP,optimized,0.0005190179981582332,5.659300586557947e-05,1.9769006030401215e-05,0.00020657301138271578,6.965799911995418e-05,0.00010257399844704196
16,21,OMP,baseline,0.000837717998365406,5.999499626341276e-05,8.39669919514563e-05,0.0003270639936090447,7.976999040693045e-05,0.0
16,21,OMP,optimized,0.0004625529982149601,5.408700235420838e-05,1.6882004274521023e-05,0.000177523004822433,6.339199899230152e-05,9.333000343758613e-05
16,22,OMP,baseline,0.0008204530022339895,5.007700383430347e-05,8.404600157518871e-05,0.0003268690052209422,7.33050073904451e-05,0.0
16,22,OMP,optimized,0.0007033430010778829,7.226099842227995e-05,2.7097004931420088e-05,0.00029851699582650326,9.519099330645986e-05,0.00012998100282857195
16,23,OMP,baseline,0.0010368420007580426,6.379799742717296e-05,9.20469974516891e-05,0.00037171499934629537,0.00016195499847526662,0.0
16,23,OMP,optimized,0.0005500510014826432,5.808499554404989e-05,2.1880998247070238e-05,0.00022429799355450086,7.330099833779968e-05,0.00010582799586700276
16,24,OMP,baseline,0.0008894450002117082,5.4120995628181845e-05,8.913099372875877e-05,0.0003519910060276743,8.140600402839482e-05,0.0
16,24,OMP,optimized,0.0004689800007326994,4.51769883511588e-05,1.825000435928814e-05,0.00018577499940874986,6.490700616268441e-05,9.656000111135654e-05
16,25,OMP,baseline,0.001152658001956297,6.864598981337622e-05,0.00011325200102874078,0.00048007800432969816,0.00011127199832117185,0.0
16,25,OMP,optimized,0.0004916019970551133,5.44540052942466e-05,1.8793001800077036e-05,0.00018908600031863898,6.895399928907864e-05,9.967899677576497e-05
16,26,OMP,baseline,0.0011127289981232025,6.247900091693737e-05,0.00018051699225907214,0.00040982800055644475,0.00010031200508819893,0.0
16,26,OMP,optimized,0.000474027001473587,4.6477001887978986e-05,1.858499672380276e-05,0.00018702801025938243,6.607499381061643e-05,9.763101115822792e-05
16,27,OMP,baseline,0.000978145999397384,6.758000017725863e-05,9.800000407267362e-05,0.00039376499989884906,9.439599307370372e-05,0.0
16,27,OMP,optimized,0.00048016100117820315,5.398099892772734e-05,1.8925995391327888e-05,0.00018726600319496356,6.514800770673901e-05,9.669700375525281e-05
16,28,OMP,baseline,0.0008914569989428855,5.4501993872690946e-05,8.920999971451238e-05,0.00036761598676093854,8.372099910047837e-05,0.0
16,28,OMP,optimized,0.0004587660005199723,4.613701094058342e-05,1.744999099173583e-05,0.00017889099035528488,6.314699567155913e-05,9.404799493495375e-05
16,29,OMP,baseline,0.0008520589981344528,5.8406007156008855e-05,8.489899119012989e-05,0.00033695200909278356,7.967699275468476e-05,0.0
16,29,OMP,optimized,0.0005305259983288124,5.5661006626905873e-05,1.9656003132695332e-05,0.00020555600349325687,7.089499922585674e-05,0.00011357599578332156
20,0,OMP,baseline,0.0014074339997023344,8.1588004832156e-05,0.00013254199802759103,0.0005892350091016851,0.00011671200263663195,0.0
20,0,OMP,optimized,0.0007120689988369122,6.336599471978843e-05,2.590299118310213e-05,0.00029215099129942246,9.529000817565247e-05,0.00014913698760210536
20,1,OMP,baseline,0.0013968929997645319,8.567500117351301e-05,0.00012976899961358868,0.0005561619909713045,0.00012754000272252597,0.0
20,1,OMP,optimized,0.0006214310014911462,7.215099685708992e-05,2.2001000616000965e-05,0.0002452059925417416,8.527099635102786e-05,0.00012373600111459382
20,2,OMP,baseline,0.0015504609982599504,9.782801134861074e-05,0.000141048996738391,0.0006431700057873968,0.00013409000166575424,0.0
20,2,OMP,optimized,0.0006355010009428952,5.904801219003275e-05,2.3557011445518583e-05,0.00024960701193776913,8.657099897391163e-05,0.00013988299906486645
20,3,OMP,baseline,0.001281695000216132,7.816099241608754e-05,0.00013414900604402646,0.0005239359998086002,0.00011851400267914869,0.0
20,3,OMP,optimized,0.0006501429998024832,6.998300887062214e-05,2.3268992663361132e-05,0.00026022200836450793,8.935300138546154e-05,0.00012785300714313053
20,4,OMP,baseline,0.0012724099979095627,7.099299546098337e-05,0.00011375001122360118,0.0005419549961516168,0.00010588800068944693,0.0
20,4,OMP,optimized,0.0006346509981085546,6.775200381525792e-05,2.2739008272765204e-05,0.0002517499997338746,8.618200081400573e-05,0.00013081999713904224
20,5,OMP,baseline,0.0012900779984192923,8.043399793677963e-05,0.00011569700654945336,0.000530188004631782,0.00011336300303810276,0.0
20,5,OMP,optimized,0.0007829930000298191,8.631701348349452e-05,2.7342008252162486e-05,0.00029073399855406024,0.00013268101247376762,0.00014794299568166025
20,6,OMP,baseline,0.0015059430006658658,7.827599620213732e-05,0.00012680399959208444,0.0006724519917042926,0.00013315999240148813,0.0
20,6,OMP,optimized,0.0006233389976841863,5.8609992265701294e-05,2.338000194868073e-05,0.00025997100601671264,8.607499694335274e-05,0.00012001399954897352
20,7,OMP,baseline,0.001277045001188526,8.219198571168818e-05,0.00012402499851305038,0.000528544005646836,0.00011036100841010921,0.0
20,7,OMP,optimized,0.0007627560007676948,8.426501153735444e-05,2.7000998670700938e-05,0.00030405499637709,0.00011698600064846687,0.00014489100794889964
20,8,OMP,baseline,0.0013413609995041043,7.343900870182551e-05,0.0001275080030609388,0.0005719569999200758,0.00011432901010266505,0.0
20,8,OMP,optimized,0.0007036269998934586,5.938699541729875e-05,2.4492004740750417e-05,0.0002506789969629608,8.579998757340945e-05,0.0001433709949196782
20,9,OMP,baseline,0.001446458998543676,9.041400699061342e-05,0.00012829799743485637,0.0006122169907030184,0.0001268820051336661,0.0
20,9,OMP,optimized,0.0007683479998377152,8.751299901632592e-05,2.8042017220286652e-05,0.0002965889943880029,0.00010775199916679412,0.0001522960010333918
20,10,OMP,baseline,0.001285547001316445,7.28049999452196e-05,0.00011409999569877982,0.0005440649947558995,0.00010954900426440872,0.0
20,10,OMP,optimized,0.0006319719977909699,6.078699880163185e-05,2.4250999558717012e-05,0.0002479270006006118,9.86560044111684e-05,0.00012592699567903765
20,11,OMP,baseline,0.0015011930008768104,9.922299068421125e-05,0.00016813699403428473,0.0006158919968584087,0.00012846799290855415,0.0
20,11,OMP,optimized,0.000652439000987215,7.256100434460677e-05,2.499099718988873e-05,0.0002573750061856117,8.914500358514488e-05,0.0001311189989792183
20,12,OMP,baseline,0.0013929369997640606,7.931599611765705e-05,0.00015077300849952735,0.0005834460025653243,0.00011238600927754305,0.0
20,12,OMP,optimized,0.0006031170014466625,5.75319972995203e-05,2.188399957958609e-05,0.00024279799981741235,8.442000398645177e-05,0.00012255699766683392
20,13,OMP,baseline,0.0014023820003785659,8.401200102525763e-05,0.00011865899068652652,0.0005753380028181709,0.0001498809979239013,0.0
20,13,OMP,optimized,0.0006671019982604776,7.429000834235922e-05,2.3715994757367298e-05,0.00025930300398613326,9.002701335703023e-05,0.00013821899847243913
20,14,OMP,baseline,0.0013070479981251992,6.941599349374883e-05,0.00011832798918476328,0.0005503660104295705,0.00010580499656498432,0.0
20,14,OMP,optimized,0.000635203999991063,5.926700760028325e-05,2.2685009753331542e-05,0.00025530099810566753,8.574001549277455e-05,0.0001246699976036325
20,15,OMP,baseline,0.0013534960016841069,9.688700447441079e-05,0.00012202099605929106,0.0005455260143207852,0.0001288699932047166,0.0
20,15,OMP,optimized,0.0006029659998603165,6.610700438614003e-05,2.1797994122607633e-05,0.00023850299839978106,8.36790059111081e-05,0.000121492994367145
20,16,OMP,baseline,0.0012700440020125825,6.690500231343322e-05,0.00011373800953151658,0.0005528999936359469,0.0001031520077958703,0.0
20,16,OMP,optimized,0.0005956200002401602,5.6843004131224006e-05,2.1766005374956876e-05,0.00023913499899208546,8.260599497589283e-05,0.00012186799358460121
20,17,OMP,baseline,0.0012634490012715105,8.247799632954411e-05,0.00011660900781862438,0.000517735996254487,0.00011037700460292399,0.0
20,17,OMP,optimized,0.0006563579991052393,6.926099740667269e-05,2.871200194931589e-05,0.0002677249867701903,8.849898949847557e-05,0.00012526299906312488
20,18,OMP,baseline,0.0012728620022244286,7.066200487315655e-05,0.0001255469978787005,0.0005310249944159295,0.00011513999561429955,0.0
20,18,OMP,optimized,0.0006953310003154911,6.354400829877704e-05,2.5950008421204984e-05,0.0002839259905158542,9.872699592960998e-05,0.00013612601105705835
20,19,OMP,baseline,0.0012810059997718781,7.950799408718012e-05,0.00011690700193867087,0.0005423300026450306,0.00011111199273727834,0.0
20,19,OMP,optimized,0.0007984670010046102,8.370399518753402e-05,2.864499037968926e-05,0.0003487090034468565,0.00010812099208123982,0.00014389300122275017
20,20,OMP,baseline,0.00139932999809389,0.0001195760014525149,0.00012377900202409364,0.0005631419953715522,0.0001268519990844652,0.0
20,20,OMP,optimized,0.0007108370009518694,6.011000368744135e-05,2.9366008675424382e-05,0.00025822700990829617,9.093601329368539e-05,0.0001935219952429179
20,21,OMP,baseline,0.0012891879996459465,8.219100709538907e-05,0.00011584099775063805,0.0005258629971649498,0.00011304800500511192,0.0
20,21,OMP,optimized,0.0006023309979354963,6.795199442422017e-05,2.1800995455123484e-05,0.00023715100542176515,8.27939911687281e-05,0.00012093699842807837
20,22,OMP,baseline,0.0012611140009539668,6.829401172581129e-05,0.00011542800712049939,0.0005422139838628937,0.00010027600001194514,0.0
20,22,OMP,optimized,0.0007021950004855171,7.347600330831483e-05,2.666400177986361e-05,0.00027163599952473305,9.472700185142457e-05,0.00015394799629575573
20,23,OMP,baseline,0.0012251730004209094,7.578999429824762e-05,0.00011362398799974471,0.0005134359926159959,0.00010588599980110303,0.0
20,23,OMP,optimized,0.0007279189994733315,8.230099774664268e-05,2.716398739721626e-05,0.00029636900217155926,9.897699419525452e-05,0.0001422060013283044
20,24,OMP,baseline,0.001227093998750206,6.922300599399023e-05,0.00011190499571966939,0.0005195980011194479,9.975699140341021e-05,0.0
20,24,OMP,optimized,0.0006000200010021217,5.798100391984917e-05,2.169299841625616e-05,0.00023847999909776263,8.3024991909042e-05,0.00012056600462528877
20,25,OMP,baseline,0.001351550999970641,8.538599286112003e-05,0.00012299599620746449,0.0005573689850280061,0.0001203660031023901,0.0
20,25,OMP,optimized,0.0007377830006589647,7.657700916752219e-05,2.752701038843952e-05,0.0002947950015368406,9.710100493975915e-05,0.00014424900291487575
20,26,OMP,baseline,0.0012468169989006128,6.768700404791161e-05,0.00011437799548730254,0.0005278990065562539,0.00010381200627307408,0.0
20,26,OMP,optimized,0.0006589039985556155,6.066600326448679e-05,2.7810998290078714e-05,0.00027065500034950674,9.192399011226371e-05,0.00013032399874646217
20,27,OMP,baseline,0.0012512510002125055,7.898800322436728e-05,0.00011104999794042669,0.0005352959997253492,0.0001108190044760704,0.0
20,27,OMP,optimized,0.0006497629983641673,6.854100138298236e-05,2.4207991373259574e-05,0.0002510090089344885,8.946299931267276e-05,0.00013920600758865476
20,28,OMP,baseline,0.0015156759982346557,8.397599594900385e-05,0.00014461799219134264,0.0005950670056336094,0.00015186299788183533,0.0
20,28,OMP,optimized,0.0006277539978327695,6.015299732098356e-05,2.3516993678640574e-05,0.0002515940068406053,8.606299161328934e-05,0.00012861699724453501
20,29,OMP,baseline,0.0013915990020905156,8.002600952750072e-05,0.00011665400234051049,0.0005440780041681137,0.00017417300114175305,0.0
20,29,OMP,optimized,0.0006682589992124122,8.198301293305121e-05,2.4978005967568606e-05,0.00025425800049561076,9.683298412710428e-05,0.00013161800234229304
24,0,OMP,baseline,0.0018246860017825384,8.682699990458786e-05,0.00017141501302830875,0.0008186710001609754,0.00014000199371366762,0.0
24,0,OMP,optimized,0.0007543129977420904,7.003800055827014e-05,2.644500636961311e-05,0.00030915300885681063,0.00010613400809234008,0.000152774005982792
24,1,OMP,baseline,0.0018866350001189858,0.000101123998319963,0.00014459199883276597,0.0008757290088396985,0.0001529629953438416,0.0
24,1,OMP,optimized,0.0010168619992327876,9.27560031414032e-05,3.1682997359894216e-05,0.00048407500435132533,0.00012751899339491501,0.00017501000547781587
24,2,OMP,baseline,0.00179362100243452,8.999000419862568e-05,0.00014691300020786002,0.0008137680160871241,0.0001397809901391156,0.0
24,2,OMP,optimized,0.0007493449993489776,6.882498928462155e-05,2.7571997634368017e-05,0.00030469399644061923,0.0001049390048137866,0.00015068999709910713
24,3,OMP,baseline,0.0017011070012813434,9.829900955082849e-05,0.00013429801038000733,0.0007714780003880151,0.00013043901344644837,0.0
24,3,OMP,optimized,0.0007767039969621692,8.219900701078586e-05,2.649499219842255e-05,0.0003200910105078947,0.00010722900697146542,0.0001528490029159002
24,4,OMP,baseline,0.002174656001443509,9.104499986278825e-05,0.00014585501412511803,0.001113332011300372,0.00015676399925723672,0.0
24,4,OMP,optimized,0.0008492050001223106,7.953899330459535e-05,2.9890998121118173e-05,0.00034046799919451587,0.00011564101077965461,0.00018627099416335113
24,5,OMP,baseline,0.001774907999788411,9.833298827288672e-05,0.0001436689890397247,0.0007897419964137953,0.0001394239952787757,0.0
24,5,OMP,optimized,0.0007764089968986809,8.177199924830347e-05,2.574400423327461e-05,0.0003115829822490923,0.00010601598842185922,0.00015440600327565335
24,6,OMP,baseline,0.00171885899908375,8.584799797972664e-05,0.00013683900033356622,0.0007683129879296757,0.00013426099394564517,0.0
24,6,OMP,optimized,0.0008616529994469602,7.637300950591452e-05,3.030199877684936e-05,0.0003565779989003204,0.00011909801105502993,0.00018083900795318186
24,7,OMP,baseline,0.002034154000284616,0.00010882200149353594,0.00023961899933055975,0.000868366001668619,0.00016040400078054518,0.0
24,7,OMP,optimized,0.001012233999063028,9.175800732919015e-05,3.5617995308712125e-05,0.00044540499584400095,0.00015396300295833498,0.00018007300241151825
24,8,OMP,baseline,0.0017388160013069864,8.427099965047091e-05,0.00013789201329927891,0.0007829080095689278,0.00013747701086685993,0.0
24,8,OMP,optimized,0.0007924650017230306,7.301899313461035e-05,2.856799983419478e-05,0.00032518899752176367,0.0001083590104826726,0.00016902200150070712
24,9,OMP,baseline,0.0017712670014589094,0.00010175499483011663,0.00013549899449571967,0.0007881059900682885,0.0001498160054325126,0.0
24,9,OMP,optimized,0.0007395269967673812,8.123799489112571e-05,2.5954999728128314e-05,0.0002966430074593518,0.00010135401316802017,0.00014785199891775846
24,10,OMP,baseline,0.0018239269993500784,9.272900570067577e-05,0.00014417698912438937,0.0008141739963321015,0.00013533799938159063,0.0
24,10,OMP,optimized,0.000803969000116922,7.639800242031924e-05,2.9106995498295873e-05,0.00032295400160364807,0.00012150699330959469,0.00016398701700381935
24,11,OMP,baseline,0.0018365010000707116,9.95030059129931e-05,0.00013880300321034156,0.0008615630031272303,0.0001500489997852128,0.0
24,11,OMP,optimized,0.0013402730000962038,0.00012539401359390467,4.707600237452425e-05,0.0005959249974694103,0.000215563992242096,0.00023431900262949057
24,12,OMP,baseline,0.0017267760013055522,9.940900054061785e-05,0.0001383760063617956,0.0007667799945920706,0.00014086200462770648,0.0
24,12,OMP,optimized,0.0007357140020758379,7.081498915795237e-05,2.5643988919910043e-05,0.00030128200160106644,0.00010356800703448243,0.00014813899178989232
24,13,OMP,baseline,0.001832097001170041,0.00010673700307961553,0.00014575499881175347,0.0008085060035227798,0.00014852899403194897,0.0
24,13,OMP,optimized,0.0008381020015804097,8.555898602935486e-05,2.8445996576920152e-05,0.0003335329965921119,0.00011310999980196357,0.00017735699657350779
24,14,OMP,baseline,0.0017188799974974245,8.591200457885861e-05,0.00014109900075709447,0.0007784240042383317,0.00013143599426257424,0.0
24,14,OMP,optimized,0.0007446880008501466,6.996398224146105e-05,2.5109002308454365e-05,0.00030685599631397054,0.00010294199819327332,0.00015131400868995115
24,15,OMP,baseline,0.0017986940001719631,9.832100477069616e-05,0.0001393730053678155,0.0008296400046674535,0.00013715200475417078,0.0
24,15,OMP,optimized,0.0008114270021906123,9.00350023584906e-05,2.7286994736641645e-05,0.0003179179875587579,0.00010922101500909775,0.00015883999731158838
24,16,OMP,baseline,0.002019978997850558,0.00012799999603885226,0.0001719719984976109,0.0009516910031379666,0.00014948799071135,0.0
24,16,OMP,optimized,0.0007674570006201975,7.003000428085215e-05,2.662800397956744e-05,0.0003152819954266306,0.00010469899643794633,0.00016322200463037007
24,17,OMP,baseline,0.0017290840005443897,9.615201634005643e-05,0.0001487869994889479,0.0007743639944237657,0.000138001014420297,0.0
24,17,OMP,optimized,0.0008898039995983709,8.860199886839837e-05,3.297600051155314e-05,0.00035084301998722367,0.00012760199751937762,0.00019363799583516084
24,18,OMP,baseline,0.001707416999124689,8.338099360116757e-05,0.00013723500160267577,0.0007529889953730162,0.00014278600065154023,0.0
24,18,OMP,optimized,0.0008010540004761424,7.541700688307174e-05,2.9659004212589934e-05,0.0003306359903945122,0.00011187000563950278,0.00016026400771806948
24,19,OMP,baseline,0.0017466489989601541,9.450699872104451e-05,0.00013484000010066666,0.0007935539979371242,0.00013224700160208158,0.0
24,19,OMP,optimized,0.0007557150020147674,8.231199535657652e-05,3.106700023636222e-05,0.00030283200248959474,0.00010246900274069048,0.00015199299377854913
24,20,OMP,baseline,0.002037207999819657,0.00010079698768095113,0.00016067000979091972,0.0009378460053994786,0.00017598799968254752,0.0
24,20,OMP,optimized,0.0008151729998644441,7.842500417609699e-05,2.8629001462832093e-05,0.0003383770090295002,0.00011009100489900447,0.00016780399164417759
24,21,OMP,baseline,0.0017888490001496393,9.89580039458815e-05,0.0001397070118400734,0.0008070109870459419,0.00013858299280400388,0.0
24,21,OMP,optimized,0.0009166599993477575,9.391099229105748e-05,3.312699845992029e-05,0.00038066999695729464,0.00012772800255334005,0.00018490200454834849
24,22,OMP,baseline,0.0017956910014618188,9.134300489677116e-05,0.00015699697905802168,0.0007993209874257445,0.0001342550058325287,0.0
24,22,OMP,optimized,0.0008672580006532371,7.275999814737588e-05,8.105600863927975e-05,0.0003330520121380687,0.00011732399798347615,0.00016799299919512123
24,23,OMP,baseline,0.0020514860007097013,0.0001093380014935974,0.00016134198813233525,0.0009035630064317957,0.00015598200116073713,0.0
24,23,OMP,optimized,0.0008086410016403534,8.17520049167797e-05,2.8050006221747026e-05,0.00033270900530624203,0.00011023399201803841,0.0001650869962759316
24,24,OMP,baseline,0.002684342001884943,0.00013347299318411388,0.00019058699399465695,0.0011261729923717212,0.0002525650088500697,0.0
24,24,OMP,optimized,0.0008818560017971322,7.522199666709639e-05,2.984800812555477e-05,0.0003862749945255928,0.0001266330000362359,0.0001701159962976817
24,25,OMP,baseline,0.0016756760014686733,9.284200496040285e-05,0.00012970999887329526,0.0007625190046383068,0.0001279600073758047,0.0
24,25,OMP,optimized,0.0008804230019450188,9.165899609797634e-05,3.663300594780594e-05,0.0003514569907565601,0.00013122499876772054,0.0001713010060484521
24,26,OMP,baseline,0.0016972479970718268,8.681100007379428e-05,0.0001464400047552772,0.0007646930025657639,0.0001285210055357311,0.0
24,26,OMP,optimized,0.0007996280000952538,6.957699952181429e-05,2.557600600994192e-05,0.0003230399961466901,0.00010748299609986134,0.00015071200687089004
24,27,OMP,baseline,0.0016977049999695737,0.00010145100532099605,0.0001336210079898592,0.0007384910022665281,0.00014938599633751437,0.0
24,27,OMP,optimized,0.0007828689995221794,9.476699779042974e-05,2.75550082733389e-05,0.000310530998831382,0.00010498299889150076,0.0001563439982419368
24,28,OMP,baseline,0.0016492190006829333,8.59380088513717e-05,0.00013426599616650492,0.0007346719976339955,0.00012452200826373883,0.0
24,28,OMP,optimized,0.0009401529969181865,7.827800800441764e-05,4.283998714527115e-05,0.00039115899926400743,0.00012139400860178284,0.0001824189894250594
24,29,OMP,baseline,0.0020551429988699965,0.00012116500511183403,0.0001696739964245353,0.0008789629901002627,0.000173566000739811,0.0
24,29,OMP,optimized,0.0007565409978269599,8.222501492127776e-05,2.62689936789684e-05,0.0003083359988522716,0.000102268997579813,0.0001506910011812579
28,0,OMP,baseline,0.0045492870012822095,0.00010794300760608166,0.00017935599680640735,0.0031880110072961543,0.00018571698819869198,0.0
28,0,OMP,optimized,0.0011847899986605626,8.769500345806591e-05,3.276499410276301e-05,0.0004556740095722489,0.00015086799976415932,0.00031837899950915016
28,1,OMP,baseline,0.0032842949985933956,0.0001578960109327454,0.00020318599490565248,0.0013871170122001786,0.00021860800552531146,0.0
28,1,OMP,optimized,0.0010458520009706262,0.00010267801189911552,4.566599091049284e-05,0.000417065999499755,0.00015187799726845697,0.000218135002796771
28,2,OMP,baseline,0.002210120001109317,0.00010682399806682952,0.00015709100262029096,0.0010229889921902213,0.00015487000200664625,0.0
28,2,OMP,optimized,0.0010200069991697092,8.956500823842362e-05,3.466801354079507e-05,0.0004281820001779124,0.00014481899779639207,0.00020767500973306596
28,3,OMP,baseline,0.0023864239992690273,0.00012039299326715991,0.00016446600056951866,0.0011125879900646396,0.00017151699648820795,0.0
28,3,OMP,optimized,0.0009480900007474702,9.80039985734038e-05,3.2324009225703776e-05,0.00039416800427716225,0.00013323700477485545,0.0001898400078061968
28,4,OMP,baseline,0.002235710999229923,9.817599493544549e-05,0.00015819699547137134,0.0010506630096642766,0.0001415719889337197,0.0
28,4,OMP,optimized,0.0009545920001983177,8.202200478990562e-05,3.240299702156335e-05,0.00040393000017502345,0.00013680998745257966,0.00019014099234482273
28,5,OMP,baseline,0.002476956997270463,0.00011677001020871103,0.0002341519939363934,0.001120260996685829,0.00018627498866408132,0.0
28,5,OMP,optimized,0.0009579860015946906,0.00010474399459781125,3.222499799448997e-05,0.0003967660013586283,0.00013154599946574308,0.00018707799245021306
28,6,OMP,baseline,0.0028497639978013467,0.00013742399096372537,0.00019824501214316115,0.0012686710033449344,0.00017088800450437702,0.0
28,6,OMP,optimized,0.0013134440014255233,0.00010072100485558622,4.2081010178662837e-05,0.0006336550213745795,0.00018210700363852084,0.00022328699924401008
28,7,OMP,baseline,0.0023386800021398813,0.00012464001702028327,0.0001776670032995753,0.0010566590062808245,0.00016526600302313454,0.0
28,7,OMP,optimized,0.0009494629994151182,9.481000597588718e-05,3.7551999412244186e-05,0.00038355700235115364,0.00013306597975315526,0.00018256299881613813
28,8,OMP,baseline,0.002219810998212779,0.00010273300358676352,0.00016067098113126121,0.001048992016876582,0.0001427020069968421,0.0
28,8,OMP,optimized,0.00103637299980619,9.069699808605947e-05,4.0548995457356796e-05,0.00044913500460097566,0.00014117599494056776,0.00020225500702508725
28,9,OMP,baseline,0.002574606998678064,0.00013487899559549987,0.00018715800251811743,0.0011754630140785594,0.00017729601677274331,0.0
28,9,OMP,optimized,0.0010216590017080307,9.738700464367867e-05,3.221199949621223e-05,0.0003955570027756039,0.00013295999815454707,0.0001968329888768494
28,10,OMP,baseline,0.0025066330017580185,0.00011529300536494702,0.00016965301256277598,0.0012175639931228943,0.00019531599900801666,0.0
28,10,OMP,optimized,0.0009394150001753587,8.496400550939143e-05,3.6361994716571644e-05,0.0003872150045935996,0.00013982200471218675,0.00018644700321601704
28,11,OMP,baseline,0.0022117320004326757,0.00010958600250887685,0.00015607100795023143,0.001034817993058823,0.00015384700600407086,0.0
28,11,OMP,optimized,0.0009489459989708848,9.594400762580335e-05,3.148899850202724e-05,0.0003808639958151616,0.00014216199997463264,0.00019266900926595554
28,12,OMP,baseline,0.0022586169980058912,9.878098717308603e-05,0.0001662379945628345,0.0010617599982651882,0.00014421402011066675,0.0
28,12,OMP,optimized,0.000981847999355523,8.460400204057805e-05,3.14290082314983e-05,0.0003923270014638547,0.00013252098869998008,0.00022970601639826782
28,13,OMP,baseline,0.0023253260005731136,0.00011590600479394197,0.00015802999041625299,0.0010916529936366715,0.00016340099682565778,0.0
28,13,OMP,optimized,0.0010221910015388858,0.00011279099635430612,3.371800630702637e-05,0.00042568498247419484,0.00013903500803280622,0.0001998610023292713
28,14,OMP,baseline,0.0023008880016277544,0.00010386298890807666,0.000164059987582732,0.0010913029909715988,0.00016433299242635258,0.0
28,14,OMP,optimized,0.0009407369980181102,8.074400102486834e-05,3.164001464028843e-05,0.0004064020140503999,0.00012999599493923597,0.00018887200712924823
28,15,OMP,baseline,0.0023577680003654677,0.00011655399794108234,0.00018188498506788164,0.001093209004466189,0.00017601600484340452,0.0
28,15,OMP,optimized,0.0009741190006025136,0.00010161399404751137,3.236801057937555e-05,0.00041002699435921386,0.0001337710018560756,0.00019340500875841826
28,16,OMP,baseline,0.0022698100001434796,9.98519899439998e-05,0.00017861099331639707,0.0010705119857448153,0.0001463779954065103,0.0
28,16,OMP,optimized,0.0009610790002625436,8.420001540798694e-05,3.262499740230851e-05,0.0004123620019527152,0.00013342699821805581,0.00018960200031870045
28,17,OMP,baseline,0.002419717999146087,0.00012062298992532305,0.00018141900000046007,0.0011342429970682133,0.00017120901247835718,0.0
28,17,OMP,optimized,0.0009504379995632917,9.630899512558244e-05,3.2458014175063e-05,0.00038875899190315977,0.00014123200890026055,0.00018862300930777565
28,18,OMP,baseline,0.0022009929998603184,9.825899178395048e-05,0.00015594600336044095,0.001025837005727226,0.00015411799904541112,0.0
28,18,OMP,optimized,0.0010136160017282236,8.831999002723023e-05,4.045700188726187e-05,0.00042862200280069374,0.0001406920055160299,0.00019808901924989186
28,19,OMP,baseline,0.0022913899993000086,0.00013263200162327848,0.0001622950003365986,0.0010598059998301324,0.00016576100097154267,0.0
28,19,OMP,optimized,0.0009827240028243978,9.827800386119634e-05,3.248200300731696e-05,0.0004029829979117494,0.00013365200720727444,0.00021166000442462973
28,20,OMP,baseline,0.0023479759984184057,0.0001076969929272309,0.00016799299555714242,0.0010846989935089368,0.00015933399117784575,0.0
28,20,OMP,optimized,0.000929034998989664,8.214699118980207e-05,3.224900865461677e-05,0.0003804910011240281,0.00014028400983079337,0.0001852750065154396
28,21,OMP,baseline,0.0023192609987745527,0.00011427301069488749,0.0001683310001681093,0.0010940270040009636,0.00016041100025177002,0.0
28,21,OMP,optimized,0.0010950830001092982,9.982498158933595e-05,3.357899186084978e-05,0.0004101029953744728,0.00013798100189887919,0.0002574820064182859
28,22,OMP,baseline,0.002385176998359384,0.00010629200551193208,0.00016870699255377986,0.001118002001021523,0.00016249899272224866,0.0
28,22,OMP,optimized,0.0009116300025198143,8.257398440036923e-05,3.121600821032189e-05,0.0003828190056083258,0.0001285279868170619,0.00018374499632045627
28,23,OMP,baseline,0.002305146997969132,0.00011024899140466005,0.000175171979208244,0.0010734719871834386,0.00016295300156343728,0.0
28,23,OMP,optimized,0.0010587859978841152,0.0001083550087059848,3.460999141680077e-05,0.00043006299893022515,0.00014592801016988233,0.00021054898752481677
28,24,OMP,baseline,0.00223875400115503,0.00010336900595575571,0.0001637350105738733,0.0010657469974830747,0.0001448219954909291,0.0
28,24,OMP,optimized,0.0009556559998600278,8.322899520862848e-05,3.9942999137565494e-05,0.00039873700006864965,0.00013038299584877677,0.00018991299293702468
28,25,OMP,baseline,0.0022594139991269913,0.00011458400695119053,0.00017633699826546945,0.0010318420063413214,0.00016074500672402792,0.0
28,25,OMP,optimized,0.0013032860006205738,0.00012075799895683303,4.1551003960194066e-05,0.0005706229931092821,0.00019987700579804368,0.00024155598293873481
28,26,OMP,baseline,0.0025044550020538736,0.00010844499411177821,0.00017372299043927342,0.0011500020009407308,0.0001613140011613723,0.0
28,26,OMP,optimized,0.0010220090007351246,8.958500256994739e-05,3.502500112517737e-05,0.0004254340019542724,0.00014015600390848704,0.0002210300153819844
28,27,OMP,baseline,0.0024993139995785896,0.00012592000712174922,0.00019712000721483491,0.0011355919923516922,0.00017535199367557652,0.0
28,27,OMP,optimized,0.0009567289998813067,9.632799265091307e-05,4.794900814886205e-05,0.0003915770175808575,0.00012829799379687756,0.00019026099107577465
28,28,OMP,baseline,0.0022361909977917094,9.967799633159302e-05,0.0001586230100656394,0.0010409230017103255,0.0001511490008851979,0.0
28,28,OMP,optimized,0.0009559319987602066,8.372600859729573e-05,3.165799716953188e-05,0.0004080660037288908,0.00013105201287544332,0.00019277601677458733
28,29,OMP,baseline,0.00286274400059483,0.00014496500079985708,0.0002974179988086689,0.0012768449887516908,0.00020285498976591043,0.0
28,29,OMP,optimized,0.0009617959985916968,0.00010442400525789708,3.222799932700582e-05,0.0003921710012946278,0.0001262420046259649,0.0001989700031117536
32,0,OMP,baseline,0.0031371789991681,0.00015286299458239228,0.00020662200404331088,0.0014882039904478006,0.00020249599765520543,0.0
32,0,OMP,optimized,0.0011199299988220446,0.00011049400563933887,3.7750993215013295e-05,0.00048044000868685544,0.00015386300219688565,0.00021960699086776003
32,1,OMP,baseline,0.0029955690006318036,0.00012016098844469525,0.00020735299403895624,0.0014729520044056699,0.00017025699344230816,0.0
32,1,OMP,optimized,0.001194994998513721,9.994498759624548e-05,3.90009990951512e-05,0.0005114929954288527,0.00016312201114487834,0.0002487659985490609
32,2,OMP,baseline,0.0029901279995101504,0.0001336879940936342,0.00018141599866794422,0.0014603939962398726,0.00018997098959516734,0.0
32,2,OMP,optimized,0.0011268020025454462,0.00011345599341439083,3.553599162842147e-05,0.0004736720002256334,0.0001535540068289265,0.00022369399812305346
32,3,OMP,baseline,0.002869763997296104,0.00011278899546596222,0.00018461200670571998,0.0014061890069569927,0.00016104001042549498,0.0
32,3,OMP,optimized,0.0012064429974998347,9.896099072648212e-05,8.264501593657769e-05,0.0005028749947086908,0.0001630629994906485,0.00023427999985869974
32,4,OMP,baseline,0.0031439369995496236,0.00013865599248674698,0.0002032770098594483,0.0015052709968585987,0.000233031008974649,0.0
32,4,OMP,optimized,0.0012333029990259092,0.0001178780003101565,4.6398996346397325e-05,0.000530850014911266,0.00016841198521433398,0.00024555399068049155
32,5,OMP,baseline,0.00296906699804822,0.00011692499538185075,0.00018632800129125826,0.0014710239884152543,0.00017051100439857692,0.0
32,5,OMP,optimized,0.0011100539995823056,9.597202006261796e-05,3.934200503863394e-05,0.00047811900367378257,0.0001534000111860223,0.0002244179959234316
32,6,OMP,baseline,0.002984495000418974,0.0001348670011793729,0.00019064998923568055,0.0014467289802269079,0.00019924499792978168,0.0
32,6,OMP,optimized,0.0011973239998042118,0.00012268301361473277,4.0568997064838186e-05,0.0005097229950479232,0.00016664000213495456,0.00023261701062438078
32,7,OMP,baseline,0.0031255580033757724,0.0001159610110335052,0.00020882500757579692,0.0015726479978184216,0.00018196198288933374,0.0
32,7,OMP,optimized,0.0017703459998301696,0.00014631600424763747,5.451400647871196e-05,0.0006363599968608469,0.00024891699285944924,0.00029366599483182654
32,8,OMP,baseline,0.003456350001215469,0.00020152199431322515,0.00024802799816825427,0.0015837009996175766,0.00022088300465838984,0.0
32,8,OMP,optimized,0.0013131750019965693,0.0001226920030603651,4.113300019525923e-05,0.0005907139930059202,0.00018559600357548334,0.0002466240111971274
32,9,OMP,baseline,0.0030287770023278426,0.00012360200707917102,0.00019344100655871443,0.0014892319959471934,0.0001808760171115864,0.0
32,9,OMP,optimized,0.0011309539986541495,9.67070045589935e-05,4.190200343145989e-05,0.00048773498201626353,0.00015674799578846432,0.00022907501625013538
32,10,OMP,baseline,0.003092669001489412,0.00014159300553728826,0.00020086998847546056,0.0014865070152154658,0.00020462000247789547,0.0
32,10,OMP,optimized,0.0011934139984077774,0.00011001299935742281,3.69809968105983e-05,0.000536833016667515,0.00016278699331451207,0.000225471994781401
32,11,OMP,baseline,0.0034676210016186815,0.00012175699521321803,0.0002015830104937777,0.0016102739900816232,0.00024073199529084377,0.0
32,11,OMP,optimized,0.0012853830012318213,0.000102601003163727,5.809799404232763e-05,0.0005684610041498672,0.00017983600628213026,0.0002447400111122988
32,12,OMP,baseline,0.0028591169975697994,0.0001299880132137332,0.00019388800137676299,0.0013806449969706591,0.00018376500156591646,0.0
32,12,OMP,optimized,0.001738838000164833,0.00014805899627390318,5.766499452874996e-05,0.0006362619897117838,0.00020383700393722393,0.0005550440073420759
32,13,OMP,baseline,0.003171521999320248,0.000123159999930067,0.00020333100837888196,0.001542734000395285,0.00018893301239586435,0.0
32,13,OMP,optimized,0.0010514219975448214,8.99159895197954e-05,3.443399691605009e-05,0.0004535970110737253,0.00014536399976350367,0.00021321800159057602
32,14,OMP,baseline,0.0033459539990872145,0.00014155500321066938,0.00023081100152921863,0.0016484139850945212,0.00021251800353638828,0.0
32,14,OMP,optimized,0.0012498710020736326,0.00012016100663458928,6.488999497378245e-05,0.0005193090037209913,0.00016670899640303105,0.0002495800072210841
32,15,OMP,baseline,0.003086718999838922,0.0001311879968852736,0.00019672200869536027,0.0015358230011770502,0.00018258802447235212,0.0
32,15,OMP,optimized,0.0021526829987124074,0.00016180300008272752,7.148499571485445e-05,0.0009572560047672596,0.00029482203171937726,0.0004958140052622184
32,16,OMP,baseline,0.0030934460010030307,0.0001405320035701152,0.00020738500461447984,0.0014880609851388726,0.00022923001233721152,0.0
32,16,OMP,optimized,0.001257020001503406,0.0001259769924217835,5.118901754030958e-05,0.000519250999786891,0.00017667797874310054,0.0002466709884174634
32,17,OMP,baseline,0.0031713569987914525,0.00013848299568053335,0.00019774597603827715,0.001532057001895737,0.0001937970009748824,0.0
32,17,OMP,optimized,0.0012686980007856619,0.0001034600063576363,9.960301758837886e-05,0.0005039179959567264,0.00017282198678003624,0.0002466060068400111
32,18,OMP,baseline,0.0034667589970922563,0.0001520420119049959,0.00020901999960187823,0.0016413479970651679,0.00029778900716337375,0.0
32,18,OMP,optimized,0.0012136110017308965,0.00011517400707816705,4.889499905402772e-05,0.0005215979981585406,0.00016380799934267998,0.0002412369940429926
32,19,OMP,baseline,0.003003563000675058,0.00012339399108896032,0.00019604500630521215,0.0014353630067489576,0.0002017560000240337,0.0
32,19,OMP,optimized,0.0014354129998537246,0.00011765401359298266,4.611799886333756e-05,0.0006231829902390018,0.0001991909957723692,0.000311533993226476
32,20,OMP,baseline,0.0029688549984712154,0.00013338699136511423,0.00019109999266220257,0.001402613994287094,0.00018239500059280545,0.0
32,20,OMP,optimized,0.0013909570006944705,0.00011139398702653125,4.108298890059814e-05,0.000613981992501067,0.0001825740073400084,0.00027545100238057785
32,21,OMP,baseline,0.003895957001077477,0.00015260499640135095,0.000334009004291147,0.0017997249779000413,0.00026278701261617243,0.0
32,21,OMP,optimized,0.001271709999855375,0.00010350398224545643,4.273200829629786e-05,0.0005569100139837246,0.0001877610047813505,0.0002461480034980923
32,22,OMP,baseline,0.00299921699843253,0.0001353070001641754,0.00018889401326305233,0.001454648001526948,0.00020092801059945486,0.0
32,22,OMP,optimized,0.0013514909987861756,0.000116453997179633,3.9036996895447373e-05,0.0005350109822757076,0.0001699009990261402,0.00035628501063911244
32,23,OMP,baseline,0.003116613002930535,0.0001416790073562879,0.00020280899116187356,0.0014634300023317337,0.00018348799130762927,0.0
32,23,OMP,optimized,0.0010517479968257248,9.643500379752368e-05,3.3124000765383244e-05,0.00045170599696575664,0.0001438979852537159,0.00021152601402718574
32,24,OMP,baseline,0.0030190590005076956,0.00015068600259837694,0.00019344499742146581,0.001456185997085413,0.00020596901231328957,0.0
32,24,OMP,optimized,0.0010996249984600581,0.00011311399066471495,3.487598223728128e-05,0.00046534198918379843,0.00014882799587212503,0.00022172400349518284
32,25,OMP,baseline,0.003110367000772385,0.00012856499597546645,0.00020275100177968852,0.0015004640044935513,0.00019481899289530702,0.0
32,25,OMP,optimized,0.0010690240014810115,9.532200783723965e-05,3.576199014787562e-05,0.0004607459923136048,0.0001478449885325972,0.00021334199846023694
32,26,OMP,baseline,0.0033658920001471415,0.00018879097842727788,0.00023926599897095002,0.001605438010301441,0.0002190649975091219,0.0
32,26,OMP,optimized,0.001122769001085544,0.00010896999083342962,3.616298999986611e-05,0.0004886079987045377,0.00015254799291142263,0.00021806700897286646
32,27,OMP,baseline,0.003317458998935763,0.00012921400048071519,0.00020709100135718472,0.0016122790038934909,0.00020160098574706353,0.0
32,27,OMP,optimized,0.0011519990002852865,9.942699762177654e-05,3.813200237345882e-05,0.0004897400031040888,0.0001576629983901512,0.00023146700914367102
32,28,OMP,baseline,0.003410485998756485,0.00017099801698350348,0.0002611050113046076,0.0015698280003562104,0.00021891199139645323,0.0
32,28,OMP,optimized,0.0011250469979131594,0.00011086800441262312,3.625699537224136e-05,0.00048241799595416524,0.0001553690090076998,0.00021876699611311778
32,29,OMP,baseline,0.003185525998560479,0.00012088201037840918,0.00019969200729974546,0.0015177660025074147,0.00018215898671769537,0.0
32,29,OMP,optimized,0.0012460300022212323,0.00010741199366748333,4.925200482830405e-05,0.0005385850017773919,0.00017136500173364766,0.00024347001453861594
36,0,OMP,baseline,0.004172195000137435,0.00015677300325478427,0.0002489179969416,0.0020325779987615533,0.00024972199389594607,0.0
36,0,OMP,optimized,0.0014264109995565377,0.0001172949923784472,4.2356987250968814e-05,0.0006412359944079071,0.00020756301091751084,0.0002749009981926065
36,1,OMP,baseline,0.0039356260022032075,0.00015011900904937647,0.00021905399989918806,0.002012306995311519,0.00023715600036666729,0.0
36,1,OMP,optimized,0.0013245009977254085,0.00013249101539258845,4.255900057614781e-05,0.000566254006116651,0.00017876700076158158,0.00026899600197793916
36,2,OMP,baseline,0.004009416999906534,0.00014883498079143465,0.00022178499420988373,0.0020035419875057414,0.00023452599270967767,0.0
36,2,OMP,optimized,0.0013867589987057727,0.0001153880002675578,8.439399607595988e-05,0.0005970270030957181,0.0001851779998105485,0.00026757101295515895
36,3,OMP,baseline,0.0041122469992842525,0.0001769599948602263,0.0002479169925209135,0.0020126379968132824,0.00024613501227577217,0.0
36,3,OMP,optimized,0.0014439739970839582,0.000132385001052171,5.0331003876635805e-05,0.0006350040130200796,0.0001976810126507189,0.0002742799806583207
36,4,OMP,baseline,0.004166835999058094,0.00015252800221787766,0.00024540100639569573,0.002046386001893552,0.0002349199821765069,0.0
36,4,OMP,optimized,0.0013412439984676894,0.00010599200322758406,4.140899909543805e-05,0.0005838890101586003,0.00018444400484440848,0.0002900439976656344
36,5,OMP,baseline,0.00422514399906504,0.00017262500841752626,0.00025119499332504347,0.002136743987648515,0.0002431619977869559,0.0
36,5,OMP,optimized,0.0015096400020411238,0.00013134001346770674,4.939599602948874e-05,0.0006380150152835995,0.00019381000674911775,0.0003549430002749432
36,6,OMP,baseline,0.003834062001260463,0.00013316499826032668,0.0002206819954153616,0.001972690995899029,0.00021257899061311036,0.0
36,6,OMP,optimized,0.0013786959971184842,0.00011666800128296018,4.4452994188759476e-05,0.0005951829989498947,0.0002131129876943305,0.0002679260178410914
36,7,OMP,baseline,0.003935329001251375,0.00015984000128810294,0.00021805499636684544,0.001965911011211574,0.00023903099645394832,0.0
36,7,OMP,optimized,0.0013146140008757357,0.00012305798736633733,4.496300243772566e-05,0.0005626470119750593,0.00019100599456578493,0.00025387298592249863
36,8,OMP,baseline,0.004468766001082258,0.0004131379937462043,0.0002740950003499165,0.002101411002513487,0.000256030005402863,0.0
36,8,OMP,optimized,0.0013578309990407433,0.00011274698772467673,4.8570997023489326e-05,0.0006154399925435428,0.00018347499644733034,0.00025796501358854584
36,9,OMP,baseline,0.004135751001740573,0.00017156999456346966,0.0002614590084704105,0.0020227210006851237,0.0002289869953528978,0.0
36,9,OMP,optimized,0.0012897960004920606,0.00012338599844952114,4.024199733976275e-05,0.0005717240128433332,0.00017314200886175968,0.00024804798886179924
36,10,OMP,baseline,0.003828888002317399,0.00015729701408417895,0.00021632300195051357,0.0019496179884299636,0.0002120770041074138,0.0
36,10,OMP,optimized,0.0012689280010818038,0.00010478900003363378,3.860001379507594e-05,0.0005677460067090578,0.00017404701793566346,0.00024797499645501375
36,11,OMP,baseline,0.0038661580001644325,0.0001649939949857071,0.0002167699894926045,0.00196637798944721,0.00022719700427842326,0.0
36,11,OMP,optimized,0.001546243998745922,0.0001348650075669866,9.683800089987926e-05,0.0006406279971997719,0.00021134099733899347,0.0003014179783349391
36,12,OMP,baseline,0.003947134002373787,0.0001494510070187971,0.00022637000074610114,0.001980445991648594,0.00021554201157414354,0.0
36,12,OMP,optimized,0.0014133350014162716,0.00011513601202750579,4.459899355424568e-05,0.0006110660142439883,0.00021199200637056492,0.00028577601915458217
36,13,OMP,baseline,0.004649538001103792,0.00017629699505050667,0.0003084070049226284,0.002304702989931684,0.0002974259950860869,0.0
36,13,OMP,optimized,0.0012975189965800382,0.0001223560029757209,3.9786009438103065e-05,0.0005820159858558327,0.00017338900215690956,0.0002464119934302289
36,14,OMP,baseline,0.003972839000198292,0.00017182598821818829,0.00024414700965280645,0.0019463499993435107,0.000212496001040563,0.0
36,14,OMP,optimized,0.0013537900013034232,0.00010760601435322315,4.968600478605367e-05,0.0006007179945299868,0.00018582600023364648,0.00027001299531548284
36,15,OMP,baseline,0.00371167200137279,0.0001508249988546595,0.00021208798352745362,0.0018457750011293683,0.00022045101650292054,0.0
36,15,OMP,optimized,0.0012869359998148866,0.00011829099821625277,3.826699685305357e-05,0.0005503069987753406,0.00017203300740220584,0.0002749559862422757
36,16,OMP,baseline,0.004130594999878667,0.00015291200543288141,0.00023789299666532315,0.0020524219871731475,0.0002415530070720706,0.0
36,16,OMP,optimized,0.0012745179992634803,0.00010418499005027115,3.911798557965085e-05,0.0005604049983958248,0.00017497900626040064,0.00026396700559416786
36,17,OMP,baseline,0.003782331998081645,0.0001562429933983367,0.0002095179988828022,0.0018777669938572217,0.00021774801280116662,0.0
36,17,OMP,optimized,0.0013100239993946161,0.00013223799396655522,4.213900683680549e-05,0.0005754890007665381,0.00017479000962339342,0.00024676099565112963
36,18,OMP,baseline,0.003919991999282502,0.00014200799705577083,0.00022502398860524409,0.0020092749982723035,0.00022122700465843081,0.0
36,18,OMP,optimized,0.0013730600003327709,0.00011241100219194777,4.304600952309556e-05,0.0005941189992881846,0.0001923039963003248,0.00029516699942178093
36,19,OMP,baseline,0.005066865996923298,0.0001966620002349373,0.0002590340081951581,0.0025993549897975754,0.00034474000858608633,0.0
36,19,OMP,optimized,0.001535029001388466,0.00013653800488100387,4.634301149053499e-05,0.0007068800077831838,0.0002078990037261974,0.00027370699535822496
36,20,OMP,baseline,0.004897560000244994,0.00018390401237411425,0.00026937300572171807,0.0024485320136591326,0.00033448299291194417,0.0
36,20,OMP,optimized,0.001275972001167247,0.00010434699288452975,4.8671983677195385e-05,0.0005717219828511588,0.00017188200581585988,0.0002473950225976296
36,21,OMP,baseline,0.0038794950014562346,0.00016797797798062675,0.00022547299886355177,0.001915768974868115,0.000265769016550621,0.0
36,21,OMP,optimized,0.0012966060021426529,0.00012223901649122126,4.042400178150274e-05,0.0005585049948422238,0.00017408599887858145,0.0002656929900695104
36,22,OMP,baseline,0.004219135997118428,0.00013532000957638957,0.00022434400307247415,0.0022539949968631845,0.0002731680106080603,0.0
36,22,OMP,optimized,0.0013300700011313893,0.0001080350048141554,3.960700996685773e-05,0.0005906330006837379,0.00019303899534861557,0.00025540801652823575
36,23,OMP,baseline,0.004991051999240881,0.00022366300254361704,0.00034551499629742466,0.002455767989886226,0.00031457398654310964,0.0
36,23,OMP,optimized,0.001311026997427689,0.00012262299787835218,5.107501056045294e-05,0.0005801609950140119,0.00017272099648835137,0.00025105200256803073
36,24,OMP,baseline,0.003769974002352683,0.00012864599921158515,0.00022515399905387312,0.0019454859902907629,0.00019768400306929834,0.0
36,24,OMP,optimized,0.0012506829989433754,0.00010318800559616648,3.9340000512311235e-05,0.0005588710009760689,0.00017514600767754018,0.0002423310033918824
36,25,OMP,baseline,0.0036493110019364394,0.000142404005600838,0.0002014050041907467,0.0018537320065661334,0.00020398600099724717,0.0
36,25,OMP,optimized,0.0013064769991615321,0.00012068900832673535,4.1208997572539374e-05,0.0005628340113617014,0.00019658598830574192,0.00025158700736938044
36,26,OMP,baseline,0.004092051000043284,0.00016334299652953632,0.00025374500182806514,0.0019873959936376195,0.0002213480147474911,0.0
36,26,OMP,optimized,0.001387996002449654,0.00010946502516162582,4.798499867320061e-05,0.0005820310034323484,0.00017904301057569683,0.000257563020568341
36,27,OMP,baseline,0.003927371999452589,0.00016262400095001794,0.0002915880068030674,0.001944097995874472,0.00023373899603029713,0.0
36,27,OMP,optimized,0.0023300080029002856,0.0001987390023714397,0.00014534100773744285,0.0009786789851204958,0.00030447500830632634,0.0004688220033131074
36,28,OMP,baseline,0.0036963269994885195,0.0001607559825060889,0.00020631800725823268,0.0018454699966241606,0.00021865699454792775,0.0
36,28,OMP,optimized,0.0012160289988969453,0.00010275000022375025,3.751298936549574e-05,0.0005395729931478854,0.00016832099936436862,0.00023829800193198025
36,29,OMP,baseline,0.0038729900006728712,0.0001562160105095245,0.0002146940096281469,0.0019600570121838246,0.0002376829979766626,0.0
36,29,OMP,optimized,0.0012358890016912483,0.00012258400602149777,3.627899059210904e-05,0.000539158998435596,0.00016447600864921696,0.0002385159896221012
40,0,OMP,baseline,0.004864971000642981,0.00016722900909371674,0.0002663469967956189,0.002493035004590638,0.0002858869956980925,0.0
40,0,OMP,optimized,0.0015070549998199567,0.00011822199303423986,4.409799657878466e-05,0.000697005983965937,0.00020684700211859308,0.0002821239941113163
40,1,OMP,baseline,0.004877527000644477,0.00018805400031851605,0.0002816220003296621,0.0025179210024361964,0.00026344200523453765,0.0
40,1,OMP,optimized,0.001570036998600699,0.00014325898882816546,4.518599598668516e-05,0.0006924199915374629,0.00020711399338324554,0.00031685500289313495
40,2,OMP,baseline,0.004641807998268632,0.00016213300841627643,0.00023933600095915608,0.002417521995084826,0.00022191401149029844,0.0
40,2,OMP,optimized,0.0016112750017782673,0.00013254099758341908,5.3950010624248534e-05,0.0007233309988805559,0.00022613299370277673,0.00031537501490674913
40,3,OMP,baseline,0.005043261997343507,0.000203704992600251,0.00026293999326298945,0.0025829769983829465,0.0003210609866073355,0.0
40,3,OMP,optimized,0.0015323830011766404,0.00013966897313366644,4.484999590204097e-05,0.000696432005497627,0.00020707699513877742,0.00029141499544493854
40,4,OMP,baseline,0.004656291002902435,0.0001514149953436572,0.00023714797498541884,0.0023943789819895755,0.0002257610067317728,0.0
40,4,OMP,optimized,0.001538618998893071,0.00012323600458330475,4.804199488717131e-05,0.000693917983880965,0.0002280389962834306,0.0002936020064225886
40,5,OMP,baseline,0.004797572000825312,0.00017409099382348359,0.00024859598124749027,0.0025220399984391406,0.00025462698977207765,0.0
40,5,OMP,optimized,0.00157766199845355,0.00014747001114301383,5.428200529422611e-05,0.0007169270065787714,0.00020979399778298102,0.0002952439936052542
40,6,OMP,baseline,0.005092893999972148,0.000176208013726864,0.00028740299603668973,0.0026154240003961604,0.00026970699764206074,0.0
40,6,OMP,optimized,0.0015552749973721802,0.00011744000585167669,5.266001244308427e-05,0.000694231999659678,0.0002047929920081515,0.0002888729941332713
40,7,OMP,baseline,0.004678426001191838,0.00016910901103983633,0.0002500469781807624,0.0024168370036932174,0.00024725998082431033,0.0
40,7,OMP,optimized,0.0018228190019726753,0.00017227698117494583,6.374401345965452e-05,0.0007982029928825796,0.0002478599963069428,0.00033220499608432874
40,8,OMP,baseline,0.0048364869981014635,0.00016579698785790242,0.0002470659965183586,0.00253430199882132,0.00023297400184674188,0.0
40,8,OMP,optimized,0.0015334699965023901,0.000125232993013924,4.4840999180451035e-05,0.0006942439977137838,0.0002068420326395426,0.00029566000011982396
40,9,OMP,baseline,0.005051311996794539,0.00020158698680461384,0.0002512800019758288,0.0025985980028053746,0.00026400599381304346,0.0
40,9,OMP,optimized,0.0015955240014591254,0.00013694001972908154,4.643501233658753e-05,0.000717996994353598,0.00020810898786294274,0.00031931099874782376
40,10,OMP,baseline,0.005716425002901815,0.00018670699500944465,0.0002951760070573073,0.0027536960078577977,0.0002571629884187132,0.0
40,10,OMP,optimized,0.0015611580020049587,0.0001225259948114399,5.2011000661877915e-05,0.0006988899986026809,0.00021922199812252074,0.0003017950148205273
40,11,OMP,baseline,0.00471512299918686,0.00018790600370266475,0.00023597600738867186,0.002448179009661544,0.0002546119867474772,0.0
40,11,OMP,optimized,0.002026898000622168,0.00017074098650482483,5.738398613175377e-05,0.0008088179893093184,0.00027833499189000577,0.00036696299866889603
40,12,OMP,baseline,0.00479193600040162,0.0001712329794827383,0.0002607420101412572,0.0024797719925118145,0.0002278820138599258,0.0
40,12,OMP,optimized,0.0018509170004108455,0.00012915400657220744,6.176999522722326e-05,0.0007679320078750607,0.00040361200808547437,0.0003152479876007419
40,13,OMP,baseline,0.006615481001063017,0.00024686699180165306,0.00035662800291902386,0.0031976889877114445,0.00038889799179742113,0.0
40,13,OMP,optimized,0.001779099002305884,0.00015146298756008036,6.409398338291794e-05,0.0008300350127683487,0.000238461001572432,0.00032394299705629237
40,14,OMP,baseline,0.005585054001130629,0.00017311899500782602,0.0003017330091097392,0.002668165987415705,0.0003131079938611947,0.0
40,14,OMP,optimized,0.0017627369998081122,0.00012784500358975492,5.269000030239113e-05,0.0008768629886617418,0.0002275360093335621,0.00031505000515608117
40,15,OMP,baseline,0.0051000409985135775,0.0002421429853711743,0.0002658179982972797,0.0026201010005024727,0.00027820498871733434,0.0
40,15,OMP,optimized,0.0016623570008960087,0.00015217800319078378,5.179798972676508e-05,0.0007480460044462234,0.00022897300732438453,0.0003212120100215543
40,16,OMP,baseline,0.005171703000087291,0.00016851000327733345,0.0002532529833843,0.0025535230088280514,0.00024293000387842767,0.0
40,16,OMP,optimized,0.001613617998373229,0.00012246000187587924,5.2777002565562725e-05,0.0006818339970777743,0.00020365198361105286,0.00028530600684462115
40,17,OMP,baseline,0.005677543998899637,0.00020898101502098143,0.0003048449943889864,0.0028325830171525013,0.0003733180019480642,0.0
40,17,OMP,optimized,0.0015706240010331385,0.00015242797235259786,4.7356999857584015e-05,0.0007039160118438303,0.00020612499065464363,0.0002957379947474692
40,18,OMP,baseline,0.00493549500242807,0.0001816959811549168,0.00025345102039864287,0.002572062996478053,0.0002553910089773126,0.0
40,18,OMP,optimized,0.001457242000469705,0.00011263097985647619,4.301600711187348e-05,0.0006584910042874981,0.00020956299704266712,0.0002817189997585956
40,19,OMP,baseline,0.005039523999585072,0.0001792539878806565,0.00024857400785549544,0.002627352991112275,0.0002840630004357081,0.0
40,19,OMP,optimized,0.0016078260014182888,0.00014322798597277142,9.685199984232895e-05,0.0006943600164959207,0.0002162059972761199,0.00030477500331471674
40,20,OMP,baseline,0.004818571000214433,0.00019072698705713265,0.00026536299992585555,0.0025034220016095787,0.0002488699865352828,0.0
40,20,OMP,optimized,0.0015187249991868157,0.00012063099711667746,5.4406988056143746e-05,0.0006991319933149498,0.00020232799579389393,0.00028711701452266425
40,21,OMP,baseline,0.004678216002503177,0.00016832901383168064,0.00023814600353944115,0.0024212449934566393,0.00023836500986362807,0.0
40,21,OMP,optimized,0.0015407140017487109,0.00015002599684521556,4.451899803825654e-05,0.0006903669927851297,0.0002128579762938898,0.00029120800900273025
40,22,OMP,baseline,0.0048369430005550385,0.00016866800797288306,0.00026066499412991107,0.0024685119788045995,0.0002453739944030531,0.0
40,22,OMP,optimized,0.001503343999502249,0.00012853299995185807,5.253899871604517e-05,0.0006646519868809264,0.00021066200497443788,0.00029235099646029994
40,23,OMP,baseline,0.004577157000312582,0.00016852200496941805,0.00025110198839684017,0.002358402001846116,0.0002357620105613023,0.0
40,23,OMP,optimized,0.0018094339975505136,0.00015680900469305925,5.0707010814221576e-05,0.0008688390153110959,0.00023875599799794145,0.00032553300115978345
40,24,OMP,baseline,0.004636754001694499,0.00015055300536914729,0.0002520120106055401,0.0023774629989929963,0.0002909720133175142,0.0
40,24,OMP,optimized,0.0015897379998932593,0.00012125500143156387,4.522097879089415e-05,0.0007480509993911255,0.00021348301015677862,0.0003000129836436827
40,25,OMP,baseline,0.004580033997626742,0.00017002000458887778,0.00023927899746922776,0.002361787985137198,0.00023847599368309602,0.0
40,25,OMP,optimized,0.0016227500018430874,0.00013780201334157027,5.701699046767317e-05,0.0006755439935659524,0.0002759169910859782,0.0002911900155595504
40,26,OMP,baseline,0.005179449002753245,0.00015373400310636498,0.0002426770079182461,0.002828168995620217,0.0002456469774188008,0.0
40,26,OMP,optimized,0.0016563520002819132,0.00012198200056445785,4.5332992158364505e-05,0.0008032459954847582,0.00021978599761496298,0.00031161599326878786
40,27,OMP,baseline,0.004726635001134127,0.00017764301446732134,0.00024189999749069102,0.002444298006594181,0.00025525401360937394,0.0
40,27,OMP,optimized,0.0014781210011278745,0.00013503899390343577,4.216600427753292e-05,0.0006669789872830734,0.00020030100859003142,0.000279968990071211
40,28,OMP,baseline,0.004892507000477053,0.00016448599490104243,0.0002700020013435278,0.002470567989803385,0.0002481720039213542,0.0
40,28,OMP,optimized,0.0016630119971523527,0.0001390189972880762,5.4817010095575824e-05,0.00072660599835217,0.00024051000946201384,0.0003345240002090577
40,29,OMP,baseline,0.004894298999715829,0.00017321499035460874,0.00024429798941127956,0.0025390390037500765,0.0002846169954864308,0.0
40,29,OMP,optimized,0.0015228659976855852,0.00015355201321654022,4.574700506054796e-05,0.0006680330152448732,0.0002019749881583266,0.00028715999724227004
